# fmn API schema — the EXTRACTED layer (fm-vn6, plan §16.2)
# generated from 3b1b/manim @ 6199a00d4c1b1127ebe45cb629c3f22538b10e13
# by scripts/gen_api_schema.py — regenerate, never hand-edit
#
# The authored layer (canonical names for C-9 typos, semantic status,
# Rust bindings) lives in API_OVERLAY.tsv. The effective schema is the
# two merged; fmn_conformance::schema is the reader, and every
# generator consumes the merged form.
#
# Section-tagged, tab-separated, std-parseable — no TOML/YAML/JSON
# dependency anywhere in the reader (the SUITE.lock doctrine).

[meta]
schema_version	1
reference_commit	6199a00d4c1b1127ebe45cb629c3f22538b10e13
generator	scripts/gen_api_schema.py
wildcard_exports	663

[symbols]
# module	name	kind	origin	exported	detail
manimlib	PackageNotFoundError	leaked_import	importlib.metadata	1	-
manimlib	TYPE_CHECKING	leaked_import	typing	1	-
manimlib	__version__	constant	defined	0	version('manimgl')
manimlib	version	leaked_import	importlib.metadata	1	-
manimlib.__main__	main	function	defined	0	-
manimlib.__main__	run_scenes	function	defined	0	-
manimlib.animation.animation	Animation	class	defined	1	object
manimlib.animation.animation	Animation.__init__	method	defined	0	-
manimlib.animation.animation	Animation.begin	method	defined	0	-
manimlib.animation.animation	Animation.clean_up_from_scene	method	defined	0	-
manimlib.animation.animation	Animation.copy	method	defined	0	-
manimlib.animation.animation	Animation.create_starting_mobject	method	defined	0	-
manimlib.animation.animation	Animation.finish	method	defined	0	-
manimlib.animation.animation	Animation.get_all_families_zipped	method	defined	0	-
manimlib.animation.animation	Animation.get_all_mobjects	method	defined	0	-
manimlib.animation.animation	Animation.get_all_mobjects_to_update	method	defined	0	-
manimlib.animation.animation	Animation.get_rate_func	method	defined	0	-
manimlib.animation.animation	Animation.get_run_time	method	defined	0	-
manimlib.animation.animation	Animation.get_sub_alpha	method	defined	0	-
manimlib.animation.animation	Animation.interpolate	method	defined	0	-
manimlib.animation.animation	Animation.interpolate_mobject	method	defined	0	-
manimlib.animation.animation	Animation.interpolate_submobject	method	defined	0	-
manimlib.animation.animation	Animation.is_remover	method	defined	0	-
manimlib.animation.animation	Animation.set_name	method	defined	0	-
manimlib.animation.animation	Animation.set_rate_func	method	defined	0	-
manimlib.animation.animation	Animation.set_run_time	method	defined	0	-
manimlib.animation.animation	Animation.time_spanned_alpha	method	defined	0	-
manimlib.animation.animation	Animation.update	method	defined	0	-
manimlib.animation.animation	Animation.update_mobjects	method	defined	0	-
manimlib.animation.animation	Animation.update_rate_info	method	defined	0	-
manimlib.animation.animation	DEFAULT_ANIMATION_LAG_RATIO	constant	defined	1	0
manimlib.animation.animation	DEFAULT_ANIMATION_RUN_TIME	constant	defined	1	1.0
manimlib.animation.animation	annotations	leaked_import	__future__	1	-
manimlib.animation.animation	deepcopy	leaked_import	copy	1	-
manimlib.animation.animation	prepare_animation	function	defined	1	-
manimlib.animation.composition	AnimationGroup	class	defined	1	Animation
manimlib.animation.composition	AnimationGroup.__init__	method	defined	0	-
manimlib.animation.composition	AnimationGroup.begin	method	defined	0	-
manimlib.animation.composition	AnimationGroup.build_animations_with_timings	method	defined	0	-
manimlib.animation.composition	AnimationGroup.calculate_max_end_time	method	defined	0	-
manimlib.animation.composition	AnimationGroup.clean_up_from_scene	method	defined	0	-
manimlib.animation.composition	AnimationGroup.finish	method	defined	0	-
manimlib.animation.composition	AnimationGroup.get_all_mobjects	method	defined	0	-
manimlib.animation.composition	AnimationGroup.interpolate	method	defined	0	-
manimlib.animation.composition	AnimationGroup.update_mobjects	method	defined	0	-
manimlib.animation.composition	AnimationType	constant	defined	1	Union[Animation, _AnimationBuilder]
manimlib.animation.composition	DEFAULT_LAGGED_START_LAG_RATIO	constant	defined	1	0.05
manimlib.animation.composition	Iterable	leaked_import	typing	1	-
manimlib.animation.composition	LaggedStart	class	defined	1	AnimationGroup
manimlib.animation.composition	LaggedStart.__init__	method	defined	0	-
manimlib.animation.composition	LaggedStartMap	class	defined	1	LaggedStart
manimlib.animation.composition	LaggedStartMap.__init__	method	defined	0	-
manimlib.animation.composition	Succession	class	defined	1	AnimationGroup
manimlib.animation.composition	Succession.__init__	method	defined	0	-
manimlib.animation.composition	Succession.begin	method	defined	0	-
manimlib.animation.composition	Succession.finish	method	defined	0	-
manimlib.animation.composition	Succession.interpolate	method	defined	0	-
manimlib.animation.composition	Succession.update_mobjects	method	defined	0	-
manimlib.animation.creation	ABC	leaked_import	abc	1	-
manimlib.animation.creation	AddTextWordByWord	class	defined	1	ShowIncreasingSubsets
manimlib.animation.creation	AddTextWordByWord.__init__	method	defined	0	-
manimlib.animation.creation	AddTextWordByWord.clean_up_from_scene	method	defined	0	-
manimlib.animation.creation	DrawBorderThenFill	class	defined	1	Animation
manimlib.animation.creation	DrawBorderThenFill.__init__	method	defined	0	-
manimlib.animation.creation	DrawBorderThenFill.begin	method	defined	0	-
manimlib.animation.creation	DrawBorderThenFill.finish	method	defined	0	-
manimlib.animation.creation	DrawBorderThenFill.get_all_mobjects	method	defined	0	-
manimlib.animation.creation	DrawBorderThenFill.get_outline	method	defined	0	-
manimlib.animation.creation	DrawBorderThenFill.interpolate_submobject	method	defined	0	-
manimlib.animation.creation	ShowCreation	class	defined	1	ShowPartial
manimlib.animation.creation	ShowCreation.__init__	method	defined	0	-
manimlib.animation.creation	ShowCreation.get_bounds	method	defined	0	-
manimlib.animation.creation	ShowIncreasingSubsets	class	defined	1	Animation
manimlib.animation.creation	ShowIncreasingSubsets.__init__	method	defined	0	-
manimlib.animation.creation	ShowIncreasingSubsets.interpolate_mobject	method	defined	0	-
manimlib.animation.creation	ShowIncreasingSubsets.update_submobject_list	method	defined	0	-
manimlib.animation.creation	ShowPartial	class	defined	1	Animation,ABC
manimlib.animation.creation	ShowPartial.__init__	method	defined	0	-
manimlib.animation.creation	ShowPartial.get_bounds	method	defined	0	-
manimlib.animation.creation	ShowPartial.interpolate_submobject	method	defined	0	-
manimlib.animation.creation	ShowSubmobjectsOneByOne	class	defined	1	ShowIncreasingSubsets
manimlib.animation.creation	ShowSubmobjectsOneByOne.__init__	method	defined	0	-
manimlib.animation.creation	ShowSubmobjectsOneByOne.update_submobject_list	method	defined	0	-
manimlib.animation.creation	Uncreate	class	defined	1	ShowCreation
manimlib.animation.creation	Uncreate.__init__	method	defined	0	-
manimlib.animation.creation	Write	class	defined	1	DrawBorderThenFill
manimlib.animation.creation	Write.__init__	method	defined	0	-
manimlib.animation.creation	Write.compute_lag_ratio	method	defined	0	-
manimlib.animation.creation	Write.compute_run_time	method	defined	0	-
manimlib.animation.creation	abstractmethod	leaked_import	abc	1	-
manimlib.animation.creation	np	leaked_import	numpy	1	-
manimlib.animation.fading	Fade	class	defined	1	Transform
manimlib.animation.fading	Fade.__init__	method	defined	0	-
manimlib.animation.fading	FadeIn	class	defined	1	Fade
manimlib.animation.fading	FadeIn.create_starting_mobject	method	defined	0	-
manimlib.animation.fading	FadeIn.create_target	method	defined	0	-
manimlib.animation.fading	FadeInFromPoint	class	defined	1	FadeIn
manimlib.animation.fading	FadeInFromPoint.__init__	method	defined	0	-
manimlib.animation.fading	FadeOut	class	defined	1	Fade
manimlib.animation.fading	FadeOut.__init__	method	defined	0	-
manimlib.animation.fading	FadeOut.create_target	method	defined	0	-
manimlib.animation.fading	FadeOutToPoint	class	defined	1	FadeOut
manimlib.animation.fading	FadeOutToPoint.__init__	method	defined	0	-
manimlib.animation.fading	FadeTransform	class	defined	1	Transform
manimlib.animation.fading	FadeTransform.__init__	method	defined	0	-
manimlib.animation.fading	FadeTransform.begin	method	defined	0	-
manimlib.animation.fading	FadeTransform.clean_up_from_scene	method	defined	0	-
manimlib.animation.fading	FadeTransform.get_all_families_zipped	method	defined	0	-
manimlib.animation.fading	FadeTransform.get_all_mobjects	method	defined	0	-
manimlib.animation.fading	FadeTransform.ghost_to	method	defined	0	-
manimlib.animation.fading	FadeTransformPieces	class	defined	1	FadeTransform
manimlib.animation.fading	FadeTransformPieces.begin	method	defined	0	-
manimlib.animation.fading	FadeTransformPieces.ghost_to	method	defined	0	-
manimlib.animation.fading	VFadeIn	class	defined	1	Animation
manimlib.animation.fading	VFadeIn.__init__	method	defined	0	-
manimlib.animation.fading	VFadeIn.interpolate_submobject	method	defined	0	-
manimlib.animation.fading	VFadeInThenOut	class	defined	1	VFadeIn
manimlib.animation.fading	VFadeInThenOut.__init__	method	defined	0	-
manimlib.animation.fading	VFadeOut	class	defined	1	VFadeIn
manimlib.animation.fading	VFadeOut.__init__	method	defined	0	-
manimlib.animation.fading	VFadeOut.interpolate_submobject	method	defined	0	-
manimlib.animation.growing	GrowArrow	class	defined	1	GrowFromPoint
manimlib.animation.growing	GrowArrow.__init__	method	defined	0	-
manimlib.animation.growing	GrowFromCenter	class	defined	1	GrowFromPoint
manimlib.animation.growing	GrowFromCenter.__init__	method	defined	0	-
manimlib.animation.growing	GrowFromEdge	class	defined	1	GrowFromPoint
manimlib.animation.growing	GrowFromEdge.__init__	method	defined	0	-
manimlib.animation.growing	GrowFromPoint	class	defined	1	Transform
manimlib.animation.growing	GrowFromPoint.__init__	method	defined	0	-
manimlib.animation.growing	GrowFromPoint.create_starting_mobject	method	defined	0	-
manimlib.animation.growing	GrowFromPoint.create_target	method	defined	0	-
manimlib.animation.indication	AnimationOnSurroundingRectangle	class	defined	1	AnimationGroup
manimlib.animation.indication	AnimationOnSurroundingRectangle.RectAnimationType	attribute	defined	0	Animation
manimlib.animation.indication	AnimationOnSurroundingRectangle.__init__	method	defined	0	-
manimlib.animation.indication	ApplyWave	class	defined	1	Homotopy
manimlib.animation.indication	ApplyWave.__init__	method	defined	0	-
manimlib.animation.indication	CircleIndicate	class	defined	1	Transform
manimlib.animation.indication	CircleIndicate.__init__	method	defined	0	-
manimlib.animation.indication	Flash	class	defined	1	AnimationGroup
manimlib.animation.indication	Flash.__init__	method	defined	0	-
manimlib.animation.indication	Flash.create_line_anims	method	defined	0	-
manimlib.animation.indication	Flash.create_lines	method	defined	0	-
manimlib.animation.indication	FlashAround	class	defined	1	VShowPassingFlash
manimlib.animation.indication	FlashAround.__init__	method	defined	0	-
manimlib.animation.indication	FlashAround.get_path	method	defined	0	-
manimlib.animation.indication	FlashUnder	class	defined	1	FlashAround
manimlib.animation.indication	FlashUnder.get_path	method	defined	0	-
manimlib.animation.indication	FlashyFadeIn	class	defined	1	AnimationGroup
manimlib.animation.indication	FlashyFadeIn.__init__	method	defined	0	-
manimlib.animation.indication	FocusOn	class	defined	1	Transform
manimlib.animation.indication	FocusOn.__init__	method	defined	0	-
manimlib.animation.indication	FocusOn.create_starting_mobject	method	defined	0	-
manimlib.animation.indication	FocusOn.create_target	method	defined	0	-
manimlib.animation.indication	Indicate	class	defined	1	Transform
manimlib.animation.indication	Indicate.__init__	method	defined	0	-
manimlib.animation.indication	Indicate.create_target	method	defined	0	-
manimlib.animation.indication	ShowCreationThenDestruction	class	defined	1	ShowPassingFlash
manimlib.animation.indication	ShowCreationThenDestruction.__init__	method	defined	0	-
manimlib.animation.indication	ShowCreationThenDestructionAround	class	defined	1	AnimationOnSurroundingRectangle
manimlib.animation.indication	ShowCreationThenDestructionAround.RectAnimationType	attribute	defined	0	ShowCreationThenDestruction
manimlib.animation.indication	ShowCreationThenFadeAround	class	defined	1	AnimationOnSurroundingRectangle
manimlib.animation.indication	ShowCreationThenFadeAround.RectAnimationType	attribute	defined	0	ShowCreationThenFadeOut
manimlib.animation.indication	ShowCreationThenFadeOut	class	defined	1	Succession
manimlib.animation.indication	ShowCreationThenFadeOut.__init__	method	defined	0	-
manimlib.animation.indication	ShowPassingFlash	class	defined	1	ShowPartial
manimlib.animation.indication	ShowPassingFlash.__init__	method	defined	0	-
manimlib.animation.indication	ShowPassingFlash.finish	method	defined	0	-
manimlib.animation.indication	ShowPassingFlash.get_bounds	method	defined	0	-
manimlib.animation.indication	ShowPassingFlashAround	class	defined	1	AnimationOnSurroundingRectangle
manimlib.animation.indication	ShowPassingFlashAround.RectAnimationType	attribute	defined	0	ShowPassingFlash
manimlib.animation.indication	TurnInsideOut	class	defined	1	Transform
manimlib.animation.indication	TurnInsideOut.__init__	method	defined	0	-
manimlib.animation.indication	TurnInsideOut.create_target	method	defined	0	-
manimlib.animation.indication	VShowPassingFlash	class	defined	1	Animation
manimlib.animation.indication	VShowPassingFlash.__init__	method	defined	0	-
manimlib.animation.indication	VShowPassingFlash.begin	method	defined	0	-
manimlib.animation.indication	VShowPassingFlash.finish	method	defined	0	-
manimlib.animation.indication	VShowPassingFlash.interpolate_submobject	method	defined	0	-
manimlib.animation.indication	VShowPassingFlash.taper_kernel	method	defined	0	-
manimlib.animation.indication	WiggleOutThenIn	class	defined	1	Animation
manimlib.animation.indication	WiggleOutThenIn.__init__	method	defined	0	-
manimlib.animation.indication	WiggleOutThenIn.get_rotate_about_point	method	defined	0	-
manimlib.animation.indication	WiggleOutThenIn.get_scale_about_point	method	defined	0	-
manimlib.animation.indication	WiggleOutThenIn.interpolate_submobject	method	defined	0	-
manimlib.animation.movement	ComplexHomotopy	class	defined	1	Homotopy
manimlib.animation.movement	ComplexHomotopy.__init__	method	defined	0	-
manimlib.animation.movement	Homotopy	class	defined	1	Animation
manimlib.animation.movement	Homotopy.__init__	method	defined	0	-
manimlib.animation.movement	Homotopy.apply_function_config	attribute	defined	0	dict()
manimlib.animation.movement	Homotopy.function_at_time_t	method	defined	0	-
manimlib.animation.movement	Homotopy.interpolate_submobject	method	defined	0	-
manimlib.animation.movement	MoveAlongPath	class	defined	1	Animation
manimlib.animation.movement	MoveAlongPath.__init__	method	defined	0	-
manimlib.animation.movement	MoveAlongPath.interpolate_mobject	method	defined	0	-
manimlib.animation.movement	PhaseFlow	class	defined	1	Animation
manimlib.animation.movement	PhaseFlow.__init__	method	defined	0	-
manimlib.animation.movement	PhaseFlow.interpolate_mobject	method	defined	0	-
manimlib.animation.movement	SmoothedVectorizedHomotopy	class	defined	1	Homotopy
manimlib.animation.movement	SmoothedVectorizedHomotopy.apply_function_config	attribute	defined	0	dict(make_smooth=True)
manimlib.animation.numbers	ChangeDecimalToValue	class	defined	1	ChangingDecimal
manimlib.animation.numbers	ChangeDecimalToValue.__init__	method	defined	0	-
manimlib.animation.numbers	ChangingDecimal	class	defined	1	Animation
manimlib.animation.numbers	ChangingDecimal.__init__	method	defined	0	-
manimlib.animation.numbers	ChangingDecimal.interpolate_mobject	method	defined	0	-
manimlib.animation.numbers	CountInFrom	class	defined	1	ChangingDecimal
manimlib.animation.numbers	CountInFrom.__init__	method	defined	0	-
manimlib.animation.rotation	Rotate	class	defined	1	Rotating
manimlib.animation.rotation	Rotate.__init__	method	defined	0	-
manimlib.animation.rotation	Rotating	class	defined	1	Animation
manimlib.animation.rotation	Rotating.__init__	method	defined	0	-
manimlib.animation.rotation	Rotating.interpolate_mobject	method	defined	0	-
manimlib.animation.specialized	Broadcast	class	defined	1	LaggedStart
manimlib.animation.specialized	Broadcast.__init__	method	defined	0	-
manimlib.animation.transform	ApplyComplexFunction	class	defined	1	ApplyMethod
manimlib.animation.transform	ApplyComplexFunction.__init__	method	defined	0	-
manimlib.animation.transform	ApplyComplexFunction.init_path_func	method	defined	0	-
manimlib.animation.transform	ApplyFunction	class	defined	1	Transform
manimlib.animation.transform	ApplyFunction.__init__	method	defined	0	-
manimlib.animation.transform	ApplyFunction.create_target	method	defined	0	-
manimlib.animation.transform	ApplyMatrix	class	defined	1	ApplyPointwiseFunction
manimlib.animation.transform	ApplyMatrix.__init__	method	defined	0	-
manimlib.animation.transform	ApplyMatrix.initialize_matrix	method	defined	0	-
manimlib.animation.transform	ApplyMethod	class	defined	1	Transform
manimlib.animation.transform	ApplyMethod.__init__	method	defined	0	-
manimlib.animation.transform	ApplyMethod.check_validity_of_input	method	defined	0	-
manimlib.animation.transform	ApplyMethod.create_target	method	defined	0	-
manimlib.animation.transform	ApplyPointwiseFunction	class	defined	1	ApplyMethod
manimlib.animation.transform	ApplyPointwiseFunction.__init__	method	defined	0	-
manimlib.animation.transform	ApplyPointwiseFunctionToCenter	class	defined	1	Transform
manimlib.animation.transform	ApplyPointwiseFunctionToCenter.__init__	method	defined	0	-
manimlib.animation.transform	ApplyPointwiseFunctionToCenter.create_target	method	defined	0	-
manimlib.animation.transform	CyclicReplace	class	defined	1	Transform
manimlib.animation.transform	CyclicReplace.__init__	method	defined	0	-
manimlib.animation.transform	CyclicReplace.create_target	method	defined	0	-
manimlib.animation.transform	FadeToColor	class	defined	1	ApplyMethod
manimlib.animation.transform	FadeToColor.__init__	method	defined	0	-
manimlib.animation.transform	MoveToTarget	class	defined	1	Transform
manimlib.animation.transform	MoveToTarget.__init__	method	defined	0	-
manimlib.animation.transform	MoveToTarget.check_validity_of_input	method	defined	0	-
manimlib.animation.transform	ReplacementTransform	class	defined	1	Transform
manimlib.animation.transform	ReplacementTransform.replace_mobject_with_target_in_scene	attribute	defined	0	True
manimlib.animation.transform	Restore	class	defined	1	Transform
manimlib.animation.transform	Restore.__init__	method	defined	0	-
manimlib.animation.transform	ScaleInPlace	class	defined	1	ApplyMethod
manimlib.animation.transform	ScaleInPlace.__init__	method	defined	0	-
manimlib.animation.transform	ShrinkToCenter	class	defined	1	ScaleInPlace
manimlib.animation.transform	ShrinkToCenter.__init__	method	defined	0	-
manimlib.animation.transform	Swap	class	defined	1	CyclicReplace
manimlib.animation.transform	Transform	class	defined	1	Animation
manimlib.animation.transform	Transform.__init__	method	defined	0	-
manimlib.animation.transform	Transform.begin	method	defined	0	-
manimlib.animation.transform	Transform.check_target_mobject_validity	method	defined	0	-
manimlib.animation.transform	Transform.clean_up_from_scene	method	defined	0	-
manimlib.animation.transform	Transform.create_target	method	defined	0	-
manimlib.animation.transform	Transform.finish	method	defined	0	-
manimlib.animation.transform	Transform.get_all_families_zipped	method	defined	0	-
manimlib.animation.transform	Transform.get_all_mobjects	method	defined	0	-
manimlib.animation.transform	Transform.init_path_func	method	defined	0	-
manimlib.animation.transform	Transform.interpolate_submobject	method	defined	0	-
manimlib.animation.transform	Transform.replace_mobject_with_target_in_scene	attribute	defined	0	False
manimlib.animation.transform	Transform.update_config	method	defined	0	-
manimlib.animation.transform	TransformFromCopy	class	defined	1	Transform
manimlib.animation.transform	TransformFromCopy.__init__	method	defined	0	-
manimlib.animation.transform	TransformFromCopy.replace_mobject_with_target_in_scene	attribute	defined	0	True
manimlib.animation.transform	_MethodAnimation	class	defined	0	MoveToTarget
manimlib.animation.transform	_MethodAnimation.__init__	method	defined	0	-
manimlib.animation.transform	inspect	leaked_import	inspect	1	-
manimlib.animation.transform_matching_parts	SequenceMatcher	leaked_import	difflib	1	-
manimlib.animation.transform_matching_parts	TransformMatchingParts	class	defined	1	AnimationGroup
manimlib.animation.transform_matching_parts	TransformMatchingParts.__init__	method	defined	0	-
manimlib.animation.transform_matching_parts	TransformMatchingParts.add_transform	method	defined	0	-
manimlib.animation.transform_matching_parts	TransformMatchingParts.clean_up_from_scene	method	defined	0	-
manimlib.animation.transform_matching_parts	TransformMatchingParts.find_pairs_with_matching_shapes	method	defined	0	-
manimlib.animation.transform_matching_parts	TransformMatchingShapes	class	defined	1	TransformMatchingParts
manimlib.animation.transform_matching_parts	TransformMatchingStrings	class	defined	1	TransformMatchingParts
manimlib.animation.transform_matching_parts	TransformMatchingStrings.__init__	method	defined	0	-
manimlib.animation.transform_matching_parts	TransformMatchingStrings.matching_blocks	method	defined	0	-
manimlib.animation.transform_matching_parts	TransformMatchingTex	class	defined	1	TransformMatchingStrings
manimlib.animation.transform_matching_parts	it	leaked_import	itertools	1	-
manimlib.animation.update	MaintainPositionRelativeTo	class	defined	1	Animation
manimlib.animation.update	MaintainPositionRelativeTo.__init__	method	defined	0	-
manimlib.animation.update	MaintainPositionRelativeTo.interpolate_mobject	method	defined	0	-
manimlib.animation.update	UpdateFromAlphaFunc	class	defined	1	Animation
manimlib.animation.update	UpdateFromAlphaFunc.__init__	method	defined	0	-
manimlib.animation.update	UpdateFromAlphaFunc.interpolate_mobject	method	defined	0	-
manimlib.animation.update	UpdateFromFunc	class	defined	1	Animation
manimlib.animation.update	UpdateFromFunc.__init__	method	defined	0	-
manimlib.animation.update	UpdateFromFunc.interpolate_mobject	method	defined	0	-
manimlib.camera.camera	Camera	class	defined	1	object
manimlib.camera.camera	Camera.__init__	method	defined	0	-
manimlib.camera.camera	Camera.blit	method	defined	0	-
manimlib.camera.camera	Camera.capture	method	defined	0	-
manimlib.camera.camera	Camera.clear	method	defined	0	-
manimlib.camera.camera	Camera.get_aspect_ratio	method	defined	0	-
manimlib.camera.camera	Camera.get_fbo	method	defined	0	-
manimlib.camera.camera	Camera.get_frame_center	method	defined	0	-
manimlib.camera.camera	Camera.get_frame_height	method	defined	0	-
manimlib.camera.camera	Camera.get_frame_shape	method	defined	0	-
manimlib.camera.camera	Camera.get_frame_width	method	defined	0	-
manimlib.camera.camera	Camera.get_image	method	defined	0	-
manimlib.camera.camera	Camera.get_location	method	defined	0	-
manimlib.camera.camera	Camera.get_pixel_array	method	defined	0	-
manimlib.camera.camera	Camera.get_pixel_height	method	defined	0	-
manimlib.camera.camera	Camera.get_pixel_shape	method	defined	0	-
manimlib.camera.camera	Camera.get_pixel_size	method	defined	0	-
manimlib.camera.camera	Camera.get_pixel_width	method	defined	0	-
manimlib.camera.camera	Camera.get_raw_fbo_data	method	defined	0	-
manimlib.camera.camera	Camera.get_texture	method	defined	0	-
manimlib.camera.camera	Camera.init_context	method	defined	0	-
manimlib.camera.camera	Camera.init_fbo	method	defined	0	-
manimlib.camera.camera	Camera.init_frame	method	defined	0	-
manimlib.camera.camera	Camera.init_light_source	method	defined	0	-
manimlib.camera.camera	Camera.refresh_uniforms	method	defined	0	-
manimlib.camera.camera	Camera.resize_frame_shape	method	defined	0	-
manimlib.camera.camera	Camera.use_window_fbo	method	defined	0	-
manimlib.camera.camera	Image	leaked_import	PIL	1	-
manimlib.camera.camera	ThreeDCamera	class	defined	1	Camera
manimlib.camera.camera	ThreeDCamera.__init__	method	defined	0	-
manimlib.camera.camera	gl	leaked_import	OpenGL.GL	1	-
manimlib.camera.camera	moderngl	leaked_import	moderngl	1	-
manimlib.camera.camera_frame	CameraFrame	class	defined	1	Mobject
manimlib.camera.camera_frame	CameraFrame.__init__	method	defined	0	-
manimlib.camera.camera_frame	CameraFrame.add_ambient_rotation	method	defined	0	-
manimlib.camera.camera_frame	CameraFrame.from_fixed_frame_point	method	defined	0	-
manimlib.camera.camera_frame	CameraFrame.get_aspect_ratio	method	defined	0	-
manimlib.camera.camera_frame	CameraFrame.get_center	method	defined	0	-
manimlib.camera.camera_frame	CameraFrame.get_euler_angles	method	defined	0	-
manimlib.camera.camera_frame	CameraFrame.get_field_of_view	method	defined	0	-
manimlib.camera.camera_frame	CameraFrame.get_focal_distance	method	defined	0	-
manimlib.camera.camera_frame	CameraFrame.get_gamma	method	defined	0	-
manimlib.camera.camera_frame	CameraFrame.get_height	method	defined	0	-
manimlib.camera.camera_frame	CameraFrame.get_implied_camera_location	method	defined	0	-
manimlib.camera.camera_frame	CameraFrame.get_inv_view_matrix	method	defined	0	-
manimlib.camera.camera_frame	CameraFrame.get_inverse_camera_rotation_matrix	method	defined	0	-
manimlib.camera.camera_frame	CameraFrame.get_orientation	method	defined	0	-
manimlib.camera.camera_frame	CameraFrame.get_phi	method	defined	0	-
manimlib.camera.camera_frame	CameraFrame.get_scale	method	defined	0	-
manimlib.camera.camera_frame	CameraFrame.get_shape	method	defined	0	-
manimlib.camera.camera_frame	CameraFrame.get_theta	method	defined	0	-
manimlib.camera.camera_frame	CameraFrame.get_view_matrix	method	defined	0	-
manimlib.camera.camera_frame	CameraFrame.get_width	method	defined	0	-
manimlib.camera.camera_frame	CameraFrame.increment_euler_angles	method	defined	0	-
manimlib.camera.camera_frame	CameraFrame.increment_gamma	method	defined	0	-
manimlib.camera.camera_frame	CameraFrame.increment_phi	method	defined	0	-
manimlib.camera.camera_frame	CameraFrame.increment_theta	method	defined	0	-
manimlib.camera.camera_frame	CameraFrame.interpolate	method	defined	0	-
manimlib.camera.camera_frame	CameraFrame.make_orientation_default	method	defined	0	-
manimlib.camera.camera_frame	CameraFrame.reorient	method	defined	0	-
manimlib.camera.camera_frame	CameraFrame.rotate	method	defined	0	-
manimlib.camera.camera_frame	CameraFrame.set_euler_angles	method	defined	0	-
manimlib.camera.camera_frame	CameraFrame.set_euler_axes	method	defined	0	-
manimlib.camera.camera_frame	CameraFrame.set_field_of_view	method	defined	0	-
manimlib.camera.camera_frame	CameraFrame.set_focal_distance	method	defined	0	-
manimlib.camera.camera_frame	CameraFrame.set_gamma	method	defined	0	-
manimlib.camera.camera_frame	CameraFrame.set_orientation	method	defined	0	-
manimlib.camera.camera_frame	CameraFrame.set_phi	method	defined	0	-
manimlib.camera.camera_frame	CameraFrame.set_theta	method	defined	0	-
manimlib.camera.camera_frame	CameraFrame.to_default_state	method	defined	0	-
manimlib.camera.camera_frame	CameraFrame.to_fixed_frame_point	method	defined	0	-
manimlib.config	get_animations_numbers	function	defined	0	-
manimlib.config	get_file_ext	function	defined	0	-
manimlib.config	get_manim_dir	function	defined	1	-
manimlib.config	get_output_directory	function	defined	0	-
manimlib.config	get_resolution_from_args	function	defined	0	-
manimlib.config	initialize_manim_config	function	defined	0	-
manimlib.config	load_yaml	function	defined	0	-
manimlib.config	manim_config	constant	defined	1	initialize_manim_config()
manimlib.config	parse_cli	function	defined	0	-
manimlib.config	update_camera_config	function	defined	0	-
manimlib.config	update_directory_config	function	defined	0	-
manimlib.config	update_embed_config	function	defined	0	-
manimlib.config	update_file_writer_config	function	defined	0	-
manimlib.config	update_run_config	function	defined	0	-
manimlib.config	update_scene_config	function	defined	0	-
manimlib.config	update_window_config	function	defined	0	-
manimlib.constants	ASPECT_RATIO	constant	defined	1	DEFAULT_PIXEL_WIDTH / DEFAULT_PIXEL_HEIGHT
manimlib.constants	BLACK	constant	defined	1	manim_config.colors.black
manimlib.constants	BLUE	constant	defined	1	BLUE_C
manimlib.constants	BLUE_A	constant	defined	1	manim_config.colors.blue_a
manimlib.constants	BLUE_B	constant	defined	1	manim_config.colors.blue_b
manimlib.constants	BLUE_C	constant	defined	1	manim_config.colors.blue_c
manimlib.constants	BLUE_D	constant	defined	1	manim_config.colors.blue_d
manimlib.constants	BLUE_E	constant	defined	1	manim_config.colors.blue_e
manimlib.constants	BOLD	constant	defined	1	'BOLD'
manimlib.constants	BOTTOM	constant	defined	1	FRAME_Y_RADIUS * DOWN
manimlib.constants	COLORMAP_3B1B	constant	defined	1	[BLUE_E, GREEN, YELLOW, RED]
manimlib.constants	DARK_BROWN	constant	defined	1	manim_config.colors.dark_brown
manimlib.constants	DEFAULT_LIGHT_COLOR	constant	defined	1	manim_config.mobject.default_light_color or GREY_B
manimlib.constants	DEFAULT_MOBJECT_COLOR	constant	defined	1	manim_config.mobject.default_mobject_color or WHITE
manimlib.constants	DEFAULT_MOBJECT_TO_EDGE_BUFF	constant	defined	1	manim_config.sizes.default_mobject_to_edge_buff
manimlib.constants	DEFAULT_MOBJECT_TO_MOBJECT_BUFF	constant	defined	1	manim_config.sizes.default_mobject_to_mobject_buff
manimlib.constants	DEFAULT_PIXEL_HEIGHT	constant	defined	1	DEFAULT_RESOLUTION[1]
manimlib.constants	DEFAULT_PIXEL_WIDTH	constant	defined	1	DEFAULT_RESOLUTION[0]
manimlib.constants	DEFAULT_RESOLUTION	constant	defined	1	manim_config.camera.resolution
manimlib.constants	DEFAULT_STROKE_WIDTH	constant	defined	1	manim_config.vmobject.default_stroke_width
manimlib.constants	DEFAULT_VMOBJECT_FILL_COLOR	constant	defined	1	manim_config.vmobject.default_fill_color or GREY_C
manimlib.constants	DEFAULT_VMOBJECT_STROKE_COLOR	constant	defined	1	manim_config.vmobject.default_stroke_color or GREY_A
manimlib.constants	DEG	constant	defined	1	TAU / 360
manimlib.constants	DEGREES	constant	defined	1	DEG
manimlib.constants	DL	constant	defined	1	DOWN + LEFT
manimlib.constants	DOWN	constant	defined	1	np.array([0.0, -1.0, 0.0])
manimlib.constants	DR	constant	defined	1	DOWN + RIGHT
manimlib.constants	FRAME_HEIGHT	constant	defined	1	manim_config.sizes.frame_height
manimlib.constants	FRAME_SHAPE	constant	defined	1	(FRAME_WIDTH, FRAME_HEIGHT)
manimlib.constants	FRAME_WIDTH	constant	defined	1	FRAME_HEIGHT * ASPECT_RATIO
manimlib.constants	FRAME_X_RADIUS	constant	defined	1	FRAME_WIDTH / 2
manimlib.constants	FRAME_Y_RADIUS	constant	defined	1	FRAME_HEIGHT / 2
manimlib.constants	GOLD	constant	defined	1	GOLD_C
manimlib.constants	GOLD_A	constant	defined	1	manim_config.colors.gold_a
manimlib.constants	GOLD_B	constant	defined	1	manim_config.colors.gold_b
manimlib.constants	GOLD_C	constant	defined	1	manim_config.colors.gold_c
manimlib.constants	GOLD_D	constant	defined	1	manim_config.colors.gold_d
manimlib.constants	GOLD_E	constant	defined	1	manim_config.colors.gold_e
manimlib.constants	GREEN	constant	defined	1	GREEN_C
manimlib.constants	GREEN_A	constant	defined	1	manim_config.colors.green_a
manimlib.constants	GREEN_B	constant	defined	1	manim_config.colors.green_b
manimlib.constants	GREEN_C	constant	defined	1	manim_config.colors.green_c
manimlib.constants	GREEN_D	constant	defined	1	manim_config.colors.green_d
manimlib.constants	GREEN_E	constant	defined	1	manim_config.colors.green_e
manimlib.constants	GREEN_SCREEN	constant	defined	1	manim_config.colors.green_screen
manimlib.constants	GREY	constant	defined	1	GREY_C
manimlib.constants	GREY_A	constant	defined	1	manim_config.colors.grey_a
manimlib.constants	GREY_B	constant	defined	1	manim_config.colors.grey_b
manimlib.constants	GREY_BROWN	constant	defined	1	manim_config.colors.grey_brown
manimlib.constants	GREY_C	constant	defined	1	manim_config.colors.grey_c
manimlib.constants	GREY_D	constant	defined	1	manim_config.colors.grey_d
manimlib.constants	GREY_E	constant	defined	1	manim_config.colors.grey_e
manimlib.constants	IN	constant	defined	1	np.array([0.0, 0.0, -1.0])
manimlib.constants	ITALIC	constant	defined	1	'ITALIC'
manimlib.constants	LARGE_BUFF	constant	defined	1	manim_config.sizes.large_buff
manimlib.constants	LEFT	constant	defined	1	np.array([-1.0, 0.0, 0.0])
manimlib.constants	LEFT_SIDE	constant	defined	1	FRAME_X_RADIUS * LEFT
manimlib.constants	LIGHT_BROWN	constant	defined	1	manim_config.colors.light_brown
manimlib.constants	LIGHT_PINK	constant	defined	1	manim_config.colors.light_pink
manimlib.constants	MANIM_COLORS	constant	defined	1	list(manim_config.colors.values())
manimlib.constants	MAROON	constant	defined	1	MAROON_C
manimlib.constants	MAROON_A	constant	defined	1	manim_config.colors.maroon_a
manimlib.constants	MAROON_B	constant	defined	1	manim_config.colors.maroon_b
manimlib.constants	MAROON_C	constant	defined	1	manim_config.colors.maroon_c
manimlib.constants	MAROON_D	constant	defined	1	manim_config.colors.maroon_d
manimlib.constants	MAROON_E	constant	defined	1	manim_config.colors.maroon_e
manimlib.constants	MED_LARGE_BUFF	constant	defined	1	manim_config.sizes.med_large_buff
manimlib.constants	MED_SMALL_BUFF	constant	defined	1	manim_config.sizes.med_small_buff
manimlib.constants	NORMAL	constant	defined	1	'NORMAL'
manimlib.constants	NULL_POINTS	constant	defined	1	np.array([[0.0, 0.0, 0.0]])
manimlib.constants	OBLIQUE	constant	defined	1	'OBLIQUE'
manimlib.constants	ORANGE	constant	defined	1	manim_config.colors.orange
manimlib.constants	ORIGIN	constant	defined	1	np.array([0.0, 0.0, 0.0])
manimlib.constants	OUT	constant	defined	1	np.array([0.0, 0.0, 1.0])
manimlib.constants	PI	constant	defined	1	np.pi
manimlib.constants	PINK	constant	defined	1	manim_config.colors.pink
manimlib.constants	PURE_BLUE	constant	defined	1	manim_config.colors.pure_blue
manimlib.constants	PURE_GREEN	constant	defined	1	manim_config.colors.pure_green
manimlib.constants	PURE_RED	constant	defined	1	manim_config.colors.pure_red
manimlib.constants	PURPLE	constant	defined	1	PURPLE_C
manimlib.constants	PURPLE_A	constant	defined	1	manim_config.colors.purple_a
manimlib.constants	PURPLE_B	constant	defined	1	manim_config.colors.purple_b
manimlib.constants	PURPLE_C	constant	defined	1	manim_config.colors.purple_c
manimlib.constants	PURPLE_D	constant	defined	1	manim_config.colors.purple_d
manimlib.constants	PURPLE_E	constant	defined	1	manim_config.colors.purple_e
manimlib.constants	RADIANS	constant	defined	1	1
manimlib.constants	RED	constant	defined	1	RED_C
manimlib.constants	RED_A	constant	defined	1	manim_config.colors.red_a
manimlib.constants	RED_B	constant	defined	1	manim_config.colors.red_b
manimlib.constants	RED_C	constant	defined	1	manim_config.colors.red_c
manimlib.constants	RED_D	constant	defined	1	manim_config.colors.red_d
manimlib.constants	RED_E	constant	defined	1	manim_config.colors.red_e
manimlib.constants	RIGHT	constant	defined	1	np.array([1.0, 0.0, 0.0])
manimlib.constants	RIGHT_SIDE	constant	defined	1	FRAME_X_RADIUS * RIGHT
manimlib.constants	SMALL_BUFF	constant	defined	1	manim_config.sizes.small_buff
manimlib.constants	TAU	constant	defined	1	2 * PI
manimlib.constants	TEAL	constant	defined	1	TEAL_C
manimlib.constants	TEAL_A	constant	defined	1	manim_config.colors.teal_a
manimlib.constants	TEAL_B	constant	defined	1	manim_config.colors.teal_b
manimlib.constants	TEAL_C	constant	defined	1	manim_config.colors.teal_c
manimlib.constants	TEAL_D	constant	defined	1	manim_config.colors.teal_d
manimlib.constants	TEAL_E	constant	defined	1	manim_config.colors.teal_e
manimlib.constants	TOP	constant	defined	1	FRAME_Y_RADIUS * UP
manimlib.constants	UL	constant	defined	1	UP + LEFT
manimlib.constants	UP	constant	defined	1	np.array([0.0, 1.0, 0.0])
manimlib.constants	UR	constant	defined	1	UP + RIGHT
manimlib.constants	WHITE	constant	defined	1	manim_config.colors.white
manimlib.constants	X_AXIS	constant	defined	1	np.array([1.0, 0.0, 0.0])
manimlib.constants	YELLOW	constant	defined	1	YELLOW_C
manimlib.constants	YELLOW_A	constant	defined	1	manim_config.colors.yellow_a
manimlib.constants	YELLOW_B	constant	defined	1	manim_config.colors.yellow_b
manimlib.constants	YELLOW_C	constant	defined	1	manim_config.colors.yellow_c
manimlib.constants	YELLOW_D	constant	defined	1	manim_config.colors.yellow_d
manimlib.constants	YELLOW_E	constant	defined	1	manim_config.colors.yellow_e
manimlib.constants	Y_AXIS	constant	defined	1	np.array([0.0, 1.0, 0.0])
manimlib.constants	Z_AXIS	constant	defined	1	np.array([0.0, 0.0, 1.0])
manimlib.event_handler	EVENT_DISPATCHER	constant	defined	1	EventDispatcher()
manimlib.event_handler.event_dispatcher	EventDispatcher	class	defined	0	object
manimlib.event_handler.event_dispatcher	EventDispatcher.__init__	method	defined	0	-
manimlib.event_handler.event_dispatcher	EventDispatcher.add_listner	method	defined	0	-
manimlib.event_handler.event_dispatcher	EventDispatcher.dispatch	method	defined	0	-
manimlib.event_handler.event_dispatcher	EventDispatcher.get_listners_count	method	defined	0	-
manimlib.event_handler.event_dispatcher	EventDispatcher.get_mouse_drag_point	method	defined	0	-
manimlib.event_handler.event_dispatcher	EventDispatcher.get_mouse_point	method	defined	0	-
manimlib.event_handler.event_dispatcher	EventDispatcher.is_key_pressed	method	defined	0	-
manimlib.event_handler.event_dispatcher	EventDispatcher.remove_listner	method	defined	0	-
manimlib.event_handler.event_listner	EventListener	class	defined	1	object
manimlib.event_handler.event_listner	EventListener.__init__	method	defined	0	-
manimlib.event_handler.event_type	EventType	class	defined	1	Enum
manimlib.event_handler.event_type	EventType.KeyPressEvent	attribute	defined	0	'key_press_event'
manimlib.event_handler.event_type	EventType.KeyReleaseEvent	attribute	defined	0	'key_release_event'
manimlib.event_handler.event_type	EventType.MouseDragEvent	attribute	defined	0	'mouse_drag_event'
manimlib.event_handler.event_type	EventType.MouseMotionEvent	attribute	defined	0	'mouse_motion_event'
manimlib.event_handler.event_type	EventType.MousePressEvent	attribute	defined	0	'mouse_press_event'
manimlib.event_handler.event_type	EventType.MouseReleaseEvent	attribute	defined	0	'mouse_release_event'
manimlib.event_handler.event_type	EventType.MouseScrollEvent	attribute	defined	0	'mouse_scroll_event'
manimlib.extract_scene	BlankScene	class	defined	0	InteractiveScene
manimlib.extract_scene	BlankScene.construct	method	defined	0	-
manimlib.extract_scene	compute_total_frames	function	defined	0	-
manimlib.extract_scene	get_indent	function	defined	0	-
manimlib.extract_scene	get_module	function	defined	0	-
manimlib.extract_scene	get_scene_classes	function	defined	0	-
manimlib.extract_scene	get_scenes_to_render	function	defined	0	-
manimlib.extract_scene	insert_embed_line_to_module	function	defined	0	-
manimlib.extract_scene	is_child_scene	function	defined	0	-
manimlib.extract_scene	main	function	defined	0	-
manimlib.extract_scene	note_missing_scenes	function	defined	0	-
manimlib.extract_scene	prompt_user_for_choice	function	defined	0	-
manimlib.extract_scene	scene_from_class	function	defined	0	-
manimlib.logger	FORMAT	constant	defined	0	'%(message)s'
manimlib.logger	__all__	constant	defined	0	['log']
manimlib.logger	log	constant	defined	1	logging.getLogger('manimgl')
manimlib.mobject.boolean_ops	Difference	class	defined	1	VMobject
manimlib.mobject.boolean_ops	Difference.__init__	method	defined	0	-
manimlib.mobject.boolean_ops	Exclusion	class	defined	1	VMobject
manimlib.mobject.boolean_ops	Exclusion.__init__	method	defined	0	-
manimlib.mobject.boolean_ops	Intersection	class	defined	1	VMobject
manimlib.mobject.boolean_ops	Intersection.__init__	method	defined	0	-
manimlib.mobject.boolean_ops	Union	class	defined	1	VMobject
manimlib.mobject.boolean_ops	Union.__init__	method	defined	0	-
manimlib.mobject.boolean_ops	_convert_skia_path_to_vmobject	function	defined	0	-
manimlib.mobject.boolean_ops	_convert_vmobject_to_skia_path	function	defined	0	-
manimlib.mobject.boolean_ops	pathops	leaked_import	pathops	1	-
manimlib.mobject.changing	AnimatedBoundary	class	defined	1	VGroup
manimlib.mobject.changing	AnimatedBoundary.__init__	method	defined	0	-
manimlib.mobject.changing	AnimatedBoundary.full_family_become_partial	method	defined	0	-
manimlib.mobject.changing	AnimatedBoundary.update_boundary_copies	method	defined	0	-
manimlib.mobject.changing	TracedPath	class	defined	1	VMobject
manimlib.mobject.changing	TracedPath.__init__	method	defined	0	-
manimlib.mobject.changing	TracedPath.update_path	method	defined	0	-
manimlib.mobject.changing	TracingTail	class	defined	1	TracedPath
manimlib.mobject.changing	TracingTail.__init__	method	defined	0	-
manimlib.mobject.coordinate_systems	Axes	class	defined	1	VGroup,CoordinateSystem
manimlib.mobject.coordinate_systems	Axes.__init__	method	defined	0	-
manimlib.mobject.coordinate_systems	Axes.add_coordinate_labels	method	defined	0	-
manimlib.mobject.coordinate_systems	Axes.coords_to_point	method	defined	0	-
manimlib.mobject.coordinate_systems	Axes.create_axis	method	defined	0	-
manimlib.mobject.coordinate_systems	Axes.default_axis_config	attribute	defined	0	dict()
manimlib.mobject.coordinate_systems	Axes.default_x_axis_config	attribute	defined	0	dict()
manimlib.mobject.coordinate_systems	Axes.default_y_axis_config	attribute	defined	0	dict(line_to_number_direction=LEFT)
manimlib.mobject.coordinate_systems	Axes.get_all_ranges	method	defined	0	-
manimlib.mobject.coordinate_systems	Axes.get_axes	method	defined	0	-
manimlib.mobject.coordinate_systems	Axes.point_to_coords	method	defined	0	-
manimlib.mobject.coordinate_systems	ComplexPlane	class	defined	1	NumberPlane
manimlib.mobject.coordinate_systems	ComplexPlane.add_coordinate_labels	method	defined	0	-
manimlib.mobject.coordinate_systems	ComplexPlane.get_default_coordinate_values	method	defined	0	-
manimlib.mobject.coordinate_systems	ComplexPlane.get_unit_size	method	defined	0	-
manimlib.mobject.coordinate_systems	ComplexPlane.n2p	method	defined	0	-
manimlib.mobject.coordinate_systems	ComplexPlane.number_to_point	method	defined	0	-
manimlib.mobject.coordinate_systems	ComplexPlane.p2n	method	defined	0	-
manimlib.mobject.coordinate_systems	ComplexPlane.point_to_number	method	defined	0	-
manimlib.mobject.coordinate_systems	CoordinateSystem	class	defined	1	ABC
manimlib.mobject.coordinate_systems	CoordinateSystem.__init__	method	defined	0	-
manimlib.mobject.coordinate_systems	CoordinateSystem.angle_of_tangent	method	defined	0	-
manimlib.mobject.coordinate_systems	CoordinateSystem.bind_graph_to_func	method	defined	0	-
manimlib.mobject.coordinate_systems	CoordinateSystem.c2p	method	defined	0	-
manimlib.mobject.coordinate_systems	CoordinateSystem.coords_to_point	method	defined	0	-
manimlib.mobject.coordinate_systems	CoordinateSystem.dimension	attribute	defined	0	2
manimlib.mobject.coordinate_systems	CoordinateSystem.get_all_ranges	method	defined	0	-
manimlib.mobject.coordinate_systems	CoordinateSystem.get_area_under_graph	method	defined	0	-
manimlib.mobject.coordinate_systems	CoordinateSystem.get_axes	method	defined	0	-
manimlib.mobject.coordinate_systems	CoordinateSystem.get_axis	method	defined	0	-
manimlib.mobject.coordinate_systems	CoordinateSystem.get_axis_label	method	defined	0	-
manimlib.mobject.coordinate_systems	CoordinateSystem.get_axis_labels	method	defined	0	-
manimlib.mobject.coordinate_systems	CoordinateSystem.get_graph	method	defined	0	-
manimlib.mobject.coordinate_systems	CoordinateSystem.get_graph_label	method	defined	0	-
manimlib.mobject.coordinate_systems	CoordinateSystem.get_h_line	method	defined	0	-
manimlib.mobject.coordinate_systems	CoordinateSystem.get_h_line_to_graph	method	defined	0	-
manimlib.mobject.coordinate_systems	CoordinateSystem.get_line_from_axis_to_point	method	defined	0	-
manimlib.mobject.coordinate_systems	CoordinateSystem.get_origin	method	defined	0	-
manimlib.mobject.coordinate_systems	CoordinateSystem.get_parametric_curve	method	defined	0	-
manimlib.mobject.coordinate_systems	CoordinateSystem.get_riemann_rectangles	method	defined	0	-
manimlib.mobject.coordinate_systems	CoordinateSystem.get_scatterplot	method	defined	0	-
manimlib.mobject.coordinate_systems	CoordinateSystem.get_tangent_line	method	defined	0	-
manimlib.mobject.coordinate_systems	CoordinateSystem.get_v_line	method	defined	0	-
manimlib.mobject.coordinate_systems	CoordinateSystem.get_v_line_to_graph	method	defined	0	-
manimlib.mobject.coordinate_systems	CoordinateSystem.get_x_axis	method	defined	0	-
manimlib.mobject.coordinate_systems	CoordinateSystem.get_x_axis_label	method	defined	0	-
manimlib.mobject.coordinate_systems	CoordinateSystem.get_y_axis	method	defined	0	-
manimlib.mobject.coordinate_systems	CoordinateSystem.get_y_axis_label	method	defined	0	-
manimlib.mobject.coordinate_systems	CoordinateSystem.get_z_axis	method	defined	0	-
manimlib.mobject.coordinate_systems	CoordinateSystem.i2gp	method	defined	0	-
manimlib.mobject.coordinate_systems	CoordinateSystem.input_to_graph_point	method	defined	0	-
manimlib.mobject.coordinate_systems	CoordinateSystem.p2c	method	defined	0	-
manimlib.mobject.coordinate_systems	CoordinateSystem.point_to_coords	method	defined	0	-
manimlib.mobject.coordinate_systems	CoordinateSystem.slope_of_tangent	method	defined	0	-
manimlib.mobject.coordinate_systems	DEFAULT_X_RANGE	constant	defined	1	(-8.0, 8.0, 1.0)
manimlib.mobject.coordinate_systems	DEFAULT_Y_RANGE	constant	defined	1	(-4.0, 4.0, 1.0)
manimlib.mobject.coordinate_systems	EPSILON	constant	defined	1	1e-08
manimlib.mobject.coordinate_systems	NumberPlane	class	defined	1	Axes
manimlib.mobject.coordinate_systems	NumberPlane.__init__	method	defined	0	-
manimlib.mobject.coordinate_systems	NumberPlane.default_axis_config	attribute	defined	0	dict(stroke_color=DEFAULT_MOBJECT_COLOR, stroke_width=2, include_ticks=False, include_tip=False, line_to_number_buff=SMALL_BUFF, line_to_number_direction=DL)
manimlib.mobject.coordinate_systems	NumberPlane.default_y_axis_config	attribute	defined	0	dict(line_to_number_direction=DL)
manimlib.mobject.coordinate_systems	NumberPlane.get_axes	method	defined	0	-
manimlib.mobject.coordinate_systems	NumberPlane.get_lines	method	defined	0	-
manimlib.mobject.coordinate_systems	NumberPlane.get_lines_parallel_to_axis	method	defined	0	-
manimlib.mobject.coordinate_systems	NumberPlane.get_vector	method	defined	0	-
manimlib.mobject.coordinate_systems	NumberPlane.get_x_unit_size	method	defined	0	-
manimlib.mobject.coordinate_systems	NumberPlane.get_y_unit_size	method	defined	0	-
manimlib.mobject.coordinate_systems	NumberPlane.init_background_lines	method	defined	0	-
manimlib.mobject.coordinate_systems	NumberPlane.prepare_for_nonlinear_transform	method	defined	0	-
manimlib.mobject.coordinate_systems	ThreeDAxes	class	defined	1	Axes
manimlib.mobject.coordinate_systems	ThreeDAxes.__init__	method	defined	0	-
manimlib.mobject.coordinate_systems	ThreeDAxes.add_axis_labels	method	defined	0	-
manimlib.mobject.coordinate_systems	ThreeDAxes.default_z_axis_config	attribute	defined	0	dict()
manimlib.mobject.coordinate_systems	ThreeDAxes.dimension	attribute	defined	0	3
manimlib.mobject.coordinate_systems	ThreeDAxes.get_all_ranges	method	defined	0	-
manimlib.mobject.coordinate_systems	ThreeDAxes.get_graph	method	defined	0	-
manimlib.mobject.coordinate_systems	ThreeDAxes.get_parametric_surface	method	defined	0	-
manimlib.mobject.coordinate_systems	full_range_specifier	function	defined	1	-
manimlib.mobject.coordinate_systems	numbers	leaked_import	numbers	1	-
manimlib.mobject.frame	FullScreenFadeRectangle	class	defined	1	FullScreenRectangle
manimlib.mobject.frame	FullScreenFadeRectangle.__init__	method	defined	0	-
manimlib.mobject.frame	FullScreenRectangle	class	defined	1	ScreenRectangle
manimlib.mobject.frame	FullScreenRectangle.__init__	method	defined	0	-
manimlib.mobject.frame	ScreenRectangle	class	defined	1	Rectangle
manimlib.mobject.frame	ScreenRectangle.__init__	method	defined	0	-
manimlib.mobject.functions	FunctionGraph	class	defined	1	ParametricCurve
manimlib.mobject.functions	FunctionGraph.__init__	method	defined	0	-
manimlib.mobject.functions	ImplicitFunction	class	defined	1	VMobject
manimlib.mobject.functions	ImplicitFunction.__init__	method	defined	0	-
manimlib.mobject.functions	ParametricCurve	class	defined	1	VMobject
manimlib.mobject.functions	ParametricCurve.__init__	method	defined	0	-
manimlib.mobject.functions	ParametricCurve.get_function	method	defined	0	-
manimlib.mobject.functions	ParametricCurve.get_point_from_function	method	defined	0	-
manimlib.mobject.functions	ParametricCurve.get_t_func	method	defined	0	-
manimlib.mobject.functions	ParametricCurve.get_x_range	method	defined	0	-
manimlib.mobject.functions	ParametricCurve.init_points	method	defined	0	-
manimlib.mobject.functions	plot_isoline	leaked_import	isosurfaces	1	-
manimlib.mobject.geometry	AnnularSector	class	defined	1	VMobject
manimlib.mobject.geometry	AnnularSector.__init__	method	defined	0	-
manimlib.mobject.geometry	Annulus	class	defined	1	VMobject
manimlib.mobject.geometry	Annulus.__init__	method	defined	0	-
manimlib.mobject.geometry	Arc	class	defined	1	TipableVMobject
manimlib.mobject.geometry	Arc.__init__	method	defined	0	-
manimlib.mobject.geometry	Arc.get_arc_center	method	defined	0	-
manimlib.mobject.geometry	Arc.get_start_angle	method	defined	0	-
manimlib.mobject.geometry	Arc.get_stop_angle	method	defined	0	-
manimlib.mobject.geometry	Arc.move_arc_center_to	method	defined	0	-
manimlib.mobject.geometry	ArcBetweenPoints	class	defined	1	Arc
manimlib.mobject.geometry	ArcBetweenPoints.__init__	method	defined	0	-
manimlib.mobject.geometry	Arrow	class	defined	1	Line
manimlib.mobject.geometry	Arrow.__init__	method	defined	0	-
manimlib.mobject.geometry	Arrow.get_end	method	defined	0	-
manimlib.mobject.geometry	Arrow.get_key_dimensions	method	defined	0	-
manimlib.mobject.geometry	Arrow.get_start	method	defined	0	-
manimlib.mobject.geometry	Arrow.get_start_and_end	method	defined	0	-
manimlib.mobject.geometry	Arrow.put_start_and_end_on	method	defined	0	-
manimlib.mobject.geometry	Arrow.scale	method	defined	0	-
manimlib.mobject.geometry	Arrow.set_points_by_ends	method	defined	0	-
manimlib.mobject.geometry	Arrow.set_thickness	method	defined	0	-
manimlib.mobject.geometry	Arrow.tickness_multiplier	attribute	defined	0	0.015
manimlib.mobject.geometry	ArrowTip	class	defined	1	Triangle
manimlib.mobject.geometry	ArrowTip.__init__	method	defined	0	-
manimlib.mobject.geometry	ArrowTip.get_angle	method	defined	0	-
manimlib.mobject.geometry	ArrowTip.get_base	method	defined	0	-
manimlib.mobject.geometry	ArrowTip.get_length	method	defined	0	-
manimlib.mobject.geometry	ArrowTip.get_tip_point	method	defined	0	-
manimlib.mobject.geometry	ArrowTip.get_vector	method	defined	0	-
manimlib.mobject.geometry	Circle	class	defined	1	Arc
manimlib.mobject.geometry	Circle.__init__	method	defined	0	-
manimlib.mobject.geometry	Circle.get_radius	method	defined	0	-
manimlib.mobject.geometry	Circle.point_at_angle	method	defined	0	-
manimlib.mobject.geometry	Circle.surround	method	defined	0	-
manimlib.mobject.geometry	CubicBezier	class	defined	1	VMobject
manimlib.mobject.geometry	CubicBezier.__init__	method	defined	0	-
manimlib.mobject.geometry	CurvedArrow	class	defined	1	ArcBetweenPoints
manimlib.mobject.geometry	CurvedArrow.__init__	method	defined	0	-
manimlib.mobject.geometry	CurvedDoubleArrow	class	defined	1	CurvedArrow
manimlib.mobject.geometry	CurvedDoubleArrow.__init__	method	defined	0	-
manimlib.mobject.geometry	DEFAULT_ARROW_TIP_LENGTH	constant	defined	1	0.35
manimlib.mobject.geometry	DEFAULT_ARROW_TIP_WIDTH	constant	defined	1	0.35
manimlib.mobject.geometry	DEFAULT_DASH_LENGTH	constant	defined	1	0.05
manimlib.mobject.geometry	DEFAULT_DOT_RADIUS	constant	defined	1	0.08
manimlib.mobject.geometry	DEFAULT_SMALL_DOT_RADIUS	constant	defined	1	0.04
manimlib.mobject.geometry	DashedLine	class	defined	1	Line
manimlib.mobject.geometry	DashedLine.__init__	method	defined	0	-
manimlib.mobject.geometry	DashedLine.calculate_num_dashes	method	defined	0	-
manimlib.mobject.geometry	DashedLine.get_end	method	defined	0	-
manimlib.mobject.geometry	DashedLine.get_first_handle	method	defined	0	-
manimlib.mobject.geometry	DashedLine.get_last_handle	method	defined	0	-
manimlib.mobject.geometry	DashedLine.get_start	method	defined	0	-
manimlib.mobject.geometry	DashedLine.get_start_and_end	method	defined	0	-
manimlib.mobject.geometry	Dot	class	defined	1	Circle
manimlib.mobject.geometry	Dot.__init__	method	defined	0	-
manimlib.mobject.geometry	Elbow	class	defined	1	VMobject
manimlib.mobject.geometry	Elbow.__init__	method	defined	0	-
manimlib.mobject.geometry	Ellipse	class	defined	1	Circle
manimlib.mobject.geometry	Ellipse.__init__	method	defined	0	-
manimlib.mobject.geometry	Line	class	defined	1	TipableVMobject
manimlib.mobject.geometry	Line.__init__	method	defined	0	-
manimlib.mobject.geometry	Line.get_angle	method	defined	0	-
manimlib.mobject.geometry	Line.get_arc_length	method	defined	0	-
manimlib.mobject.geometry	Line.get_projection	method	defined	0	-
manimlib.mobject.geometry	Line.get_slope	method	defined	0	-
manimlib.mobject.geometry	Line.get_unit_vector	method	defined	0	-
manimlib.mobject.geometry	Line.get_vector	method	defined	0	-
manimlib.mobject.geometry	Line.pointify	method	defined	0	-
manimlib.mobject.geometry	Line.put_start_and_end_on	method	defined	0	-
manimlib.mobject.geometry	Line.reset_points_around_ends	method	defined	0	-
manimlib.mobject.geometry	Line.set_angle	method	defined	0	-
manimlib.mobject.geometry	Line.set_length	method	defined	0	-
manimlib.mobject.geometry	Line.set_path_arc	method	defined	0	-
manimlib.mobject.geometry	Line.set_perpendicular_to_camera	method	defined	0	-
manimlib.mobject.geometry	Line.set_points_by_ends	method	defined	0	-
manimlib.mobject.geometry	Line.set_start_and_end_attrs	method	defined	0	-
manimlib.mobject.geometry	Polygon	class	defined	1	VMobject
manimlib.mobject.geometry	Polygon.__init__	method	defined	0	-
manimlib.mobject.geometry	Polygon.get_vertices	method	defined	0	-
manimlib.mobject.geometry	Polygon.round_corners	method	defined	0	-
manimlib.mobject.geometry	Polyline	class	defined	1	VMobject
manimlib.mobject.geometry	Polyline.__init__	method	defined	0	-
manimlib.mobject.geometry	Rectangle	class	defined	1	Polygon
manimlib.mobject.geometry	Rectangle.__init__	method	defined	0	-
manimlib.mobject.geometry	Rectangle.surround	method	defined	0	-
manimlib.mobject.geometry	RegularPolygon	class	defined	1	Polygon
manimlib.mobject.geometry	RegularPolygon.__init__	method	defined	0	-
manimlib.mobject.geometry	RoundedRectangle	class	defined	1	Rectangle
manimlib.mobject.geometry	RoundedRectangle.__init__	method	defined	0	-
manimlib.mobject.geometry	Sector	class	defined	1	AnnularSector
manimlib.mobject.geometry	Sector.__init__	method	defined	0	-
manimlib.mobject.geometry	SmallDot	class	defined	1	Dot
manimlib.mobject.geometry	SmallDot.__init__	method	defined	0	-
manimlib.mobject.geometry	Square	class	defined	1	Rectangle
manimlib.mobject.geometry	Square.__init__	method	defined	0	-
manimlib.mobject.geometry	StrokeArrow	class	defined	1	Line
manimlib.mobject.geometry	StrokeArrow.__init__	method	defined	0	-
manimlib.mobject.geometry	StrokeArrow.create_tip_with_stroke_width	method	defined	0	-
manimlib.mobject.geometry	StrokeArrow.insert_tip_anchor	method	defined	0	-
manimlib.mobject.geometry	StrokeArrow.reset_tip	method	defined	0	-
manimlib.mobject.geometry	StrokeArrow.set_points_by_ends	method	defined	0	-
manimlib.mobject.geometry	StrokeArrow.set_stroke	method	defined	0	-
manimlib.mobject.geometry	TangentLine	class	defined	1	Line
manimlib.mobject.geometry	TangentLine.__init__	method	defined	0	-
manimlib.mobject.geometry	TipableVMobject	class	defined	1	VMobject
manimlib.mobject.geometry	TipableVMobject.add_tip	method	defined	0	-
manimlib.mobject.geometry	TipableVMobject.asign_tip_attr	method	defined	0	-
manimlib.mobject.geometry	TipableVMobject.create_tip	method	defined	0	-
manimlib.mobject.geometry	TipableVMobject.get_default_tip_length	method	defined	0	-
manimlib.mobject.geometry	TipableVMobject.get_end	method	defined	0	-
manimlib.mobject.geometry	TipableVMobject.get_first_handle	method	defined	0	-
manimlib.mobject.geometry	TipableVMobject.get_last_handle	method	defined	0	-
manimlib.mobject.geometry	TipableVMobject.get_length	method	defined	0	-
manimlib.mobject.geometry	TipableVMobject.get_start	method	defined	0	-
manimlib.mobject.geometry	TipableVMobject.get_tip	method	defined	0	-
manimlib.mobject.geometry	TipableVMobject.get_tips	method	defined	0	-
manimlib.mobject.geometry	TipableVMobject.get_unpositioned_tip	method	defined	0	-
manimlib.mobject.geometry	TipableVMobject.has_start_tip	method	defined	0	-
manimlib.mobject.geometry	TipableVMobject.has_tip	method	defined	0	-
manimlib.mobject.geometry	TipableVMobject.pop_tips	method	defined	0	-
manimlib.mobject.geometry	TipableVMobject.position_tip	method	defined	0	-
manimlib.mobject.geometry	TipableVMobject.reset_endpoints_based_on_tip	method	defined	0	-
manimlib.mobject.geometry	TipableVMobject.tip_config	attribute	defined	0	dict(fill_opacity=1.0, stroke_width=0.0, tip_style=0.0)
manimlib.mobject.geometry	Triangle	class	defined	1	RegularPolygon
manimlib.mobject.geometry	Triangle.__init__	method	defined	0	-
manimlib.mobject.geometry	Vector	class	defined	1	Arrow
manimlib.mobject.geometry	Vector.__init__	method	defined	0	-
manimlib.mobject.geometry	math	leaked_import	math	1	-
manimlib.mobject.interactive	Button	class	defined	1	Mobject
manimlib.mobject.interactive	Button.__init__	method	defined	0	-
manimlib.mobject.interactive	Button.mob_on_mouse_press	method	defined	0	-
manimlib.mobject.interactive	Checkbox	class	defined	1	ControlMobject
manimlib.mobject.interactive	Checkbox.__init__	method	defined	0	-
manimlib.mobject.interactive	Checkbox.assert_value	method	defined	0	-
manimlib.mobject.interactive	Checkbox.get_checkmark	method	defined	0	-
manimlib.mobject.interactive	Checkbox.get_cross	method	defined	0	-
manimlib.mobject.interactive	Checkbox.on_mouse_press	method	defined	0	-
manimlib.mobject.interactive	Checkbox.set_value_anim	method	defined	0	-
manimlib.mobject.interactive	Checkbox.toggle_value	method	defined	0	-
manimlib.mobject.interactive	ColorSliders	class	defined	1	Group
manimlib.mobject.interactive	ColorSliders.__init__	method	defined	0	-
manimlib.mobject.interactive	ColorSliders.get_background	method	defined	0	-
manimlib.mobject.interactive	ColorSliders.get_picked_color	method	defined	0	-
manimlib.mobject.interactive	ColorSliders.get_picked_opacity	method	defined	0	-
manimlib.mobject.interactive	ColorSliders.get_value	method	defined	0	-
manimlib.mobject.interactive	ColorSliders.set_value	method	defined	0	-
manimlib.mobject.interactive	ControlMobject	class	defined	1	ValueTracker
manimlib.mobject.interactive	ControlMobject.__init__	method	defined	0	-
manimlib.mobject.interactive	ControlMobject.assert_value	method	defined	0	-
manimlib.mobject.interactive	ControlMobject.set_value	method	defined	0	-
manimlib.mobject.interactive	ControlMobject.set_value_anim	method	defined	0	-
manimlib.mobject.interactive	ControlPanel	class	defined	1	Group
manimlib.mobject.interactive	ControlPanel.__init__	method	defined	0	-
manimlib.mobject.interactive	ControlPanel.add_controls	method	defined	0	-
manimlib.mobject.interactive	ControlPanel.close_panel	method	defined	0	-
manimlib.mobject.interactive	ControlPanel.move_panel_and_controls_to_panel_opener	method	defined	0	-
manimlib.mobject.interactive	ControlPanel.open_panel	method	defined	0	-
manimlib.mobject.interactive	ControlPanel.panel_on_mouse_scroll	method	defined	0	-
manimlib.mobject.interactive	ControlPanel.panel_opener_on_mouse_drag	method	defined	0	-
manimlib.mobject.interactive	ControlPanel.remove_controls	method	defined	0	-
manimlib.mobject.interactive	EnableDisableButton	class	defined	1	ControlMobject
manimlib.mobject.interactive	EnableDisableButton.__init__	method	defined	0	-
manimlib.mobject.interactive	EnableDisableButton.assert_value	method	defined	0	-
manimlib.mobject.interactive	EnableDisableButton.on_mouse_press	method	defined	0	-
manimlib.mobject.interactive	EnableDisableButton.set_value_anim	method	defined	0	-
manimlib.mobject.interactive	EnableDisableButton.toggle_value	method	defined	0	-
manimlib.mobject.interactive	LinearNumberSlider	class	defined	1	ControlMobject
manimlib.mobject.interactive	LinearNumberSlider.__init__	method	defined	0	-
manimlib.mobject.interactive	LinearNumberSlider.assert_value	method	defined	0	-
manimlib.mobject.interactive	LinearNumberSlider.get_value_from_point	method	defined	0	-
manimlib.mobject.interactive	LinearNumberSlider.set_value_anim	method	defined	0	-
manimlib.mobject.interactive	LinearNumberSlider.slider_on_mouse_drag	method	defined	0	-
manimlib.mobject.interactive	MotionMobject	class	defined	1	Mobject
manimlib.mobject.interactive	MotionMobject.__init__	method	defined	0	-
manimlib.mobject.interactive	MotionMobject.mob_on_mouse_drag	method	defined	0	-
manimlib.mobject.interactive	PygletWindowKeys	leaked_import	pyglet.window	1	-
manimlib.mobject.interactive	Textbox	class	defined	1	ControlMobject
manimlib.mobject.interactive	Textbox.__init__	method	defined	0	-
manimlib.mobject.interactive	Textbox.active_anim	method	defined	0	-
manimlib.mobject.interactive	Textbox.box_on_mouse_press	method	defined	0	-
manimlib.mobject.interactive	Textbox.on_key_press	method	defined	0	-
manimlib.mobject.interactive	Textbox.set_value_anim	method	defined	0	-
manimlib.mobject.interactive	Textbox.update_text	method	defined	0	-
manimlib.mobject.matrix	DecimalMatrix	class	defined	1	Matrix
manimlib.mobject.matrix	DecimalMatrix.__init__	method	defined	0	-
manimlib.mobject.matrix	DecimalMatrix.element_to_mobject	method	defined	0	-
manimlib.mobject.matrix	IntegerMatrix	class	defined	1	DecimalMatrix
manimlib.mobject.matrix	IntegerMatrix.__init__	method	defined	0	-
manimlib.mobject.matrix	Matrix	class	defined	1	VMobject
manimlib.mobject.matrix	Matrix.__init__	method	defined	0	-
manimlib.mobject.matrix	Matrix.add_background_to_entries	method	defined	0	-
manimlib.mobject.matrix	Matrix.copy	method	defined	0	-
manimlib.mobject.matrix	Matrix.create_brackets	method	defined	0	-
manimlib.mobject.matrix	Matrix.create_mobject_matrix	method	defined	0	-
manimlib.mobject.matrix	Matrix.element_to_mobject	method	defined	0	-
manimlib.mobject.matrix	Matrix.get_brackets	method	defined	0	-
manimlib.mobject.matrix	Matrix.get_column	method	defined	0	-
manimlib.mobject.matrix	Matrix.get_columns	method	defined	0	-
manimlib.mobject.matrix	Matrix.get_ellipses	method	defined	0	-
manimlib.mobject.matrix	Matrix.get_entries	method	defined	0	-
manimlib.mobject.matrix	Matrix.get_mob_matrix	method	defined	0	-
manimlib.mobject.matrix	Matrix.get_row	method	defined	0	-
manimlib.mobject.matrix	Matrix.get_rows	method	defined	0	-
manimlib.mobject.matrix	Matrix.set_column_colors	method	defined	0	-
manimlib.mobject.matrix	Matrix.swap_entries_for_ellipses	method	defined	0	-
manimlib.mobject.matrix	Matrix.swap_entry_for_dots	method	defined	0	-
manimlib.mobject.matrix	MobjectMatrix	class	defined	1	Matrix
manimlib.mobject.matrix	MobjectMatrix.__init__	method	defined	0	-
manimlib.mobject.matrix	MobjectMatrix.element_to_mobject	method	defined	0	-
manimlib.mobject.matrix	TexMatrix	class	defined	1	Matrix
manimlib.mobject.matrix	TexMatrix.__init__	method	defined	0	-
manimlib.mobject.mobject	Generic	leaked_import	typing	1	-
manimlib.mobject.mobject	Group	class	defined	1	Mobject,Generic[SubmobjectType]
manimlib.mobject.mobject	Group.__init__	method	defined	0	-
manimlib.mobject.mobject	Mobject	class	defined	1	object
manimlib.mobject.mobject	Mobject.__init__	method	defined	0	-
manimlib.mobject.mobject	Mobject.add	method	defined	0	-
manimlib.mobject.mobject	Mobject.add_background_rectangle	method	defined	0	-
manimlib.mobject.mobject	Mobject.add_background_rectangle_to_family_members_with_points	method	defined	0	-
manimlib.mobject.mobject	Mobject.add_background_rectangle_to_submobjects	method	defined	0	-
manimlib.mobject.mobject	Mobject.add_event_listner	method	defined	0	-
manimlib.mobject.mobject	Mobject.add_key_press_listner	method	defined	0	-
manimlib.mobject.mobject	Mobject.add_key_release_listner	method	defined	0	-
manimlib.mobject.mobject	Mobject.add_mouse_drag_listner	method	defined	0	-
manimlib.mobject.mobject	Mobject.add_mouse_motion_listner	method	defined	0	-
manimlib.mobject.mobject	Mobject.add_mouse_press_listner	method	defined	0	-
manimlib.mobject.mobject	Mobject.add_mouse_release_listner	method	defined	0	-
manimlib.mobject.mobject	Mobject.add_mouse_scroll_listner	method	defined	0	-
manimlib.mobject.mobject	Mobject.add_n_more_submobjects	method	defined	0	-
manimlib.mobject.mobject	Mobject.add_to_back	method	defined	0	-
manimlib.mobject.mobject	Mobject.add_updater	method	defined	0	-
manimlib.mobject.mobject	Mobject.affects_data	method	defined	0	-
manimlib.mobject.mobject	Mobject.affects_family_data	method	defined	0	-
manimlib.mobject.mobject	Mobject.affects_shader_info_id	method	defined	0	-
manimlib.mobject.mobject	Mobject.align_data	method	defined	0	-
manimlib.mobject.mobject	Mobject.align_data_and_family	method	defined	0	-
manimlib.mobject.mobject	Mobject.align_family	method	defined	0	-
manimlib.mobject.mobject	Mobject.align_on_border	method	defined	0	-
manimlib.mobject.mobject	Mobject.align_points	method	defined	0	-
manimlib.mobject.mobject	Mobject.align_to	method	defined	0	-
manimlib.mobject.mobject	Mobject.aligned_data_keys	attribute	defined	0	['point']
manimlib.mobject.mobject	Mobject.always	property	defined	0	-
manimlib.mobject.mobject	Mobject.animate	property	defined	0	-
manimlib.mobject.mobject	Mobject.append_points	method	defined	0	-
manimlib.mobject.mobject	Mobject.apply_complex_function	method	defined	0	-
manimlib.mobject.mobject	Mobject.apply_depth_test	method	defined	0	-
manimlib.mobject.mobject	Mobject.apply_function	method	defined	0	-
manimlib.mobject.mobject	Mobject.apply_function_to_position	method	defined	0	-
manimlib.mobject.mobject	Mobject.apply_function_to_submobject_positions	method	defined	0	-
manimlib.mobject.mobject	Mobject.apply_matrix	method	defined	0	-
manimlib.mobject.mobject	Mobject.apply_points_function	method	defined	0	-
manimlib.mobject.mobject	Mobject.are_points_touching	method	defined	0	-
manimlib.mobject.mobject	Mobject.arrange	method	defined	0	-
manimlib.mobject.mobject	Mobject.arrange_in_grid	method	defined	0	-
manimlib.mobject.mobject	Mobject.arrange_to_fit_depth	method	defined	0	-
manimlib.mobject.mobject	Mobject.arrange_to_fit_dim	method	defined	0	-
manimlib.mobject.mobject	Mobject.arrange_to_fit_height	method	defined	0	-
manimlib.mobject.mobject	Mobject.arrange_to_fit_width	method	defined	0	-
manimlib.mobject.mobject	Mobject.become	method	defined	0	-
manimlib.mobject.mobject	Mobject.center	method	defined	0	-
manimlib.mobject.mobject	Mobject.clear	method	defined	0	-
manimlib.mobject.mobject	Mobject.clear_event_listners	method	defined	0	-
manimlib.mobject.mobject	Mobject.clear_points	method	defined	0	-
manimlib.mobject.mobject	Mobject.clear_updaters	method	defined	0	-
manimlib.mobject.mobject	Mobject.clip_to_box	method	defined	0	-
manimlib.mobject.mobject	Mobject.compute_bounding_box	method	defined	0	-
manimlib.mobject.mobject	Mobject.copy	method	defined	0	-
manimlib.mobject.mobject	Mobject.data_dtype	attribute	defined	0	np.dtype([('point', np.float32, (3,)), ('rgba', np.float32, (4,))])
manimlib.mobject.mobject	Mobject.deactivate_clip_plane	method	defined	0	-
manimlib.mobject.mobject	Mobject.deactivate_depth_test	method	defined	0	-
manimlib.mobject.mobject	Mobject.deepcopy	method	defined	0	-
manimlib.mobject.mobject	Mobject.deserialize	method	defined	0	-
manimlib.mobject.mobject	Mobject.digest_mobject_attrs	method	defined	0	-
manimlib.mobject.mobject	Mobject.dim	attribute	defined	0	3
manimlib.mobject.mobject	Mobject.f_always	property	defined	0	-
manimlib.mobject.mobject	Mobject.fade	method	defined	0	-
manimlib.mobject.mobject	Mobject.family_members_with_points	method	defined	0	-
manimlib.mobject.mobject	Mobject.fix_in_frame	method	defined	0	-
manimlib.mobject.mobject	Mobject.flip	method	defined	0	-
manimlib.mobject.mobject	Mobject.generate_target	method	defined	0	-
manimlib.mobject.mobject	Mobject.get_all_corners	method	defined	0	-
manimlib.mobject.mobject	Mobject.get_all_points	method	defined	0	-
manimlib.mobject.mobject	Mobject.get_ancestors	method	defined	0	-
manimlib.mobject.mobject	Mobject.get_bottom	method	defined	0	-
manimlib.mobject.mobject	Mobject.get_boundary_point	method	defined	0	-
manimlib.mobject.mobject	Mobject.get_bounding_box	method	defined	0	-
manimlib.mobject.mobject	Mobject.get_bounding_box_point	method	defined	0	-
manimlib.mobject.mobject	Mobject.get_center	method	defined	0	-
manimlib.mobject.mobject	Mobject.get_center_of_mass	method	defined	0	-
manimlib.mobject.mobject	Mobject.get_color	method	defined	0	-
manimlib.mobject.mobject	Mobject.get_continuous_bounding_box_point	method	defined	0	-
manimlib.mobject.mobject	Mobject.get_coord	method	defined	0	-
manimlib.mobject.mobject	Mobject.get_corner	method	defined	0	-
manimlib.mobject.mobject	Mobject.get_depth	method	defined	0	-
manimlib.mobject.mobject	Mobject.get_edge_center	method	defined	0	-
manimlib.mobject.mobject	Mobject.get_end	method	defined	0	-
manimlib.mobject.mobject	Mobject.get_event_listners	method	defined	0	-
manimlib.mobject.mobject	Mobject.get_family	method	defined	0	-
manimlib.mobject.mobject	Mobject.get_family_event_listners	method	defined	0	-
manimlib.mobject.mobject	Mobject.get_gloss	method	defined	0	-
manimlib.mobject.mobject	Mobject.get_grid	method	defined	0	-
manimlib.mobject.mobject	Mobject.get_group_class	method	defined	0	-
manimlib.mobject.mobject	Mobject.get_has_event_listner	method	defined	0	-
manimlib.mobject.mobject	Mobject.get_height	method	defined	0	-
manimlib.mobject.mobject	Mobject.get_left	method	defined	0	-
manimlib.mobject.mobject	Mobject.get_nadir	method	defined	0	-
manimlib.mobject.mobject	Mobject.get_num_points	method	defined	0	-
manimlib.mobject.mobject	Mobject.get_opacities	method	defined	0	-
manimlib.mobject.mobject	Mobject.get_opacity	method	defined	0	-
manimlib.mobject.mobject	Mobject.get_pieces	method	defined	0	-
manimlib.mobject.mobject	Mobject.get_points	method	defined	0	-
manimlib.mobject.mobject	Mobject.get_reflectiveness	method	defined	0	-
manimlib.mobject.mobject	Mobject.get_right	method	defined	0	-
manimlib.mobject.mobject	Mobject.get_shader_data	method	defined	0	-
manimlib.mobject.mobject	Mobject.get_shader_vert_indices	method	defined	0	-
manimlib.mobject.mobject	Mobject.get_shader_wrapper	method	defined	0	-
manimlib.mobject.mobject	Mobject.get_shader_wrapper_list	method	defined	0	-
manimlib.mobject.mobject	Mobject.get_shading	method	defined	0	-
manimlib.mobject.mobject	Mobject.get_shadow	method	defined	0	-
manimlib.mobject.mobject	Mobject.get_shape	method	defined	0	-
manimlib.mobject.mobject	Mobject.get_start	method	defined	0	-
manimlib.mobject.mobject	Mobject.get_start_and_end	method	defined	0	-
manimlib.mobject.mobject	Mobject.get_top	method	defined	0	-
manimlib.mobject.mobject	Mobject.get_uniforms	method	defined	0	-
manimlib.mobject.mobject	Mobject.get_updaters	method	defined	0	-
manimlib.mobject.mobject	Mobject.get_width	method	defined	0	-
manimlib.mobject.mobject	Mobject.get_x	method	defined	0	-
manimlib.mobject.mobject	Mobject.get_y	method	defined	0	-
manimlib.mobject.mobject	Mobject.get_z	method	defined	0	-
manimlib.mobject.mobject	Mobject.get_z_index_reference_point	method	defined	0	-
manimlib.mobject.mobject	Mobject.get_zenith	method	defined	0	-
manimlib.mobject.mobject	Mobject.has_points	method	defined	0	-
manimlib.mobject.mobject	Mobject.has_same_shape_as	method	defined	0	-
manimlib.mobject.mobject	Mobject.has_updaters	method	defined	0	-
manimlib.mobject.mobject	Mobject.init_colors	method	defined	0	-
manimlib.mobject.mobject	Mobject.init_data	method	defined	0	-
manimlib.mobject.mobject	Mobject.init_event_listners	method	defined	0	-
manimlib.mobject.mobject	Mobject.init_points	method	defined	0	-
manimlib.mobject.mobject	Mobject.init_shader_wrapper	method	defined	0	-
manimlib.mobject.mobject	Mobject.init_uniforms	method	defined	0	-
manimlib.mobject.mobject	Mobject.init_updaters	method	defined	0	-
manimlib.mobject.mobject	Mobject.insert_submobject	method	defined	0	-
manimlib.mobject.mobject	Mobject.insert_updater	method	defined	0	-
manimlib.mobject.mobject	Mobject.interpolate	method	defined	0	-
manimlib.mobject.mobject	Mobject.invisible_copy	method	defined	0	-
manimlib.mobject.mobject	Mobject.is_aligned_with	method	defined	0	-
manimlib.mobject.mobject	Mobject.is_changing	method	defined	0	-
manimlib.mobject.mobject	Mobject.is_fixed_in_frame	method	defined	0	-
manimlib.mobject.mobject	Mobject.is_off_screen	method	defined	0	-
manimlib.mobject.mobject	Mobject.is_point_touching	method	defined	0	-
manimlib.mobject.mobject	Mobject.is_touching	method	defined	0	-
manimlib.mobject.mobject	Mobject.length_over_dim	method	defined	0	-
manimlib.mobject.mobject	Mobject.lock_data	method	defined	0	-
manimlib.mobject.mobject	Mobject.lock_matching_data	method	defined	0	-
manimlib.mobject.mobject	Mobject.lock_uniforms	method	defined	0	-
manimlib.mobject.mobject	Mobject.looks_identical	method	defined	0	-
manimlib.mobject.mobject	Mobject.match_color	method	defined	0	-
manimlib.mobject.mobject	Mobject.match_coord	method	defined	0	-
manimlib.mobject.mobject	Mobject.match_depth	method	defined	0	-
manimlib.mobject.mobject	Mobject.match_dim_size	method	defined	0	-
manimlib.mobject.mobject	Mobject.match_height	method	defined	0	-
manimlib.mobject.mobject	Mobject.match_points	method	defined	0	-
manimlib.mobject.mobject	Mobject.match_style	method	defined	0	-
manimlib.mobject.mobject	Mobject.match_updaters	method	defined	0	-
manimlib.mobject.mobject	Mobject.match_width	method	defined	0	-
manimlib.mobject.mobject	Mobject.match_x	method	defined	0	-
manimlib.mobject.mobject	Mobject.match_y	method	defined	0	-
manimlib.mobject.mobject	Mobject.match_z	method	defined	0	-
manimlib.mobject.mobject	Mobject.move_to	method	defined	0	-
manimlib.mobject.mobject	Mobject.next_to	method	defined	0	-
manimlib.mobject.mobject	Mobject.note_changed_data	method	defined	0	-
manimlib.mobject.mobject	Mobject.note_changed_family	method	defined	0	-
manimlib.mobject.mobject	Mobject.pfp	method	defined	0	-
manimlib.mobject.mobject	Mobject.point_from_proportion	method	defined	0	-
manimlib.mobject.mobject	Mobject.pointlike_data_keys	attribute	defined	0	['point']
manimlib.mobject.mobject	Mobject.pointwise_become_partial	method	defined	0	-
manimlib.mobject.mobject	Mobject.push_self_into_submobjects	method	defined	0	-
manimlib.mobject.mobject	Mobject.put_end_on	method	defined	0	-
manimlib.mobject.mobject	Mobject.put_start_and_end_on	method	defined	0	-
manimlib.mobject.mobject	Mobject.put_start_on	method	defined	0	-
manimlib.mobject.mobject	Mobject.refresh_bounding_box	method	defined	0	-
manimlib.mobject.mobject	Mobject.refresh_has_updater_status	method	defined	0	-
manimlib.mobject.mobject	Mobject.refresh_shader_wrapper_id	method	defined	0	-
manimlib.mobject.mobject	Mobject.remove	method	defined	0	-
manimlib.mobject.mobject	Mobject.remove_event_listner	method	defined	0	-
manimlib.mobject.mobject	Mobject.remove_key_press_listner	method	defined	0	-
manimlib.mobject.mobject	Mobject.remove_key_release_listner	method	defined	0	-
manimlib.mobject.mobject	Mobject.remove_mouse_drag_listner	method	defined	0	-
manimlib.mobject.mobject	Mobject.remove_mouse_motion_listner	method	defined	0	-
manimlib.mobject.mobject	Mobject.remove_mouse_press_listner	method	defined	0	-
manimlib.mobject.mobject	Mobject.remove_mouse_release_listner	method	defined	0	-
manimlib.mobject.mobject	Mobject.remove_mouse_scroll_listner	method	defined	0	-
manimlib.mobject.mobject	Mobject.remove_updater	method	defined	0	-
manimlib.mobject.mobject	Mobject.render	method	defined	0	-
manimlib.mobject.mobject	Mobject.render_primitive	attribute	defined	0	moderngl.TRIANGLE_STRIP
manimlib.mobject.mobject	Mobject.replace	method	defined	0	-
manimlib.mobject.mobject	Mobject.replace_shader_code	method	defined	0	-
manimlib.mobject.mobject	Mobject.replace_submobject	method	defined	0	-
manimlib.mobject.mobject	Mobject.replicate	method	defined	0	-
manimlib.mobject.mobject	Mobject.rescale_to_fit	method	defined	0	-
manimlib.mobject.mobject	Mobject.resize_points	method	defined	0	-
manimlib.mobject.mobject	Mobject.restore	method	defined	0	-
manimlib.mobject.mobject	Mobject.resume_updating	method	defined	0	-
manimlib.mobject.mobject	Mobject.reverse_points	method	defined	0	-
manimlib.mobject.mobject	Mobject.reverse_submobjects	method	defined	0	-
manimlib.mobject.mobject	Mobject.rotate	method	defined	0	-
manimlib.mobject.mobject	Mobject.rotate_about_origin	method	defined	0	-
manimlib.mobject.mobject	Mobject.save_state	method	defined	0	-
manimlib.mobject.mobject	Mobject.scale	method	defined	0	-
manimlib.mobject.mobject	Mobject.serialize	method	defined	0	-
manimlib.mobject.mobject	Mobject.set_animating_status	method	defined	0	-
manimlib.mobject.mobject	Mobject.set_clip_plane	method	defined	0	-
manimlib.mobject.mobject	Mobject.set_clip_planes	method	defined	0	-
manimlib.mobject.mobject	Mobject.set_color	method	defined	0	-
manimlib.mobject.mobject	Mobject.set_color_by_code	method	defined	0	-
manimlib.mobject.mobject	Mobject.set_color_by_gradient	method	defined	0	-
manimlib.mobject.mobject	Mobject.set_color_by_rgb_func	method	defined	0	-
manimlib.mobject.mobject	Mobject.set_color_by_rgba_func	method	defined	0	-
manimlib.mobject.mobject	Mobject.set_color_by_xyz_func	method	defined	0	-
manimlib.mobject.mobject	Mobject.set_coord	method	defined	0	-
manimlib.mobject.mobject	Mobject.set_data	method	defined	0	-
manimlib.mobject.mobject	Mobject.set_depth	method	defined	0	-
manimlib.mobject.mobject	Mobject.set_gloss	method	defined	0	-
manimlib.mobject.mobject	Mobject.set_height	method	defined	0	-
manimlib.mobject.mobject	Mobject.set_max_depth	method	defined	0	-
manimlib.mobject.mobject	Mobject.set_max_height	method	defined	0	-
manimlib.mobject.mobject	Mobject.set_max_width	method	defined	0	-
manimlib.mobject.mobject	Mobject.set_min_depth	method	defined	0	-
manimlib.mobject.mobject	Mobject.set_min_height	method	defined	0	-
manimlib.mobject.mobject	Mobject.set_min_width	method	defined	0	-
manimlib.mobject.mobject	Mobject.set_opacity	method	defined	0	-
manimlib.mobject.mobject	Mobject.set_points	method	defined	0	-
manimlib.mobject.mobject	Mobject.set_reflectiveness	method	defined	0	-
manimlib.mobject.mobject	Mobject.set_rgba_array	method	defined	0	-
manimlib.mobject.mobject	Mobject.set_rgba_array_by_color	method	defined	0	-
manimlib.mobject.mobject	Mobject.set_shading	method	defined	0	-
manimlib.mobject.mobject	Mobject.set_shadow	method	defined	0	-
manimlib.mobject.mobject	Mobject.set_shape	method	defined	0	-
manimlib.mobject.mobject	Mobject.set_submobject_colors_by_gradient	method	defined	0	-
manimlib.mobject.mobject	Mobject.set_submobjects	method	defined	0	-
manimlib.mobject.mobject	Mobject.set_uniform	method	defined	0	-
manimlib.mobject.mobject	Mobject.set_uniforms	method	defined	0	-
manimlib.mobject.mobject	Mobject.set_width	method	defined	0	-
manimlib.mobject.mobject	Mobject.set_x	method	defined	0	-
manimlib.mobject.mobject	Mobject.set_y	method	defined	0	-
manimlib.mobject.mobject	Mobject.set_z	method	defined	0	-
manimlib.mobject.mobject	Mobject.set_z_index	method	defined	0	-
manimlib.mobject.mobject	Mobject.shader_folder	attribute	defined	0	''
manimlib.mobject.mobject	Mobject.shift	method	defined	0	-
manimlib.mobject.mobject	Mobject.shift_onto_screen	method	defined	0	-
manimlib.mobject.mobject	Mobject.shuffle	method	defined	0	-
manimlib.mobject.mobject	Mobject.sort	method	defined	0	-
manimlib.mobject.mobject	Mobject.space_out_submobjects	method	defined	0	-
manimlib.mobject.mobject	Mobject.split	method	defined	0	-
manimlib.mobject.mobject	Mobject.stash_mobject_pointers	method	defined	0	-
manimlib.mobject.mobject	Mobject.stretch	method	defined	0	-
manimlib.mobject.mobject	Mobject.stretch_about_point	method	defined	0	-
manimlib.mobject.mobject	Mobject.stretch_in_place	method	defined	0	-
manimlib.mobject.mobject	Mobject.stretch_to_fit_depth	method	defined	0	-
manimlib.mobject.mobject	Mobject.stretch_to_fit_height	method	defined	0	-
manimlib.mobject.mobject	Mobject.stretch_to_fit_width	method	defined	0	-
manimlib.mobject.mobject	Mobject.surround	method	defined	0	-
manimlib.mobject.mobject	Mobject.suspend_updating	method	defined	0	-
manimlib.mobject.mobject	Mobject.throw_error_if_no_points	method	defined	0	-
manimlib.mobject.mobject	Mobject.to_corner	method	defined	0	-
manimlib.mobject.mobject	Mobject.to_edge	method	defined	0	-
manimlib.mobject.mobject	Mobject.unfix_from_frame	method	defined	0	-
manimlib.mobject.mobject	Mobject.unlock_data	method	defined	0	-
manimlib.mobject.mobject	Mobject.update	method	defined	0	-
manimlib.mobject.mobject	Mobject.wag	method	defined	0	-
manimlib.mobject.mobject	Point	class	defined	1	Mobject
manimlib.mobject.mobject	Point.__init__	method	defined	0	-
manimlib.mobject.mobject	Point.get_bounding_box_point	method	defined	0	-
manimlib.mobject.mobject	Point.get_height	method	defined	0	-
manimlib.mobject.mobject	Point.get_location	method	defined	0	-
manimlib.mobject.mobject	Point.get_width	method	defined	0	-
manimlib.mobject.mobject	Point.set_location	method	defined	0	-
manimlib.mobject.mobject	SubmobjectType	constant	defined	1	TypeVar('SubmobjectType', bound='Mobject')
manimlib.mobject.mobject	TypeVar	leaked_import	typing	1	-
manimlib.mobject.mobject	_AnimationBuilder	class	defined	0	-
manimlib.mobject.mobject	_AnimationBuilder.__init__	method	defined	0	-
manimlib.mobject.mobject	_AnimationBuilder.build	method	defined	0	-
manimlib.mobject.mobject	_AnimationBuilder.set_anim_args	method	defined	0	-
manimlib.mobject.mobject	_FunctionalUpdaterBuilder	class	defined	0	-
manimlib.mobject.mobject	_FunctionalUpdaterBuilder.__init__	method	defined	0	-
manimlib.mobject.mobject	_UpdaterBuilder	class	defined	0	-
manimlib.mobject.mobject	_UpdaterBuilder.__init__	method	defined	0	-
manimlib.mobject.mobject	copy	leaked_import	copy	1	-
manimlib.mobject.mobject	os	leaked_import	os	1	-
manimlib.mobject.mobject	override_animate	function	defined	1	-
manimlib.mobject.mobject	pickle	leaked_import	pickle	1	-
manimlib.mobject.mobject	random	leaked_import	random	1	-
manimlib.mobject.mobject	sys	leaked_import	sys	1	-
manimlib.mobject.mobject	wraps	leaked_import	functools	1	-
manimlib.mobject.mobject_update_utils	always	function	defined	1	-
manimlib.mobject.mobject_update_utils	always_redraw	function	defined	1	-
manimlib.mobject.mobject_update_utils	always_rotate	function	defined	1	-
manimlib.mobject.mobject_update_utils	always_shift	function	defined	1	-
manimlib.mobject.mobject_update_utils	assert_is_mobject_method	function	defined	1	-
manimlib.mobject.mobject_update_utils	cycle_animation	function	defined	1	-
manimlib.mobject.mobject_update_utils	f_always	function	defined	1	-
manimlib.mobject.mobject_update_utils	turn_animation_into_updater	function	defined	1	-
manimlib.mobject.number_line	NumberLine	class	defined	1	Line
manimlib.mobject.number_line	NumberLine.__init__	method	defined	0	-
manimlib.mobject.number_line	NumberLine.add_numbers	method	defined	0	-
manimlib.mobject.number_line	NumberLine.add_ticks	method	defined	0	-
manimlib.mobject.number_line	NumberLine.get_number_mobject	method	defined	0	-
manimlib.mobject.number_line	NumberLine.get_tick	method	defined	0	-
manimlib.mobject.number_line	NumberLine.get_tick_marks	method	defined	0	-
manimlib.mobject.number_line	NumberLine.get_tick_range	method	defined	0	-
manimlib.mobject.number_line	NumberLine.get_unit_size	method	defined	0	-
manimlib.mobject.number_line	NumberLine.n2p	method	defined	0	-
manimlib.mobject.number_line	NumberLine.number_to_point	method	defined	0	-
manimlib.mobject.number_line	NumberLine.p2n	method	defined	0	-
manimlib.mobject.number_line	NumberLine.point_to_number	method	defined	0	-
manimlib.mobject.number_line	Slider	class	defined	1	VGroup
manimlib.mobject.number_line	Slider.__init__	method	defined	0	-
manimlib.mobject.number_line	UnitInterval	class	defined	1	NumberLine
manimlib.mobject.number_line	UnitInterval.__init__	method	defined	0	-
manimlib.mobject.numbers	DecimalNumber	class	defined	1	VMobject
manimlib.mobject.numbers	DecimalNumber.__init__	method	defined	0	-
manimlib.mobject.numbers	DecimalNumber.char_to_mob	method	defined	0	-
manimlib.mobject.numbers	DecimalNumber.get_complex_formatter	method	defined	0	-
manimlib.mobject.numbers	DecimalNumber.get_font_size	method	defined	0	-
manimlib.mobject.numbers	DecimalNumber.get_formatter	method	defined	0	-
manimlib.mobject.numbers	DecimalNumber.get_num_string	method	defined	0	-
manimlib.mobject.numbers	DecimalNumber.get_tex	method	defined	0	-
manimlib.mobject.numbers	DecimalNumber.get_value	method	defined	0	-
manimlib.mobject.numbers	DecimalNumber.increment_value	method	defined	0	-
manimlib.mobject.numbers	DecimalNumber.interpolate	method	defined	0	-
manimlib.mobject.numbers	DecimalNumber.set_submobjects_from_number	method	defined	0	-
manimlib.mobject.numbers	DecimalNumber.set_value	method	defined	0	-
manimlib.mobject.numbers	Integer	class	defined	1	DecimalNumber
manimlib.mobject.numbers	Integer.__init__	method	defined	0	-
manimlib.mobject.numbers	Integer.get_value	method	defined	0	-
manimlib.mobject.numbers	char_to_cahced_mob	function	defined	1	-
manimlib.mobject.numbers	lru_cache	leaked_import	functools	1	-
manimlib.mobject.probability	BarChart	class	defined	1	VGroup
manimlib.mobject.probability	BarChart.__init__	method	defined	0	-
manimlib.mobject.probability	BarChart.add_axes	method	defined	0	-
manimlib.mobject.probability	BarChart.add_bars	method	defined	0	-
manimlib.mobject.probability	BarChart.change_bar_values	method	defined	0	-
manimlib.mobject.probability	EPSILON	constant	defined	1	0.0001
manimlib.mobject.probability	SampleSpace	class	defined	1	Rectangle
manimlib.mobject.probability	SampleSpace.__init__	method	defined	0	-
manimlib.mobject.probability	SampleSpace.add_braces_and_labels	method	defined	0	-
manimlib.mobject.probability	SampleSpace.add_label	method	defined	0	-
manimlib.mobject.probability	SampleSpace.add_title	method	defined	0	-
manimlib.mobject.probability	SampleSpace.complete_p_list	method	defined	0	-
manimlib.mobject.probability	SampleSpace.divide_horizontally	method	defined	0	-
manimlib.mobject.probability	SampleSpace.divide_vertically	method	defined	0	-
manimlib.mobject.probability	SampleSpace.get_bottom_braces_and_labels	method	defined	0	-
manimlib.mobject.probability	SampleSpace.get_division_along_dimension	method	defined	0	-
manimlib.mobject.probability	SampleSpace.get_horizontal_division	method	defined	0	-
manimlib.mobject.probability	SampleSpace.get_side_braces_and_labels	method	defined	0	-
manimlib.mobject.probability	SampleSpace.get_subdivision_braces_and_labels	method	defined	0	-
manimlib.mobject.probability	SampleSpace.get_top_braces_and_labels	method	defined	0	-
manimlib.mobject.probability	SampleSpace.get_vertical_division	method	defined	0	-
manimlib.mobject.shape_matchers	BackgroundRectangle	class	defined	1	SurroundingRectangle
manimlib.mobject.shape_matchers	BackgroundRectangle.__init__	method	defined	0	-
manimlib.mobject.shape_matchers	BackgroundRectangle.get_fill_color	method	defined	0	-
manimlib.mobject.shape_matchers	BackgroundRectangle.pointwise_become_partial	method	defined	0	-
manimlib.mobject.shape_matchers	BackgroundRectangle.set_style	method	defined	0	-
manimlib.mobject.shape_matchers	Color	leaked_import	colour	1	-
manimlib.mobject.shape_matchers	Cross	class	defined	1	VGroup
manimlib.mobject.shape_matchers	Cross.__init__	method	defined	0	-
manimlib.mobject.shape_matchers	SurroundingRectangle	class	defined	1	Rectangle
manimlib.mobject.shape_matchers	SurroundingRectangle.__init__	method	defined	0	-
manimlib.mobject.shape_matchers	SurroundingRectangle.set_buff	method	defined	0	-
manimlib.mobject.shape_matchers	SurroundingRectangle.surround	method	defined	0	-
manimlib.mobject.shape_matchers	Underline	class	defined	1	Line
manimlib.mobject.shape_matchers	Underline.__init__	method	defined	0	-
manimlib.mobject.svg.brace	Brace	class	defined	1	Tex
manimlib.mobject.svg.brace	Brace.__init__	method	defined	0	-
manimlib.mobject.svg.brace	Brace.get_direction	method	defined	0	-
manimlib.mobject.svg.brace	Brace.get_tex	method	defined	0	-
manimlib.mobject.svg.brace	Brace.get_text	method	defined	0	-
manimlib.mobject.svg.brace	Brace.get_tip	method	defined	0	-
manimlib.mobject.svg.brace	Brace.put_at_tip	method	defined	0	-
manimlib.mobject.svg.brace	Brace.set_initial_width	method	defined	0	-
manimlib.mobject.svg.brace	BraceLabel	class	defined	1	VMobject
manimlib.mobject.svg.brace	BraceLabel.__init__	method	defined	0	-
manimlib.mobject.svg.brace	BraceLabel.change_brace_label	method	defined	0	-
manimlib.mobject.svg.brace	BraceLabel.change_label	method	defined	0	-
manimlib.mobject.svg.brace	BraceLabel.copy	method	defined	0	-
manimlib.mobject.svg.brace	BraceLabel.creation_anim	method	defined	0	-
manimlib.mobject.svg.brace	BraceLabel.label_constructor	attribute	defined	0	Tex
manimlib.mobject.svg.brace	BraceLabel.shift_brace	method	defined	0	-
manimlib.mobject.svg.brace	BraceText	class	defined	1	BraceLabel
manimlib.mobject.svg.brace	BraceText.label_constructor	attribute	defined	0	TexText
manimlib.mobject.svg.brace	LineBrace	class	defined	1	Brace
manimlib.mobject.svg.brace	LineBrace.__init__	method	defined	0	-
manimlib.mobject.svg.drawings	Bubble	class	defined	1	VGroup
manimlib.mobject.svg.drawings	Bubble.__init__	method	defined	0	-
manimlib.mobject.svg.drawings	Bubble.add_content	method	defined	0	-
manimlib.mobject.svg.drawings	Bubble.bubble_center_adjustment_factor	attribute	defined	0	0.125
manimlib.mobject.svg.drawings	Bubble.clear	method	defined	0	-
manimlib.mobject.svg.drawings	Bubble.file_name	attribute	defined	0	'Bubbles_speech.svg'
manimlib.mobject.svg.drawings	Bubble.flip	method	defined	0	-
manimlib.mobject.svg.drawings	Bubble.get_body	method	defined	0	-
manimlib.mobject.svg.drawings	Bubble.get_bubble_center	method	defined	0	-
manimlib.mobject.svg.drawings	Bubble.get_tip	method	defined	0	-
manimlib.mobject.svg.drawings	Bubble.move_tip_to	method	defined	0	-
manimlib.mobject.svg.drawings	Bubble.pin_to	method	defined	0	-
manimlib.mobject.svg.drawings	Bubble.position_mobject_inside	method	defined	0	-
manimlib.mobject.svg.drawings	Bubble.resize_to_content	method	defined	0	-
manimlib.mobject.svg.drawings	Bubble.write	method	defined	0	-
manimlib.mobject.svg.drawings	Checkmark	class	defined	1	TexTextFromPresetString
manimlib.mobject.svg.drawings	Checkmark.default_color	attribute	defined	0	GREEN
manimlib.mobject.svg.drawings	Checkmark.tex	attribute	defined	0	'\\ding{51}'
manimlib.mobject.svg.drawings	Clock	class	defined	1	VGroup
manimlib.mobject.svg.drawings	Clock.__init__	method	defined	0	-
manimlib.mobject.svg.drawings	ClockPassesTime	class	defined	1	AnimationGroup
manimlib.mobject.svg.drawings	ClockPassesTime.__init__	method	defined	0	-
manimlib.mobject.svg.drawings	Dartboard	class	defined	1	VGroup
manimlib.mobject.svg.drawings	Dartboard.__init__	method	defined	0	-
manimlib.mobject.svg.drawings	Dartboard.n_sectors	attribute	defined	0	20
manimlib.mobject.svg.drawings	Dartboard.radius	attribute	defined	0	3
manimlib.mobject.svg.drawings	DieFace	class	defined	1	VGroup
manimlib.mobject.svg.drawings	DieFace.__init__	method	defined	0	-
manimlib.mobject.svg.drawings	DoubleSpeechBubble	class	defined	1	Bubble
manimlib.mobject.svg.drawings	DoubleSpeechBubble.file_name	attribute	defined	0	'Bubbles_double_speech.svg'
manimlib.mobject.svg.drawings	Exmark	class	defined	1	TexTextFromPresetString
manimlib.mobject.svg.drawings	Exmark.default_color	attribute	defined	0	RED
manimlib.mobject.svg.drawings	Exmark.tex	attribute	defined	0	'\\ding{55}'
manimlib.mobject.svg.drawings	Laptop	class	defined	1	VGroup
manimlib.mobject.svg.drawings	Laptop.__init__	method	defined	0	-
manimlib.mobject.svg.drawings	Lightbulb	class	defined	1	SVGMobject
manimlib.mobject.svg.drawings	Lightbulb.__init__	method	defined	0	-
manimlib.mobject.svg.drawings	Lightbulb.file_name	attribute	defined	0	'lightbulb'
manimlib.mobject.svg.drawings	OldSpeechBubble	class	defined	1	Bubble
manimlib.mobject.svg.drawings	OldSpeechBubble.file_name	attribute	defined	0	'Bubbles_speech.svg'
manimlib.mobject.svg.drawings	OldThoughtBubble	class	defined	1	Bubble
manimlib.mobject.svg.drawings	OldThoughtBubble.file_name	attribute	defined	0	'Bubbles_thought.svg'
manimlib.mobject.svg.drawings	OldThoughtBubble.get_body	method	defined	0	-
manimlib.mobject.svg.drawings	OldThoughtBubble.make_green_screen	method	defined	0	-
manimlib.mobject.svg.drawings	Piano	class	defined	1	VGroup
manimlib.mobject.svg.drawings	Piano.__init__	method	defined	0	-
manimlib.mobject.svg.drawings	Piano.add_black_keys	method	defined	0	-
manimlib.mobject.svg.drawings	Piano.add_white_keys	method	defined	0	-
manimlib.mobject.svg.drawings	Piano.sort_keys	method	defined	0	-
manimlib.mobject.svg.drawings	Piano3D	class	defined	1	VGroup
manimlib.mobject.svg.drawings	Piano3D.__init__	method	defined	0	-
manimlib.mobject.svg.drawings	SpeechBubble	class	defined	1	Bubble
manimlib.mobject.svg.drawings	SpeechBubble.__init__	method	defined	0	-
manimlib.mobject.svg.drawings	SpeechBubble.get_body	method	defined	0	-
manimlib.mobject.svg.drawings	Speedometer	class	defined	1	VMobject
manimlib.mobject.svg.drawings	Speedometer.__init__	method	defined	0	-
manimlib.mobject.svg.drawings	Speedometer.get_center	method	defined	0	-
manimlib.mobject.svg.drawings	Speedometer.get_needle_angle	method	defined	0	-
manimlib.mobject.svg.drawings	Speedometer.get_needle_tip	method	defined	0	-
manimlib.mobject.svg.drawings	Speedometer.move_needle_to_velocity	method	defined	0	-
manimlib.mobject.svg.drawings	Speedometer.rotate_needle	method	defined	0	-
manimlib.mobject.svg.drawings	ThoughtBubble	class	defined	1	Bubble
manimlib.mobject.svg.drawings	ThoughtBubble.__init__	method	defined	0	-
manimlib.mobject.svg.drawings	ThoughtBubble.get_body	method	defined	0	-
manimlib.mobject.svg.drawings	VectorizedEarth	class	defined	1	SVGMobject
manimlib.mobject.svg.drawings	VectorizedEarth.__init__	method	defined	0	-
manimlib.mobject.svg.drawings	VectorizedEarth.file_name	attribute	defined	0	'earth'
manimlib.mobject.svg.drawings	VideoIcon	class	defined	1	SVGMobject
manimlib.mobject.svg.drawings	VideoIcon.__init__	method	defined	0	-
manimlib.mobject.svg.drawings	VideoIcon.file_name	attribute	defined	0	'video_icon'
manimlib.mobject.svg.drawings	VideoSeries	class	defined	1	VGroup
manimlib.mobject.svg.drawings	VideoSeries.__init__	method	defined	0	-
manimlib.mobject.svg.old_tex_mobject	OldTex	class	defined	0	SingleStringTex
manimlib.mobject.svg.old_tex_mobject	OldTex.__init__	method	defined	0	-
manimlib.mobject.svg.old_tex_mobject	OldTex.break_up_by_substrings	method	defined	0	-
manimlib.mobject.svg.old_tex_mobject	OldTex.break_up_tex_strings	method	defined	0	-
manimlib.mobject.svg.old_tex_mobject	OldTex.get_part_by_tex	method	defined	0	-
manimlib.mobject.svg.old_tex_mobject	OldTex.get_parts_by_tex	method	defined	0	-
manimlib.mobject.svg.old_tex_mobject	OldTex.index_of_part	method	defined	0	-
manimlib.mobject.svg.old_tex_mobject	OldTex.index_of_part_by_tex	method	defined	0	-
manimlib.mobject.svg.old_tex_mobject	OldTex.set_bstroke	method	defined	0	-
manimlib.mobject.svg.old_tex_mobject	OldTex.set_color_by_tex	method	defined	0	-
manimlib.mobject.svg.old_tex_mobject	OldTex.set_color_by_tex_to_color_map	method	defined	0	-
manimlib.mobject.svg.old_tex_mobject	OldTex.slice_by_tex	method	defined	0	-
manimlib.mobject.svg.old_tex_mobject	OldTex.sort_alphabetically	method	defined	0	-
manimlib.mobject.svg.old_tex_mobject	OldTexText	class	defined	0	OldTex
manimlib.mobject.svg.old_tex_mobject	OldTexText.__init__	method	defined	0	-
manimlib.mobject.svg.old_tex_mobject	SingleStringTex	class	defined	0	SVGMobject
manimlib.mobject.svg.old_tex_mobject	SingleStringTex.__init__	method	defined	0	-
manimlib.mobject.svg.old_tex_mobject	SingleStringTex.balance_braces	method	defined	0	-
manimlib.mobject.svg.old_tex_mobject	SingleStringTex.get_modified_expression	method	defined	0	-
manimlib.mobject.svg.old_tex_mobject	SingleStringTex.get_svg_string_by_content	method	defined	0	-
manimlib.mobject.svg.old_tex_mobject	SingleStringTex.get_tex	method	defined	0	-
manimlib.mobject.svg.old_tex_mobject	SingleStringTex.get_tex_file_body	method	defined	0	-
manimlib.mobject.svg.old_tex_mobject	SingleStringTex.hash_seed	property	defined	0	-
manimlib.mobject.svg.old_tex_mobject	SingleStringTex.height	attribute	defined	0	None
manimlib.mobject.svg.old_tex_mobject	SingleStringTex.modify_special_strings	method	defined	0	-
manimlib.mobject.svg.old_tex_mobject	SingleStringTex.organize_submobjects_left_to_right	method	defined	0	-
manimlib.mobject.svg.special_tex	BulletedList	class	defined	1	VGroup
manimlib.mobject.svg.special_tex	BulletedList.__init__	method	defined	0	-
manimlib.mobject.svg.special_tex	BulletedList.fade_all_but	method	defined	0	-
manimlib.mobject.svg.special_tex	TexTextFromPresetString	class	defined	1	TexText
manimlib.mobject.svg.special_tex	TexTextFromPresetString.__init__	method	defined	0	-
manimlib.mobject.svg.special_tex	TexTextFromPresetString.default_color	attribute	defined	0	DEFAULT_MOBJECT_COLOR
manimlib.mobject.svg.special_tex	TexTextFromPresetString.tex	attribute	defined	0	''
manimlib.mobject.svg.special_tex	Title	class	defined	1	TexText
manimlib.mobject.svg.special_tex	Title.__init__	method	defined	0	-
manimlib.mobject.svg.string_mobject	StringMobject	class	defined	1	SVGMobject,ABC
manimlib.mobject.svg.string_mobject	StringMobject.__init__	method	defined	0	-
manimlib.mobject.svg.string_mobject	StringMobject.assign_labels_by_color	method	defined	0	-
manimlib.mobject.svg.string_mobject	StringMobject.build_groups	method	defined	0	-
manimlib.mobject.svg.string_mobject	StringMobject.build_parts_from_indices_lists	method	defined	0	-
manimlib.mobject.svg.string_mobject	StringMobject.find_spans_by_selector	method	defined	0	-
manimlib.mobject.svg.string_mobject	StringMobject.get_attr_dict_from_command_pair	method	defined	0	-
manimlib.mobject.svg.string_mobject	StringMobject.get_command_flag	method	defined	0	-
manimlib.mobject.svg.string_mobject	StringMobject.get_command_matches	method	defined	0	-
manimlib.mobject.svg.string_mobject	StringMobject.get_command_string	method	defined	0	-
manimlib.mobject.svg.string_mobject	StringMobject.get_configured_items	method	defined	0	-
manimlib.mobject.svg.string_mobject	StringMobject.get_content	method	defined	0	-
manimlib.mobject.svg.string_mobject	StringMobject.get_content_prefix_and_suffix	method	defined	0	-
manimlib.mobject.svg.string_mobject	StringMobject.get_group_part_items	method	defined	0	-
manimlib.mobject.svg.string_mobject	StringMobject.get_specified_part_items	method	defined	0	-
manimlib.mobject.svg.string_mobject	StringMobject.get_specified_substrings	method	defined	0	-
manimlib.mobject.svg.string_mobject	StringMobject.get_string	method	defined	0	-
manimlib.mobject.svg.string_mobject	StringMobject.get_submob_indices_list_by_span	method	defined	0	-
manimlib.mobject.svg.string_mobject	StringMobject.get_submob_indices_lists_by_selector	method	defined	0	-
manimlib.mobject.svg.string_mobject	StringMobject.get_svg_string	method	defined	0	-
manimlib.mobject.svg.string_mobject	StringMobject.get_svg_string_by_content	method	defined	0	-
manimlib.mobject.svg.string_mobject	StringMobject.get_symbol_substrings	method	defined	0	-
manimlib.mobject.svg.string_mobject	StringMobject.height	attribute	defined	0	None
manimlib.mobject.svg.string_mobject	StringMobject.mobjects_from_svg_string	method	defined	0	-
manimlib.mobject.svg.string_mobject	StringMobject.parse	method	defined	0	-
manimlib.mobject.svg.string_mobject	StringMobject.rearrange_submobjects_by_positions	method	defined	0	-
manimlib.mobject.svg.string_mobject	StringMobject.replace_for_content	method	defined	0	-
manimlib.mobject.svg.string_mobject	StringMobject.replace_for_matching	method	defined	0	-
manimlib.mobject.svg.string_mobject	StringMobject.select_part	method	defined	0	-
manimlib.mobject.svg.string_mobject	StringMobject.select_parts	method	defined	0	-
manimlib.mobject.svg.string_mobject	StringMobject.select_unisolated_substring	method	defined	0	-
manimlib.mobject.svg.string_mobject	StringMobject.set_parts_color	method	defined	0	-
manimlib.mobject.svg.string_mobject	StringMobject.set_parts_color_by_dict	method	defined	0	-
manimlib.mobject.svg.string_mobject	StringMobject.span_contains	method	defined	0	-
manimlib.mobject.svg.string_mobject	StringMobject.substr_to_path_count	method	defined	0	-
manimlib.mobject.svg.string_mobject	cdist	leaked_import	scipy.spatial.distance	1	-
manimlib.mobject.svg.string_mobject	linear_sum_assignment	leaked_import	scipy.optimize	1	-
manimlib.mobject.svg.string_mobject	re	leaked_import	re	1	-
manimlib.mobject.svg.svg_mobject	ET	leaked_import	xml.etree	1	-
manimlib.mobject.svg.svg_mobject	PATH_TO_POINTS	constant	defined	1	{}
manimlib.mobject.svg.svg_mobject	Path	leaked_import	pathlib	1	-
manimlib.mobject.svg.svg_mobject	SVGMobject	class	defined	1	VMobject
manimlib.mobject.svg.svg_mobject	SVGMobject.__init__	method	defined	0	-
manimlib.mobject.svg.svg_mobject	SVGMobject.apply_style_to_mobject	method	defined	0	-
manimlib.mobject.svg.svg_mobject	SVGMobject.ellipse_to_mobject	method	defined	0	-
manimlib.mobject.svg.svg_mobject	SVGMobject.file_name	attribute	defined	0	''
manimlib.mobject.svg.svg_mobject	SVGMobject.file_name_to_svg_string	method	defined	0	-
manimlib.mobject.svg.svg_mobject	SVGMobject.generate_config_style_dict	method	defined	0	-
manimlib.mobject.svg.svg_mobject	SVGMobject.handle_transform	method	defined	0	-
manimlib.mobject.svg.svg_mobject	SVGMobject.hash_seed	property	defined	0	-
manimlib.mobject.svg.svg_mobject	SVGMobject.height	attribute	defined	0	2.0
manimlib.mobject.svg.svg_mobject	SVGMobject.init_svg_mobject	method	defined	0	-
manimlib.mobject.svg.svg_mobject	SVGMobject.line_to_mobject	method	defined	0	-
manimlib.mobject.svg.svg_mobject	SVGMobject.mobjects_from_svg	method	defined	0	-
manimlib.mobject.svg.svg_mobject	SVGMobject.mobjects_from_svg_string	method	defined	0	-
manimlib.mobject.svg.svg_mobject	SVGMobject.modify_xml_tree	method	defined	0	-
manimlib.mobject.svg.svg_mobject	SVGMobject.path_to_mobject	method	defined	0	-
manimlib.mobject.svg.svg_mobject	SVGMobject.polygon_to_mobject	method	defined	0	-
manimlib.mobject.svg.svg_mobject	SVGMobject.polyline_to_mobject	method	defined	0	-
manimlib.mobject.svg.svg_mobject	SVGMobject.rect_to_mobject	method	defined	0	-
manimlib.mobject.svg.svg_mobject	SVGMobject.text_to_mobject	method	defined	0	-
manimlib.mobject.svg.svg_mobject	SVGMobject.width	attribute	defined	0	None
manimlib.mobject.svg.svg_mobject	SVG_HASH_TO_MOB_MAP	constant	defined	1	{}
manimlib.mobject.svg.svg_mobject	VMobjectFromSVGPath	class	defined	1	VMobject
manimlib.mobject.svg.svg_mobject	VMobjectFromSVGPath.__init__	method	defined	0	-
manimlib.mobject.svg.svg_mobject	VMobjectFromSVGPath.handle_arc	method	defined	0	-
manimlib.mobject.svg.svg_mobject	VMobjectFromSVGPath.handle_commands	method	defined	0	-
manimlib.mobject.svg.svg_mobject	VMobjectFromSVGPath.init_points	method	defined	0	-
manimlib.mobject.svg.svg_mobject	_convert_point_to_3d	function	defined	0	-
manimlib.mobject.svg.svg_mobject	get_svg_content_height	function	defined	1	-
manimlib.mobject.svg.svg_mobject	io	leaked_import	io	1	-
manimlib.mobject.svg.svg_mobject	se	leaked_import	svgelements	1	-
manimlib.mobject.svg.tex_mobject	Tex	class	defined	1	StringMobject
manimlib.mobject.svg.tex_mobject	Tex.__init__	method	defined	0	-
manimlib.mobject.svg.tex_mobject	Tex.get_attr_dict_from_command_pair	method	defined	0	-
manimlib.mobject.svg.tex_mobject	Tex.get_color_command	method	defined	0	-
manimlib.mobject.svg.tex_mobject	Tex.get_command_flag	method	defined	0	-
manimlib.mobject.svg.tex_mobject	Tex.get_command_matches	method	defined	0	-
manimlib.mobject.svg.tex_mobject	Tex.get_command_string	method	defined	0	-
manimlib.mobject.svg.tex_mobject	Tex.get_configured_items	method	defined	0	-
manimlib.mobject.svg.tex_mobject	Tex.get_content_prefix_and_suffix	method	defined	0	-
manimlib.mobject.svg.tex_mobject	Tex.get_part_by_tex	method	defined	0	-
manimlib.mobject.svg.tex_mobject	Tex.get_parts_by_tex	method	defined	0	-
manimlib.mobject.svg.tex_mobject	Tex.get_svg_string_by_content	method	defined	0	-
manimlib.mobject.svg.tex_mobject	Tex.get_symbol_substrings	method	defined	0	-
manimlib.mobject.svg.tex_mobject	Tex.get_tex	method	defined	0	-
manimlib.mobject.svg.tex_mobject	Tex.make_number_changeable	method	defined	0	-
manimlib.mobject.svg.tex_mobject	Tex.replace_for_content	method	defined	0	-
manimlib.mobject.svg.tex_mobject	Tex.replace_for_matching	method	defined	0	-
manimlib.mobject.svg.tex_mobject	Tex.set_color_by_tex	method	defined	0	-
manimlib.mobject.svg.tex_mobject	Tex.set_color_by_tex_to_color_map	method	defined	0	-
manimlib.mobject.svg.tex_mobject	Tex.substr_to_path_count	method	defined	0	-
manimlib.mobject.svg.tex_mobject	Tex.tex_environment	attribute	defined	0	'align*'
manimlib.mobject.svg.tex_mobject	TexText	class	defined	1	Tex
manimlib.mobject.svg.tex_mobject	TexText.tex_environment	attribute	defined	0	''
manimlib.mobject.svg.tex_mobject	get_tex_mob_scale_factor	function	defined	1	-
manimlib.mobject.svg.text_mobject	Code	class	defined	1	MarkupText
manimlib.mobject.svg.text_mobject	Code.__init__	method	defined	0	-
manimlib.mobject.svg.text_mobject	DEFAULT_CANVAS_HEIGHT	constant	defined	1	16384
manimlib.mobject.svg.text_mobject	DEFAULT_CANVAS_WIDTH	constant	defined	1	16384
manimlib.mobject.svg.text_mobject	DEFAULT_LINE_SPACING_SCALE	constant	defined	1	0.6
manimlib.mobject.svg.text_mobject	MarkupText	class	defined	1	StringMobject
manimlib.mobject.svg.text_mobject	MarkupText.MARKUP_ENTITY_DICT	attribute	defined	0	{'<': '&lt;', '>': '&gt;', '&': '&amp;', '"': '&quot;', "'": '&apos;'}
manimlib.mobject.svg.text_mobject	MarkupText.MARKUP_TAGS	attribute	defined	0	{'b': {'font_weight': 'bold'}, 'big': {'font_size': 'larger'}, 'i': {'font_style': 'italic'}, 's': {'strikethrough': 'true'}, 'sub': {'baseline_shift': 'subscript', 'font_scale': 'subscript'}, 'sup': {'baseline_shift': 'superscript', 'font_scale': 'superscript'}, 'small': {'font_size': 'smaller'}, 'tt': {'font_family': 'monospace'}, 'u': {'underline': 'single'}}
manimlib.mobject.svg.text_mobject	MarkupText.__init__	method	defined	0	-
manimlib.mobject.svg.text_mobject	MarkupText.escape_markup_char	method	defined	0	-
manimlib.mobject.svg.text_mobject	MarkupText.get_attr_dict_from_command_pair	method	defined	0	-
manimlib.mobject.svg.text_mobject	MarkupText.get_command_flag	method	defined	0	-
manimlib.mobject.svg.text_mobject	MarkupText.get_command_matches	method	defined	0	-
manimlib.mobject.svg.text_mobject	MarkupText.get_command_string	method	defined	0	-
manimlib.mobject.svg.text_mobject	MarkupText.get_configured_items	method	defined	0	-
manimlib.mobject.svg.text_mobject	MarkupText.get_content_prefix_and_suffix	method	defined	0	-
manimlib.mobject.svg.text_mobject	MarkupText.get_part_by_text	method	defined	0	-
manimlib.mobject.svg.text_mobject	MarkupText.get_parts_by_text	method	defined	0	-
manimlib.mobject.svg.text_mobject	MarkupText.get_svg_string_by_content	method	defined	0	-
manimlib.mobject.svg.text_mobject	MarkupText.get_text	method	defined	0	-
manimlib.mobject.svg.text_mobject	MarkupText.replace_for_content	method	defined	0	-
manimlib.mobject.svg.text_mobject	MarkupText.replace_for_matching	method	defined	0	-
manimlib.mobject.svg.text_mobject	MarkupText.set_color_by_text	method	defined	0	-
manimlib.mobject.svg.text_mobject	MarkupText.set_color_by_text_to_color_map	method	defined	0	-
manimlib.mobject.svg.text_mobject	MarkupText.unescape_markup_char	method	defined	0	-
manimlib.mobject.svg.text_mobject	Text	class	defined	1	MarkupText
manimlib.mobject.svg.text_mobject	Text.__init__	method	defined	0	-
manimlib.mobject.svg.text_mobject	Text.get_command_flag	method	defined	0	-
manimlib.mobject.svg.text_mobject	Text.get_command_matches	method	defined	0	-
manimlib.mobject.svg.text_mobject	Text.replace_for_content	method	defined	0	-
manimlib.mobject.svg.text_mobject	Text.replace_for_matching	method	defined	0	-
manimlib.mobject.svg.text_mobject	_Alignment	class	defined	0	-
manimlib.mobject.svg.text_mobject	_Alignment.VAL_DICT	attribute	defined	0	{'LEFT': 0, 'CENTER': 1, 'RIGHT': 2}
manimlib.mobject.svg.text_mobject	_Alignment.__init__	method	defined	0	-
manimlib.mobject.svg.text_mobject	contextmanager	leaked_import	contextlib	1	-
manimlib.mobject.svg.text_mobject	get_text_mob_scale_factor	function	defined	1	-
manimlib.mobject.svg.text_mobject	manimpango	leaked_import	manimpango	1	-
manimlib.mobject.svg.text_mobject	markup_to_svg	function	defined	1	-
manimlib.mobject.svg.text_mobject	pygments	leaked_import	pygments.lexers	1	-
manimlib.mobject.svg.text_mobject	register_font	function	defined	1	-
manimlib.mobject.svg.text_mobject	tempfile	leaked_import	tempfile	1	-
manimlib.mobject.three_dimensions	Cone	class	defined	1	Cylinder
manimlib.mobject.three_dimensions	Cone.__init__	method	defined	0	-
manimlib.mobject.three_dimensions	Cone.uv_func	method	defined	0	-
manimlib.mobject.three_dimensions	Cube	class	defined	1	SGroup
manimlib.mobject.three_dimensions	Cube.__init__	method	defined	0	-
manimlib.mobject.three_dimensions	Cylinder	class	defined	1	Surface
manimlib.mobject.three_dimensions	Cylinder.__init__	method	defined	0	-
manimlib.mobject.three_dimensions	Cylinder.init_points	method	defined	0	-
manimlib.mobject.three_dimensions	Cylinder.uv_func	method	defined	0	-
manimlib.mobject.three_dimensions	Disk3D	class	defined	1	Surface
manimlib.mobject.three_dimensions	Disk3D.__init__	method	defined	0	-
manimlib.mobject.three_dimensions	Disk3D.uv_func	method	defined	0	-
manimlib.mobject.three_dimensions	Dodecahedron	class	defined	1	VGroup3D
manimlib.mobject.three_dimensions	Dodecahedron.__init__	method	defined	0	-
manimlib.mobject.three_dimensions	Line3D	class	defined	1	Cylinder
manimlib.mobject.three_dimensions	Line3D.__init__	method	defined	0	-
manimlib.mobject.three_dimensions	Prism	class	defined	1	Cube
manimlib.mobject.three_dimensions	Prism.__init__	method	defined	0	-
manimlib.mobject.three_dimensions	Prismify	class	defined	1	VGroup3D
manimlib.mobject.three_dimensions	Prismify.__init__	method	defined	0	-
manimlib.mobject.three_dimensions	Sphere	class	defined	1	Surface
manimlib.mobject.three_dimensions	Sphere.__init__	method	defined	0	-
manimlib.mobject.three_dimensions	Sphere.uv_func	method	defined	0	-
manimlib.mobject.three_dimensions	Square3D	class	defined	1	Surface
manimlib.mobject.three_dimensions	Square3D.__init__	method	defined	0	-
manimlib.mobject.three_dimensions	Square3D.uv_func	method	defined	0	-
manimlib.mobject.three_dimensions	SurfaceMesh	class	defined	1	VGroup
manimlib.mobject.three_dimensions	SurfaceMesh.__init__	method	defined	0	-
manimlib.mobject.three_dimensions	SurfaceMesh.init_points	method	defined	0	-
manimlib.mobject.three_dimensions	Torus	class	defined	1	Surface
manimlib.mobject.three_dimensions	Torus.__init__	method	defined	0	-
manimlib.mobject.three_dimensions	Torus.uv_func	method	defined	0	-
manimlib.mobject.three_dimensions	VCube	class	defined	1	VGroup3D
manimlib.mobject.three_dimensions	VCube.__init__	method	defined	0	-
manimlib.mobject.three_dimensions	VGroup3D	class	defined	1	VGroup
manimlib.mobject.three_dimensions	VGroup3D.__init__	method	defined	0	-
manimlib.mobject.three_dimensions	VPrism	class	defined	1	VCube
manimlib.mobject.three_dimensions	VPrism.__init__	method	defined	0	-
manimlib.mobject.three_dimensions	square_to_cube_faces	function	defined	1	-
manimlib.mobject.types.dot_cloud	DEFAULT_BUFF_RATIO	constant	defined	1	0.5
manimlib.mobject.types.dot_cloud	DEFAULT_DOT_RADIUS	constant	defined	1	0.05
manimlib.mobject.types.dot_cloud	DEFAULT_GLOW_DOT_RADIUS	constant	defined	1	0.2
manimlib.mobject.types.dot_cloud	DEFAULT_GRID_HEIGHT	constant	defined	1	6
manimlib.mobject.types.dot_cloud	DotCloud	class	defined	1	PMobject
manimlib.mobject.types.dot_cloud	DotCloud.__init__	method	defined	0	-
manimlib.mobject.types.dot_cloud	DotCloud.compute_bounding_box	method	defined	0	-
manimlib.mobject.types.dot_cloud	DotCloud.data_dtype	attribute	defined	0	[('point', np.float32, (3,)), ('radius', np.float32, (1,)), ('rgba', np.float32, (4,))]
manimlib.mobject.types.dot_cloud	DotCloud.get_glow_factor	method	defined	0	-
manimlib.mobject.types.dot_cloud	DotCloud.get_radii	method	defined	0	-
manimlib.mobject.types.dot_cloud	DotCloud.get_radius	method	defined	0	-
manimlib.mobject.types.dot_cloud	DotCloud.init_uniforms	method	defined	0	-
manimlib.mobject.types.dot_cloud	DotCloud.make_3d	method	defined	0	-
manimlib.mobject.types.dot_cloud	DotCloud.render_primitive	attribute	defined	0	moderngl.POINTS
manimlib.mobject.types.dot_cloud	DotCloud.scale	method	defined	0	-
manimlib.mobject.types.dot_cloud	DotCloud.scale_radii	method	defined	0	-
manimlib.mobject.types.dot_cloud	DotCloud.set_glow_factor	method	defined	0	-
manimlib.mobject.types.dot_cloud	DotCloud.set_radii	method	defined	0	-
manimlib.mobject.types.dot_cloud	DotCloud.set_radius	method	defined	0	-
manimlib.mobject.types.dot_cloud	DotCloud.shader_folder	attribute	defined	0	'true_dot'
manimlib.mobject.types.dot_cloud	DotCloud.to_grid	method	defined	0	-
manimlib.mobject.types.dot_cloud	GlowDot	class	defined	1	GlowDots
manimlib.mobject.types.dot_cloud	GlowDot.__init__	method	defined	0	-
manimlib.mobject.types.dot_cloud	GlowDots	class	defined	1	DotCloud
manimlib.mobject.types.dot_cloud	GlowDots.__init__	method	defined	0	-
manimlib.mobject.types.dot_cloud	TrueDot	class	defined	1	DotCloud
manimlib.mobject.types.dot_cloud	TrueDot.__init__	method	defined	0	-
manimlib.mobject.types.image_mobject	ImageMobject	class	defined	1	Mobject
manimlib.mobject.types.image_mobject	ImageMobject.__init__	method	defined	0	-
manimlib.mobject.types.image_mobject	ImageMobject.data_dtype	attribute	defined	0	[('point', np.float32, (3,)), ('im_coords', np.float32, (2,)), ('opacity', np.float32, (1,))]
manimlib.mobject.types.image_mobject	ImageMobject.init_data	method	defined	0	-
manimlib.mobject.types.image_mobject	ImageMobject.init_points	method	defined	0	-
manimlib.mobject.types.image_mobject	ImageMobject.point_to_rgb	method	defined	0	-
manimlib.mobject.types.image_mobject	ImageMobject.render_primitive	attribute	defined	0	moderngl.TRIANGLES
manimlib.mobject.types.image_mobject	ImageMobject.set_color	method	defined	0	-
manimlib.mobject.types.image_mobject	ImageMobject.set_opacity	method	defined	0	-
manimlib.mobject.types.image_mobject	ImageMobject.shader_folder	attribute	defined	0	'image'
manimlib.mobject.types.point_cloud_mobject	PGroup	class	defined	1	PMobject
manimlib.mobject.types.point_cloud_mobject	PGroup.__init__	method	defined	0	-
manimlib.mobject.types.point_cloud_mobject	PMobject	class	defined	1	Mobject
manimlib.mobject.types.point_cloud_mobject	PMobject.add_point	method	defined	0	-
manimlib.mobject.types.point_cloud_mobject	PMobject.add_points	method	defined	0	-
manimlib.mobject.types.point_cloud_mobject	PMobject.filter_out	method	defined	0	-
manimlib.mobject.types.point_cloud_mobject	PMobject.ingest_submobjects	method	defined	0	-
manimlib.mobject.types.point_cloud_mobject	PMobject.match_colors	method	defined	0	-
manimlib.mobject.types.point_cloud_mobject	PMobject.point_from_proportion	method	defined	0	-
manimlib.mobject.types.point_cloud_mobject	PMobject.pointwise_become_partial	method	defined	0	-
manimlib.mobject.types.point_cloud_mobject	PMobject.set_color_by_gradient	method	defined	0	-
manimlib.mobject.types.point_cloud_mobject	PMobject.set_points	method	defined	0	-
manimlib.mobject.types.point_cloud_mobject	PMobject.sort_points	method	defined	0	-
manimlib.mobject.types.surface	ParametricSurface	class	defined	1	Surface
manimlib.mobject.types.surface	ParametricSurface.__init__	method	defined	0	-
manimlib.mobject.types.surface	ParametricSurface.uv_func	method	defined	0	-
manimlib.mobject.types.surface	SGroup	class	defined	1	Surface
manimlib.mobject.types.surface	SGroup.__init__	method	defined	0	-
manimlib.mobject.types.surface	SGroup.init_points	method	defined	0	-
manimlib.mobject.types.surface	Surface	class	defined	1	Mobject
manimlib.mobject.types.surface	Surface.__init__	method	defined	0	-
manimlib.mobject.types.surface	Surface.always_sort_to_camera	method	defined	0	-
manimlib.mobject.types.surface	Surface.apply_points_function	method	defined	0	-
manimlib.mobject.types.surface	Surface.color_by_uv_function	method	defined	0	-
manimlib.mobject.types.surface	Surface.compute_triangle_indices	method	defined	0	-
manimlib.mobject.types.surface	Surface.data_dtype	attribute	defined	0	np.dtype([('point', np.float32, (3,)), ('d_normal_point', np.float32, (3,)), ('rgba', np.float32, (4,))])
manimlib.mobject.types.surface	Surface.get_partial_points_array	method	defined	0	-
manimlib.mobject.types.surface	Surface.get_shader_vert_indices	method	defined	0	-
manimlib.mobject.types.surface	Surface.get_triangle_indices	method	defined	0	-
manimlib.mobject.types.surface	Surface.get_unit_normals	method	defined	0	-
manimlib.mobject.types.surface	Surface.get_uv_grid	method	defined	0	-
manimlib.mobject.types.surface	Surface.init_points	method	defined	0	-
manimlib.mobject.types.surface	Surface.pointlike_data_keys	attribute	defined	0	['point', 'd_normal_point']
manimlib.mobject.types.surface	Surface.pointwise_become_partial	method	defined	0	-
manimlib.mobject.types.surface	Surface.render_primitive	attribute	defined	0	moderngl.TRIANGLES
manimlib.mobject.types.surface	Surface.shader_folder	attribute	defined	0	'surface'
manimlib.mobject.types.surface	Surface.sort_faces_back_to_front	method	defined	0	-
manimlib.mobject.types.surface	Surface.uv_func	method	defined	0	-
manimlib.mobject.types.surface	Surface.uv_to_point	method	defined	0	-
manimlib.mobject.types.surface	TexturedGeometry	class	defined	1	TexturedSurface
manimlib.mobject.types.surface	TexturedGeometry.__init__	method	defined	0	-
manimlib.mobject.types.surface	TexturedGeometry.init_points	method	defined	0	-
manimlib.mobject.types.surface	TexturedSurface	class	defined	1	Surface
manimlib.mobject.types.surface	TexturedSurface.__init__	method	defined	0	-
manimlib.mobject.types.surface	TexturedSurface.data_dtype	attribute	defined	0	[('point', np.float32, (3,)), ('d_normal_point', np.float32, (3,)), ('im_coords', np.float32, (2,)), ('opacity', np.float32, (1,))]
manimlib.mobject.types.surface	TexturedSurface.init_points	method	defined	0	-
manimlib.mobject.types.surface	TexturedSurface.init_uniforms	method	defined	0	-
manimlib.mobject.types.surface	TexturedSurface.pointwise_become_partial	method	defined	0	-
manimlib.mobject.types.surface	TexturedSurface.set_color	method	defined	0	-
manimlib.mobject.types.surface	TexturedSurface.set_image_coords_by_uv_func	method	defined	0	-
manimlib.mobject.types.surface	TexturedSurface.set_opacity	method	defined	0	-
manimlib.mobject.types.surface	TexturedSurface.shader_folder	attribute	defined	0	'textured_surface'
manimlib.mobject.types.surface	ThreeDModel	class	defined	1	Group
manimlib.mobject.types.surface	ThreeDModel.__init__	method	defined	0	-
manimlib.mobject.types.surface	ThreeDModel.get_textures_from_mtl	method	defined	0	-
manimlib.mobject.types.surface	logging	leaked_import	logging	1	-
manimlib.mobject.types.surface	pywavefront	leaked_import	pywavefront	1	-
manimlib.mobject.types.surface	trimesh	leaked_import	trimesh	1	-
manimlib.mobject.types.vectorized_mobject	CurvesAsSubmobjects	class	defined	1	VGroup
manimlib.mobject.types.vectorized_mobject	CurvesAsSubmobjects.__init__	method	defined	0	-
manimlib.mobject.types.vectorized_mobject	DashedVMobject	class	defined	1	VMobject
manimlib.mobject.types.vectorized_mobject	DashedVMobject.__init__	method	defined	0	-
manimlib.mobject.types.vectorized_mobject	SubVmobjectType	constant	defined	1	TypeVar('SubVmobjectType', bound='VMobject')
manimlib.mobject.types.vectorized_mobject	VGroup	class	defined	1	Group,VMobject,Generic[SubVmobjectType]
manimlib.mobject.types.vectorized_mobject	VGroup.__init__	method	defined	0	-
manimlib.mobject.types.vectorized_mobject	VHighlight	class	defined	1	VGroup
manimlib.mobject.types.vectorized_mobject	VHighlight.__init__	method	defined	0	-
manimlib.mobject.types.vectorized_mobject	VMobject	class	defined	1	Mobject
manimlib.mobject.types.vectorized_mobject	VMobject.__init__	method	defined	0	-
manimlib.mobject.types.vectorized_mobject	VMobject.add	method	defined	0	-
manimlib.mobject.types.vectorized_mobject	VMobject.add_arc_to	method	defined	0	-
manimlib.mobject.types.vectorized_mobject	VMobject.add_cubic_bezier_curve	method	defined	0	-
manimlib.mobject.types.vectorized_mobject	VMobject.add_cubic_bezier_curve_to	method	defined	0	-
manimlib.mobject.types.vectorized_mobject	VMobject.add_line_to	method	defined	0	-
manimlib.mobject.types.vectorized_mobject	VMobject.add_points_as_corners	method	defined	0	-
manimlib.mobject.types.vectorized_mobject	VMobject.add_quadratic_bezier_curve_to	method	defined	0	-
manimlib.mobject.types.vectorized_mobject	VMobject.add_smooth_cubic_curve_to	method	defined	0	-
manimlib.mobject.types.vectorized_mobject	VMobject.add_smooth_curve_to	method	defined	0	-
manimlib.mobject.types.vectorized_mobject	VMobject.add_subpath	method	defined	0	-
manimlib.mobject.types.vectorized_mobject	VMobject.align_points	method	defined	0	-
manimlib.mobject.types.vectorized_mobject	VMobject.append_points	method	defined	0	-
manimlib.mobject.types.vectorized_mobject	VMobject.append_vectorized_mobject	method	defined	0	-
manimlib.mobject.types.vectorized_mobject	VMobject.apply_depth_test	method	defined	0	-
manimlib.mobject.types.vectorized_mobject	VMobject.apply_function	method	defined	0	-
manimlib.mobject.types.vectorized_mobject	VMobject.apply_matrix	method	defined	0	-
manimlib.mobject.types.vectorized_mobject	VMobject.change_anchor_mode	method	defined	0	-
manimlib.mobject.types.vectorized_mobject	VMobject.close_path	method	defined	0	-
manimlib.mobject.types.vectorized_mobject	VMobject.consider_points_equal	method	defined	0	-
manimlib.mobject.types.vectorized_mobject	VMobject.curve_and_prop_of_partial_point	method	defined	0	-
manimlib.mobject.types.vectorized_mobject	VMobject.data_dtype	attribute	defined	0	np.dtype([('point', np.float32, (3,)), ('stroke_rgba', np.float32, (4,)), ('stroke_width', np.float32, (1,)), ('joint_angle', np.float32, (1,)), ('fill_rgba', np.float32, (4,)), ('base_normal', np.float32, (3,)), ('fill_border_width', np.float32, (1,))])
manimlib.mobject.types.vectorized_mobject	VMobject.deactivate_depth_test	method	defined	0	-
manimlib.mobject.types.vectorized_mobject	VMobject.ensure_positive_orientation	method	defined	0	-
manimlib.mobject.types.vectorized_mobject	VMobject.fade	method	defined	0	-
manimlib.mobject.types.vectorized_mobject	VMobject.get_anchors	method	defined	0	-
manimlib.mobject.types.vectorized_mobject	VMobject.get_anchors_and_handles	method	defined	0	-
manimlib.mobject.types.vectorized_mobject	VMobject.get_anti_alias_width	method	defined	0	-
manimlib.mobject.types.vectorized_mobject	VMobject.get_arc_length	method	defined	0	-
manimlib.mobject.types.vectorized_mobject	VMobject.get_area_vector	method	defined	0	-
manimlib.mobject.types.vectorized_mobject	VMobject.get_bezier_tuples	method	defined	0	-
manimlib.mobject.types.vectorized_mobject	VMobject.get_bezier_tuples_from_points	method	defined	0	-
manimlib.mobject.types.vectorized_mobject	VMobject.get_color	method	defined	0	-
manimlib.mobject.types.vectorized_mobject	VMobject.get_end_anchors	method	defined	0	-
manimlib.mobject.types.vectorized_mobject	VMobject.get_fill_color	method	defined	0	-
manimlib.mobject.types.vectorized_mobject	VMobject.get_fill_colors	method	defined	0	-
manimlib.mobject.types.vectorized_mobject	VMobject.get_fill_opacities	method	defined	0	-
manimlib.mobject.types.vectorized_mobject	VMobject.get_fill_opacity	method	defined	0	-
manimlib.mobject.types.vectorized_mobject	VMobject.get_flat_stroke	method	defined	0	-
manimlib.mobject.types.vectorized_mobject	VMobject.get_group_class	method	defined	0	-
manimlib.mobject.types.vectorized_mobject	VMobject.get_joint_angles	method	defined	0	-
manimlib.mobject.types.vectorized_mobject	VMobject.get_joint_type	method	defined	0	-
manimlib.mobject.types.vectorized_mobject	VMobject.get_last_point	method	defined	0	-
manimlib.mobject.types.vectorized_mobject	VMobject.get_nth_curve_function	method	defined	0	-
manimlib.mobject.types.vectorized_mobject	VMobject.get_nth_curve_points	method	defined	0	-
manimlib.mobject.types.vectorized_mobject	VMobject.get_num_curves	method	defined	0	-
manimlib.mobject.types.vectorized_mobject	VMobject.get_opacity	method	defined	0	-
manimlib.mobject.types.vectorized_mobject	VMobject.get_outer_vert_indices	method	defined	0	-
manimlib.mobject.types.vectorized_mobject	VMobject.get_points_without_null_curves	method	defined	0	-
manimlib.mobject.types.vectorized_mobject	VMobject.get_reflection_of_last_handle	method	defined	0	-
manimlib.mobject.types.vectorized_mobject	VMobject.get_scale_stroke_with_zoom	method	defined	0	-
manimlib.mobject.types.vectorized_mobject	VMobject.get_shader_data	method	defined	0	-
manimlib.mobject.types.vectorized_mobject	VMobject.get_shader_vert_indices	method	defined	0	-
manimlib.mobject.types.vectorized_mobject	VMobject.get_start_anchors	method	defined	0	-
manimlib.mobject.types.vectorized_mobject	VMobject.get_stroke_color	method	defined	0	-
manimlib.mobject.types.vectorized_mobject	VMobject.get_stroke_colors	method	defined	0	-
manimlib.mobject.types.vectorized_mobject	VMobject.get_stroke_opacities	method	defined	0	-
manimlib.mobject.types.vectorized_mobject	VMobject.get_stroke_opacity	method	defined	0	-
manimlib.mobject.types.vectorized_mobject	VMobject.get_stroke_width	method	defined	0	-
manimlib.mobject.types.vectorized_mobject	VMobject.get_stroke_widths	method	defined	0	-
manimlib.mobject.types.vectorized_mobject	VMobject.get_style	method	defined	0	-
manimlib.mobject.types.vectorized_mobject	VMobject.get_subcurve	method	defined	0	-
manimlib.mobject.types.vectorized_mobject	VMobject.get_subpath_end_indices	method	defined	0	-
manimlib.mobject.types.vectorized_mobject	VMobject.get_subpath_end_indices_from_points	method	defined	0	-
manimlib.mobject.types.vectorized_mobject	VMobject.get_subpaths	method	defined	0	-
manimlib.mobject.types.vectorized_mobject	VMobject.get_subpaths_from_points	method	defined	0	-
manimlib.mobject.types.vectorized_mobject	VMobject.get_triangulation	method	defined	0	-
manimlib.mobject.types.vectorized_mobject	VMobject.get_unit_normal	method	defined	0	-
manimlib.mobject.types.vectorized_mobject	VMobject.has_fill	method	defined	0	-
manimlib.mobject.types.vectorized_mobject	VMobject.has_new_path_started	method	defined	0	-
manimlib.mobject.types.vectorized_mobject	VMobject.has_stroke	method	defined	0	-
manimlib.mobject.types.vectorized_mobject	VMobject.init_colors	method	defined	0	-
manimlib.mobject.types.vectorized_mobject	VMobject.init_shader_wrapper	method	defined	0	-
manimlib.mobject.types.vectorized_mobject	VMobject.init_uniforms	method	defined	0	-
manimlib.mobject.types.vectorized_mobject	VMobject.insert_n_curves	method	defined	0	-
manimlib.mobject.types.vectorized_mobject	VMobject.insert_n_curves_to_point_list	method	defined	0	-
manimlib.mobject.types.vectorized_mobject	VMobject.is_closed	method	defined	0	-
manimlib.mobject.types.vectorized_mobject	VMobject.is_smooth	method	defined	0	-
manimlib.mobject.types.vectorized_mobject	VMobject.joint_type_map	attribute	defined	0	{'no_joint': 0, 'auto': 1, 'bevel': 2, 'miter': 3}
manimlib.mobject.types.vectorized_mobject	VMobject.lock_matching_data	method	defined	0	-
manimlib.mobject.types.vectorized_mobject	VMobject.make_approximately_smooth	method	defined	0	-
manimlib.mobject.types.vectorized_mobject	VMobject.make_jagged	method	defined	0	-
manimlib.mobject.types.vectorized_mobject	VMobject.make_smooth	method	defined	0	-
manimlib.mobject.types.vectorized_mobject	VMobject.make_smooth_after_applying_functions	attribute	defined	0	False
manimlib.mobject.types.vectorized_mobject	VMobject.match_style	method	defined	0	-
manimlib.mobject.types.vectorized_mobject	VMobject.point_from_proportion	method	defined	0	-
manimlib.mobject.types.vectorized_mobject	VMobject.pointwise_become_partial	method	defined	0	-
manimlib.mobject.types.vectorized_mobject	VMobject.pre_function_handle_to_anchor_scale_factor	attribute	defined	0	0.01
manimlib.mobject.types.vectorized_mobject	VMobject.quick_point_from_proportion	method	defined	0	-
manimlib.mobject.types.vectorized_mobject	VMobject.refresh_joint_angles	method	defined	0	-
manimlib.mobject.types.vectorized_mobject	VMobject.refresh_shader_wrapper_id	method	defined	0	-
manimlib.mobject.types.vectorized_mobject	VMobject.refresh_unit_normal	method	defined	0	-
manimlib.mobject.types.vectorized_mobject	VMobject.replace_shader_code	method	defined	0	-
manimlib.mobject.types.vectorized_mobject	VMobject.reverse_points	method	defined	0	-
manimlib.mobject.types.vectorized_mobject	VMobject.rotate	method	defined	0	-
manimlib.mobject.types.vectorized_mobject	VMobject.rotate	method	defined	0	-
manimlib.mobject.types.vectorized_mobject	VMobject.set_anchors_and_handles	method	defined	0	-
manimlib.mobject.types.vectorized_mobject	VMobject.set_animating_status	method	defined	0	-
manimlib.mobject.types.vectorized_mobject	VMobject.set_anti_alias_width	method	defined	0	-
manimlib.mobject.types.vectorized_mobject	VMobject.set_backstroke	method	defined	0	-
manimlib.mobject.types.vectorized_mobject	VMobject.set_color	method	defined	0	-
manimlib.mobject.types.vectorized_mobject	VMobject.set_color_by_code	method	defined	0	-
manimlib.mobject.types.vectorized_mobject	VMobject.set_color_by_proportion	method	defined	0	-
manimlib.mobject.types.vectorized_mobject	VMobject.set_data	method	defined	0	-
manimlib.mobject.types.vectorized_mobject	VMobject.set_fill	method	defined	0	-
manimlib.mobject.types.vectorized_mobject	VMobject.set_flat_stroke	method	defined	0	-
manimlib.mobject.types.vectorized_mobject	VMobject.set_joint_type	method	defined	0	-
manimlib.mobject.types.vectorized_mobject	VMobject.set_opacity	method	defined	0	-
manimlib.mobject.types.vectorized_mobject	VMobject.set_points	method	defined	0	-
manimlib.mobject.types.vectorized_mobject	VMobject.set_points_as_corners	method	defined	0	-
manimlib.mobject.types.vectorized_mobject	VMobject.set_points_smoothly	method	defined	0	-
manimlib.mobject.types.vectorized_mobject	VMobject.set_scale_stroke_with_zoom	method	defined	0	-
manimlib.mobject.types.vectorized_mobject	VMobject.set_stroke	method	defined	0	-
manimlib.mobject.types.vectorized_mobject	VMobject.set_style	method	defined	0	-
manimlib.mobject.types.vectorized_mobject	VMobject.start_new_path	method	defined	0	-
manimlib.mobject.types.vectorized_mobject	VMobject.stretch	method	defined	0	-
manimlib.mobject.types.vectorized_mobject	VMobject.subdivide_curves_by_condition	method	defined	0	-
manimlib.mobject.types.vectorized_mobject	VMobject.subdivide_intersections	method	defined	0	-
manimlib.mobject.types.vectorized_mobject	VMobject.subdivide_sharp_curves	method	defined	0	-
manimlib.mobject.types.vectorized_mobject	VMobject.tolerance_for_point_equality	attribute	defined	0	1e-08
manimlib.mobject.types.vectorized_mobject	VMobject.triggers_refresh	method	defined	0	-
manimlib.mobject.types.vectorized_mobject	VMobject.use_winding_fill	method	defined	0	-
manimlib.mobject.types.vectorized_mobject	VectorizedPoint	class	defined	1	Point,VMobject
manimlib.mobject.types.vectorized_mobject	VectorizedPoint.__init__	method	defined	0	-
manimlib.mobject.value_tracker	ComplexValueTracker	class	defined	1	ValueTracker
manimlib.mobject.value_tracker	ComplexValueTracker.value_type	attribute	defined	0	np.complex128
manimlib.mobject.value_tracker	ExponentialValueTracker	class	defined	1	ValueTracker
manimlib.mobject.value_tracker	ExponentialValueTracker.get_value	method	defined	0	-
manimlib.mobject.value_tracker	ExponentialValueTracker.set_value	method	defined	0	-
manimlib.mobject.value_tracker	ValueTracker	class	defined	1	Mobject
manimlib.mobject.value_tracker	ValueTracker.__init__	method	defined	0	-
manimlib.mobject.value_tracker	ValueTracker.get_value	method	defined	0	-
manimlib.mobject.value_tracker	ValueTracker.increment_value	method	defined	0	-
manimlib.mobject.value_tracker	ValueTracker.init_uniforms	method	defined	0	-
manimlib.mobject.value_tracker	ValueTracker.set_value	method	defined	0	-
manimlib.mobject.value_tracker	ValueTracker.value_type	attribute	defined	0	np.float64
manimlib.mobject.vector_field	AnimatedStreamLines	class	defined	1	VGroup
manimlib.mobject.vector_field	AnimatedStreamLines.__init__	method	defined	0	-
manimlib.mobject.vector_field	AnimatedStreamLines.update	method	defined	0	-
manimlib.mobject.vector_field	StreamLines	class	defined	1	VGroup
manimlib.mobject.vector_field	StreamLines.__init__	method	defined	0	-
manimlib.mobject.vector_field	StreamLines.draw_lines	method	defined	0	-
manimlib.mobject.vector_field	StreamLines.get_sample_coords	method	defined	0	-
manimlib.mobject.vector_field	StreamLines.init_style	method	defined	0	-
manimlib.mobject.vector_field	StreamLines.point_func	method	defined	0	-
manimlib.mobject.vector_field	TimeVaryingVectorField	class	defined	1	VectorField
manimlib.mobject.vector_field	TimeVaryingVectorField.__init__	method	defined	0	-
manimlib.mobject.vector_field	TimeVaryingVectorField.increment_time	method	defined	0	-
manimlib.mobject.vector_field	VectorField	class	defined	1	VMobject
manimlib.mobject.vector_field	VectorField.__init__	method	defined	0	-
manimlib.mobject.vector_field	VectorField.get_sample_points	method	defined	0	-
manimlib.mobject.vector_field	VectorField.init_base_stroke_width_array	method	defined	0	-
manimlib.mobject.vector_field	VectorField.init_points	method	defined	0	-
manimlib.mobject.vector_field	VectorField.set_sample_coords	method	defined	0	-
manimlib.mobject.vector_field	VectorField.set_stroke	method	defined	0	-
manimlib.mobject.vector_field	VectorField.set_stroke_width	method	defined	0	-
manimlib.mobject.vector_field	VectorField.update_sample_points	method	defined	0	-
manimlib.mobject.vector_field	VectorField.update_vectors	method	defined	0	-
manimlib.mobject.vector_field	get_rgb_gradient_function	function	defined	1	-
manimlib.mobject.vector_field	get_sample_coords	function	defined	1	-
manimlib.mobject.vector_field	get_vectorized_rgb_gradient_function	function	defined	1	-
manimlib.mobject.vector_field	move_along_vector_field	function	defined	1	-
manimlib.mobject.vector_field	move_points_along_vector_field	function	defined	1	-
manimlib.mobject.vector_field	move_submobjects_along_vector_field	function	defined	1	-
manimlib.mobject.vector_field	ode_solution_points	function	defined	1	-
manimlib.mobject.vector_field	solve_ivp	leaked_import	scipy.integrate	1	-
manimlib.mobject.vector_field	vectorize	function	defined	1	-
manimlib.module_loader	Module	constant	defined	0	importlib.util.types.ModuleType
manimlib.module_loader	ModuleLoader	class	defined	0	-
manimlib.module_loader	ModuleLoader.get_module	method	defined	0	-
manimlib.scene.interactive_scene	ALL_MODIFIERS	constant	defined	1	PygletWindowKeys.MOD_CTRL | PygletWindowKeys.MOD_COMMAND | PygletWindowKeys.MOD_SHIFT
manimlib.scene.interactive_scene	ARROW_SYMBOLS	constant	defined	1	[PygletWindowKeys.LEFT, PygletWindowKeys.UP, PygletWindowKeys.RIGHT, PygletWindowKeys.DOWN]
manimlib.scene.interactive_scene	COLOR_KEY	constant	defined	1	manim_config.key_bindings.color
manimlib.scene.interactive_scene	CURSOR_KEY	constant	defined	1	manim_config.key_bindings.cursor
manimlib.scene.interactive_scene	GRAB_KEY	constant	defined	1	manim_config.key_bindings.grab
manimlib.scene.interactive_scene	GRAB_KEYS	constant	defined	1	[GRAB_KEY, X_GRAB_KEY, Y_GRAB_KEY, Z_GRAB_KEY]
manimlib.scene.interactive_scene	INFORMATION_KEY	constant	defined	1	manim_config.key_bindings.information
manimlib.scene.interactive_scene	InteractiveScene	class	defined	1	Scene
manimlib.scene.interactive_scene	InteractiveScene.add	method	defined	0	-
manimlib.scene.interactive_scene	InteractiveScene.add_to_selection	method	defined	0	-
manimlib.scene.interactive_scene	InteractiveScene.choose_color	method	defined	0	-
manimlib.scene.interactive_scene	InteractiveScene.clear_selection	method	defined	0	-
manimlib.scene.interactive_scene	InteractiveScene.copy_cursor_position	method	defined	0	-
manimlib.scene.interactive_scene	InteractiveScene.copy_frame_positioning	method	defined	0	-
manimlib.scene.interactive_scene	InteractiveScene.copy_selection	method	defined	0	-
manimlib.scene.interactive_scene	InteractiveScene.corner_dot_config	attribute	defined	0	dict(color=WHITE, radius=0.05, glow_factor=2.0)
manimlib.scene.interactive_scene	InteractiveScene.crosshair_style	attribute	defined	0	dict(stroke_color=GREY_A, stroke_width=[3, 0, 3])
manimlib.scene.interactive_scene	InteractiveScene.crosshair_width	attribute	defined	0	0.2
manimlib.scene.interactive_scene	InteractiveScene.cursor_location_config	attribute	defined	0	dict(font_size=24, fill_color=GREY_C, num_decimal_places=3)
manimlib.scene.interactive_scene	InteractiveScene.delete_selection	method	defined	0	-
manimlib.scene.interactive_scene	InteractiveScene.disable_interaction	method	defined	0	-
manimlib.scene.interactive_scene	InteractiveScene.display_information	method	defined	0	-
manimlib.scene.interactive_scene	InteractiveScene.enable_interaction	method	defined	0	-
manimlib.scene.interactive_scene	InteractiveScene.enable_selection	method	defined	0	-
manimlib.scene.interactive_scene	InteractiveScene.gather_new_selection	method	defined	0	-
manimlib.scene.interactive_scene	InteractiveScene.get_color_palette	method	defined	0	-
manimlib.scene.interactive_scene	InteractiveScene.get_corner_dots	method	defined	0	-
manimlib.scene.interactive_scene	InteractiveScene.get_crosshair	method	defined	0	-
manimlib.scene.interactive_scene	InteractiveScene.get_highlight	method	defined	0	-
manimlib.scene.interactive_scene	InteractiveScene.get_information_label	method	defined	0	-
manimlib.scene.interactive_scene	InteractiveScene.get_selection_highlight	method	defined	0	-
manimlib.scene.interactive_scene	InteractiveScene.get_selection_rectangle	method	defined	0	-
manimlib.scene.interactive_scene	InteractiveScene.get_selection_search_set	method	defined	0	-
manimlib.scene.interactive_scene	InteractiveScene.get_state	method	defined	0	-
manimlib.scene.interactive_scene	InteractiveScene.group_selection	method	defined	0	-
manimlib.scene.interactive_scene	InteractiveScene.handle_grabbing	method	defined	0	-
manimlib.scene.interactive_scene	InteractiveScene.handle_resizing	method	defined	0	-
manimlib.scene.interactive_scene	InteractiveScene.handle_sweeping_selection	method	defined	0	-
manimlib.scene.interactive_scene	InteractiveScene.nudge_selection	method	defined	0	-
manimlib.scene.interactive_scene	InteractiveScene.on_key_press	method	defined	0	-
manimlib.scene.interactive_scene	InteractiveScene.on_key_release	method	defined	0	-
manimlib.scene.interactive_scene	InteractiveScene.on_mouse_drag	method	defined	0	-
manimlib.scene.interactive_scene	InteractiveScene.on_mouse_motion	method	defined	0	-
manimlib.scene.interactive_scene	InteractiveScene.on_mouse_release	method	defined	0	-
manimlib.scene.interactive_scene	InteractiveScene.palette_colors	attribute	defined	0	MANIM_COLORS
manimlib.scene.interactive_scene	InteractiveScene.paste_selection	method	defined	0	-
manimlib.scene.interactive_scene	InteractiveScene.prepare_grab	method	defined	0	-
manimlib.scene.interactive_scene	InteractiveScene.prepare_resizing	method	defined	0	-
manimlib.scene.interactive_scene	InteractiveScene.refresh_selection_scope	method	defined	0	-
manimlib.scene.interactive_scene	InteractiveScene.regenerate_selection_search_set	method	defined	0	-
manimlib.scene.interactive_scene	InteractiveScene.remove	method	defined	0	-
manimlib.scene.interactive_scene	InteractiveScene.remove_all_except	method	defined	0	-
manimlib.scene.interactive_scene	InteractiveScene.restore_state	method	defined	0	-
manimlib.scene.interactive_scene	InteractiveScene.selection_nudge_size	attribute	defined	0	0.05
manimlib.scene.interactive_scene	InteractiveScene.selection_rectangle_stroke_color	attribute	defined	0	WHITE
manimlib.scene.interactive_scene	InteractiveScene.selection_rectangle_stroke_width	attribute	defined	0	1.0
manimlib.scene.interactive_scene	InteractiveScene.setup	method	defined	0	-
manimlib.scene.interactive_scene	InteractiveScene.time_label_config	attribute	defined	0	dict(font_size=24, fill_color=GREY_C, num_decimal_places=1)
manimlib.scene.interactive_scene	InteractiveScene.toggle_color_palette	method	defined	0	-
manimlib.scene.interactive_scene	InteractiveScene.toggle_from_selection	method	defined	0	-
manimlib.scene.interactive_scene	InteractiveScene.toggle_selection_mode	method	defined	0	-
manimlib.scene.interactive_scene	InteractiveScene.ungroup_selection	method	defined	0	-
manimlib.scene.interactive_scene	InteractiveScene.update_selection_highlight	method	defined	0	-
manimlib.scene.interactive_scene	InteractiveScene.update_selection_rectangle	method	defined	0	-
manimlib.scene.interactive_scene	RESIZE_KEY	constant	defined	1	manim_config.key_bindings.resize
manimlib.scene.interactive_scene	SELECT_KEY	constant	defined	1	manim_config.key_bindings.select
manimlib.scene.interactive_scene	UNSELECT_KEY	constant	defined	1	manim_config.key_bindings.unselect
manimlib.scene.interactive_scene	X_GRAB_KEY	constant	defined	1	manim_config.key_bindings.x_grab
manimlib.scene.interactive_scene	Y_GRAB_KEY	constant	defined	1	manim_config.key_bindings.y_grab
manimlib.scene.interactive_scene	Z_GRAB_KEY	constant	defined	1	manim_config.key_bindings.z_grab
manimlib.scene.interactive_scene	get_ipython	leaked_import	IPython.core.getipython	1	-
manimlib.scene.interactive_scene	pyperclip	leaked_import	pyperclip	1	-
manimlib.scene.scene	EndScene	class	defined	1	Exception
manimlib.scene.scene	ExitStack	leaked_import	contextlib	1	-
manimlib.scene.scene	OrderedDict	leaked_import	collections	1	-
manimlib.scene.scene	ProgressDisplay	leaked_import	tqdm.auto	1	-
manimlib.scene.scene	Scene	class	defined	1	object
manimlib.scene.scene	Scene.__init__	method	defined	0	-
manimlib.scene.scene	Scene.add	method	defined	0	-
manimlib.scene.scene	Scene.add_mobjects_among	method	defined	0	-
manimlib.scene.scene	Scene.add_sound	method	defined	0	-
manimlib.scene.scene	Scene.affects_mobject_list	method	defined	0	-
manimlib.scene.scene	Scene.assemble_render_groups	method	defined	0	-
manimlib.scene.scene	Scene.begin_animations	method	defined	0	-
manimlib.scene.scene	Scene.bring_to_back	method	defined	0	-
manimlib.scene.scene	Scene.bring_to_front	method	defined	0	-
manimlib.scene.scene	Scene.clear	method	defined	0	-
manimlib.scene.scene	Scene.construct	method	defined	0	-
manimlib.scene.scene	Scene.default_camera_config	attribute	defined	0	dict()
manimlib.scene.scene	Scene.default_file_writer_config	attribute	defined	0	dict()
manimlib.scene.scene	Scene.default_frame_orientation	attribute	defined	0	(0, 0)
manimlib.scene.scene	Scene.drag_to_pan	attribute	defined	0	True
manimlib.scene.scene	Scene.embed	method	defined	0	-
manimlib.scene.scene	Scene.emit_frame	method	defined	0	-
manimlib.scene.scene	Scene.finish_animations	method	defined	0	-
manimlib.scene.scene	Scene.focus	method	defined	0	-
manimlib.scene.scene	Scene.force_skipping	method	defined	0	-
manimlib.scene.scene	Scene.get_animation_time_progression	method	defined	0	-
manimlib.scene.scene	Scene.get_group	method	defined	0	-
manimlib.scene.scene	Scene.get_image	method	defined	0	-
manimlib.scene.scene	Scene.get_mobject_copies	method	defined	0	-
manimlib.scene.scene	Scene.get_mobject_family_members	method	defined	0	-
manimlib.scene.scene	Scene.get_mobjects	method	defined	0	-
manimlib.scene.scene	Scene.get_run_time	method	defined	0	-
manimlib.scene.scene	Scene.get_state	method	defined	0	-
manimlib.scene.scene	Scene.get_time	method	defined	0	-
manimlib.scene.scene	Scene.get_time_progression	method	defined	0	-
manimlib.scene.scene	Scene.get_top_level_mobjects	method	defined	0	-
manimlib.scene.scene	Scene.get_wait_time_progression	method	defined	0	-
manimlib.scene.scene	Scene.get_window	method	defined	0	-
manimlib.scene.scene	Scene.hold_loop	method	defined	0	-
manimlib.scene.scene	Scene.i2g	method	defined	0	-
manimlib.scene.scene	Scene.i2m	method	defined	0	-
manimlib.scene.scene	Scene.id_to_mobject	method	defined	0	-
manimlib.scene.scene	Scene.ids_to_group	method	defined	0	-
manimlib.scene.scene	Scene.increment_time	method	defined	0	-
manimlib.scene.scene	Scene.interact	method	defined	0	-
manimlib.scene.scene	Scene.is_window_closing	method	defined	0	-
manimlib.scene.scene	Scene.max_num_saved_states	attribute	defined	0	50
manimlib.scene.scene	Scene.on_close	method	defined	0	-
manimlib.scene.scene	Scene.on_hide	method	defined	0	-
manimlib.scene.scene	Scene.on_key_press	method	defined	0	-
manimlib.scene.scene	Scene.on_key_release	method	defined	0	-
manimlib.scene.scene	Scene.on_mouse_drag	method	defined	0	-
manimlib.scene.scene	Scene.on_mouse_motion	method	defined	0	-
manimlib.scene.scene	Scene.on_mouse_press	method	defined	0	-
manimlib.scene.scene	Scene.on_mouse_release	method	defined	0	-
manimlib.scene.scene	Scene.on_mouse_scroll	method	defined	0	-
manimlib.scene.scene	Scene.on_resize	method	defined	0	-
manimlib.scene.scene	Scene.on_show	method	defined	0	-
manimlib.scene.scene	Scene.pan_sensitivity	attribute	defined	0	0.5
manimlib.scene.scene	Scene.play	method	defined	0	-
manimlib.scene.scene	Scene.point_to_mobject	method	defined	0	-
manimlib.scene.scene	Scene.post_play	method	defined	0	-
manimlib.scene.scene	Scene.pre_play	method	defined	0	-
manimlib.scene.scene	Scene.progress_through_animations	method	defined	0	-
manimlib.scene.scene	Scene.random_seed	attribute	defined	0	0
manimlib.scene.scene	Scene.redo	method	defined	0	-
manimlib.scene.scene	Scene.remove	method	defined	0	-
manimlib.scene.scene	Scene.remove_all_except	method	defined	0	-
manimlib.scene.scene	Scene.replace	method	defined	0	-
manimlib.scene.scene	Scene.restore_state	method	defined	0	-
manimlib.scene.scene	Scene.revert_to_original_skipping_status	method	defined	0	-
manimlib.scene.scene	Scene.run	method	defined	0	-
manimlib.scene.scene	Scene.samples	attribute	defined	0	0
manimlib.scene.scene	Scene.save_state	method	defined	0	-
manimlib.scene.scene	Scene.scroll_sensitivity	attribute	defined	0	20
manimlib.scene.scene	Scene.set_background_color	method	defined	0	-
manimlib.scene.scene	Scene.set_floor_plane	method	defined	0	-
manimlib.scene.scene	Scene.setup	method	defined	0	-
manimlib.scene.scene	Scene.should_update_mobjects	method	defined	0	-
manimlib.scene.scene	Scene.show	method	defined	0	-
manimlib.scene.scene	Scene.stop_skipping	method	defined	0	-
manimlib.scene.scene	Scene.tear_down	method	defined	0	-
manimlib.scene.scene	Scene.temp_config_change	method	defined	0	-
manimlib.scene.scene	Scene.temp_progress_bar	method	defined	0	-
manimlib.scene.scene	Scene.temp_record	method	defined	0	-
manimlib.scene.scene	Scene.temp_skip	method	defined	0	-
manimlib.scene.scene	Scene.undo	method	defined	0	-
manimlib.scene.scene	Scene.update_frame	method	defined	0	-
manimlib.scene.scene	Scene.update_mobjects	method	defined	0	-
manimlib.scene.scene	Scene.update_skipping_status	method	defined	0	-
manimlib.scene.scene	Scene.wait	method	defined	0	-
manimlib.scene.scene	Scene.wait_until	method	defined	0	-
manimlib.scene.scene	SceneState	class	defined	1	-
manimlib.scene.scene	SceneState.__init__	method	defined	0	-
manimlib.scene.scene	SceneState.mobjects_match	method	defined	0	-
manimlib.scene.scene	SceneState.n_changes	method	defined	0	-
manimlib.scene.scene	SceneState.restore_scene	method	defined	0	-
manimlib.scene.scene	ThreeDScene	class	defined	1	Scene
manimlib.scene.scene	ThreeDScene.add	method	defined	0	-
manimlib.scene.scene	ThreeDScene.always_depth_test	attribute	defined	0	True
manimlib.scene.scene	ThreeDScene.default_frame_orientation	attribute	defined	0	(-30, 70)
manimlib.scene.scene	ThreeDScene.samples	attribute	defined	0	4
manimlib.scene.scene	platform	leaked_import	platform	1	-
manimlib.scene.scene	time	leaked_import	time	1	-
manimlib.scene.scene_embed	CheckpointManager	class	defined	1	-
manimlib.scene.scene_embed	CheckpointManager.__init__	method	defined	0	-
manimlib.scene.scene_embed	CheckpointManager.checkpoint_paste	method	defined	0	-
manimlib.scene.scene_embed	CheckpointManager.clear_checkpoints	method	defined	0	-
manimlib.scene.scene_embed	CheckpointManager.get_leading_comment	method	defined	0	-
manimlib.scene.scene_embed	CheckpointManager.handle_checkpoint_key	method	defined	0	-
manimlib.scene.scene_embed	InteractiveSceneEmbed	class	defined	1	-
manimlib.scene.scene_embed	InteractiveSceneEmbed.__init__	method	defined	0	-
manimlib.scene.scene_embed	InteractiveSceneEmbed.auto_reload	method	defined	0	-
manimlib.scene.scene_embed	InteractiveSceneEmbed.checkpoint_paste	method	defined	0	-
manimlib.scene.scene_embed	InteractiveSceneEmbed.enable_gui	method	defined	0	-
manimlib.scene.scene_embed	InteractiveSceneEmbed.ensure_flash_on_error	method	defined	0	-
manimlib.scene.scene_embed	InteractiveSceneEmbed.ensure_frame_update_post_cell	method	defined	0	-
manimlib.scene.scene_embed	InteractiveSceneEmbed.get_ipython_shell_for_embedded_scene	method	defined	0	-
manimlib.scene.scene_embed	InteractiveSceneEmbed.get_shortcuts	method	defined	0	-
manimlib.scene.scene_embed	InteractiveSceneEmbed.launch	method	defined	0	-
manimlib.scene.scene_embed	InteractiveSceneEmbed.reload_scene	method	defined	0	-
manimlib.scene.scene_embed	InteractiveSceneEmbed.validate_syntax	method	defined	0	-
manimlib.scene.scene_file_writer	SceneFileWriter	class	defined	1	object
manimlib.scene.scene_file_writer	SceneFileWriter.__init__	method	defined	0	-
manimlib.scene.scene_file_writer	SceneFileWriter.add_audio_segment	method	defined	0	-
manimlib.scene.scene_file_writer	SceneFileWriter.add_sound	method	defined	0	-
manimlib.scene.scene_file_writer	SceneFileWriter.add_sound_to_video	method	defined	0	-
manimlib.scene.scene_file_writer	SceneFileWriter.begin	method	defined	0	-
manimlib.scene.scene_file_writer	SceneFileWriter.begin_animation	method	defined	0	-
manimlib.scene.scene_file_writer	SceneFileWriter.begin_insert	method	defined	0	-
manimlib.scene.scene_file_writer	SceneFileWriter.close_movie_pipe	method	defined	0	-
manimlib.scene.scene_file_writer	SceneFileWriter.create_audio_segment	method	defined	0	-
manimlib.scene.scene_file_writer	SceneFileWriter.end_animation	method	defined	0	-
manimlib.scene.scene_file_writer	SceneFileWriter.end_insert	method	defined	0	-
manimlib.scene.scene_file_writer	SceneFileWriter.finish	method	defined	0	-
manimlib.scene.scene_file_writer	SceneFileWriter.get_image_file_path	method	defined	0	-
manimlib.scene.scene_file_writer	SceneFileWriter.get_insert_file_path	method	defined	0	-
manimlib.scene.scene_file_writer	SceneFileWriter.get_movie_file_path	method	defined	0	-
manimlib.scene.scene_file_writer	SceneFileWriter.get_next_partial_movie_path	method	defined	0	-
manimlib.scene.scene_file_writer	SceneFileWriter.get_output_file_name	method	defined	0	-
manimlib.scene.scene_file_writer	SceneFileWriter.get_output_file_rootname	method	defined	0	-
manimlib.scene.scene_file_writer	SceneFileWriter.has_progress_display	method	defined	0	-
manimlib.scene.scene_file_writer	SceneFileWriter.init_audio	method	defined	0	-
manimlib.scene.scene_file_writer	SceneFileWriter.init_image_file_path	method	defined	0	-
manimlib.scene.scene_file_writer	SceneFileWriter.init_movie_file_path	method	defined	0	-
manimlib.scene.scene_file_writer	SceneFileWriter.init_output_directories	method	defined	0	-
manimlib.scene.scene_file_writer	SceneFileWriter.init_partial_movie_directory	method	defined	0	-
manimlib.scene.scene_file_writer	SceneFileWriter.open_file	method	defined	0	-
manimlib.scene.scene_file_writer	SceneFileWriter.open_movie_pipe	method	defined	0	-
manimlib.scene.scene_file_writer	SceneFileWriter.print_file_ready_message	method	defined	0	-
manimlib.scene.scene_file_writer	SceneFileWriter.save_final_image	method	defined	0	-
manimlib.scene.scene_file_writer	SceneFileWriter.set_progress_display_description	method	defined	0	-
manimlib.scene.scene_file_writer	SceneFileWriter.should_open_file	method	defined	0	-
manimlib.scene.scene_file_writer	SceneFileWriter.use_fast_encoding	method	defined	0	-
manimlib.scene.scene_file_writer	SceneFileWriter.write_frame	method	defined	0	-
manimlib.shader_wrapper	ShaderWrapper	class	defined	1	object
manimlib.shader_wrapper	ShaderWrapper.__init__	method	defined	0	-
manimlib.shader_wrapper	ShaderWrapper.add_texture	method	defined	0	-
manimlib.shader_wrapper	ShaderWrapper.bind_to_mobject_uniforms	method	defined	0	-
manimlib.shader_wrapper	ShaderWrapper.generate_vaos	method	defined	0	-
manimlib.shader_wrapper	ShaderWrapper.get_id	method	defined	0	-
manimlib.shader_wrapper	ShaderWrapper.init_program	method	defined	0	-
manimlib.shader_wrapper	ShaderWrapper.init_program_code	method	defined	0	-
manimlib.shader_wrapper	ShaderWrapper.init_textures	method	defined	0	-
manimlib.shader_wrapper	ShaderWrapper.init_vertex_objects	method	defined	0	-
manimlib.shader_wrapper	ShaderWrapper.num_clip_planes	method	defined	0	-
manimlib.shader_wrapper	ShaderWrapper.pre_render	method	defined	0	-
manimlib.shader_wrapper	ShaderWrapper.read_in	method	defined	0	-
manimlib.shader_wrapper	ShaderWrapper.refresh_id	method	defined	0	-
manimlib.shader_wrapper	ShaderWrapper.release	method	defined	0	-
manimlib.shader_wrapper	ShaderWrapper.release_textures	method	defined	0	-
manimlib.shader_wrapper	ShaderWrapper.render	method	defined	0	-
manimlib.shader_wrapper	ShaderWrapper.replace_code	method	defined	0	-
manimlib.shader_wrapper	ShaderWrapper.set_ctx_clip_plane	method	defined	0	-
manimlib.shader_wrapper	ShaderWrapper.set_ctx_depth_test	method	defined	0	-
manimlib.shader_wrapper	ShaderWrapper.update_program_uniforms	method	defined	0	-
manimlib.shader_wrapper	VShaderWrapper	class	defined	1	ShaderWrapper
manimlib.shader_wrapper	VShaderWrapper.__init__	method	defined	0	-
manimlib.shader_wrapper	VShaderWrapper.generate_vaos	method	defined	0	-
manimlib.shader_wrapper	VShaderWrapper.get_fill_canvas	method	defined	0	-
manimlib.shader_wrapper	VShaderWrapper.init_program	method	defined	0	-
manimlib.shader_wrapper	VShaderWrapper.init_program_code	method	defined	0	-
manimlib.shader_wrapper	VShaderWrapper.init_vertex_objects	method	defined	0	-
manimlib.shader_wrapper	VShaderWrapper.refresh_id	method	defined	0	-
manimlib.shader_wrapper	VShaderWrapper.render	method	defined	0	-
manimlib.shader_wrapper	VShaderWrapper.render_fill	method	defined	0	-
manimlib.shader_wrapper	VShaderWrapper.render_stroke	method	defined	0	-
manimlib.shader_wrapper	VShaderWrapper.replace_code_program	method	defined	0	-
manimlib.shader_wrapper	VShaderWrapper.set_backstroke	method	defined	0	-
manimlib.utils.bezier	CLOSED_THRESHOLD	constant	defined	1	0.001
manimlib.utils.bezier	approx_smooth_quadratic_bezier_handles	function	defined	1	-
manimlib.utils.bezier	bezier	function	defined	1	-
manimlib.utils.bezier	curve_to_quadratic	leaked_import	fontTools.cu2qu.cu2qu	1	-
manimlib.utils.bezier	diag_to_matrix	function	defined	1	-
manimlib.utils.bezier	get_quadratic_approximation_of_cubic	function	defined	1	-
manimlib.utils.bezier	get_smooth_cubic_bezier_handle_points	function	defined	1	-
manimlib.utils.bezier	get_smooth_quadratic_bezier_path_through	function	defined	1	-
manimlib.utils.bezier	integer_interpolate	function	defined	1	-
manimlib.utils.bezier	interpolate	function	defined	1	-
manimlib.utils.bezier	inverse_interpolate	function	defined	1	-
manimlib.utils.bezier	is_closed	function	defined	1	-
manimlib.utils.bezier	linalg	leaked_import	scipy	1	-
manimlib.utils.bezier	match_interpolate	function	defined	1	-
manimlib.utils.bezier	mid	function	defined	1	-
manimlib.utils.bezier	outer_interpolate	function	defined	1	-
manimlib.utils.bezier	partial_bezier_points	function	defined	1	-
manimlib.utils.bezier	partial_quadratic_bezier_points	function	defined	1	-
manimlib.utils.bezier	quadratic_bezier_points_for_arc	function	defined	1	-
manimlib.utils.bezier	set_array_by_interpolation	function	defined	1	-
manimlib.utils.bezier	smooth_quadratic_path	function	defined	1	-
manimlib.utils.cache	CACHE_SIZE	constant	defined	1	1000000000.0
manimlib.utils.cache	Cache	leaked_import	diskcache	1	-
manimlib.utils.cache	_cache	constant	defined	0	Cache(get_cache_dir(), size_limit=CACHE_SIZE)
manimlib.utils.cache	cache_on_disk	function	defined	1	-
manimlib.utils.cache	clear_cache	function	defined	1	-
manimlib.utils.color	average_color	function	defined	1	-
manimlib.utils.color	color_gradient	function	defined	1	-
manimlib.utils.color	color_to_hex	function	defined	1	-
manimlib.utils.color	color_to_int_rgb	function	defined	1	-
manimlib.utils.color	color_to_int_rgba	function	defined	1	-
manimlib.utils.color	color_to_rgb	function	defined	1	-
manimlib.utils.color	color_to_rgba	function	defined	1	-
manimlib.utils.color	get_color_map	function	defined	1	-
manimlib.utils.color	get_colormap_from_colors	function	defined	1	-
manimlib.utils.color	get_colormap_list	function	defined	1	-
manimlib.utils.color	hex2rgb	leaked_import	colour	1	-
manimlib.utils.color	hex_to_int	function	defined	1	-
manimlib.utils.color	hex_to_rgb	function	defined	1	-
manimlib.utils.color	int_to_hex	function	defined	1	-
manimlib.utils.color	interpolate_color	function	defined	1	-
manimlib.utils.color	interpolate_color_by_hsl	function	defined	1	-
manimlib.utils.color	invert_color	function	defined	1	-
manimlib.utils.color	pyplot	leaked_import	matplotlib	1	-
manimlib.utils.color	random_bright_color	function	defined	1	-
manimlib.utils.color	random_color	function	defined	1	-
manimlib.utils.color	rgb2hex	leaked_import	colour	1	-
manimlib.utils.color	rgb_to_color	function	defined	1	-
manimlib.utils.color	rgb_to_hex	function	defined	1	-
manimlib.utils.color	rgba_to_color	function	defined	1	-
manimlib.utils.debug	index_labels	function	defined	1	-
manimlib.utils.debug	print_family	function	defined	1	-
manimlib.utils.dict_ops	merge_dicts_recursively	function	defined	1	-
manimlib.utils.directories	appdirs	leaked_import	appdirs	1	-
manimlib.utils.directories	get_cache_dir	function	defined	1	-
manimlib.utils.directories	get_directories	function	defined	1	-
manimlib.utils.directories	get_downloads_dir	function	defined	1	-
manimlib.utils.directories	get_output_dir	function	defined	1	-
manimlib.utils.directories	get_raster_image_dir	function	defined	1	-
manimlib.utils.directories	get_shader_dir	function	defined	1	-
manimlib.utils.directories	get_sound_dir	function	defined	1	-
manimlib.utils.directories	get_temp_dir	function	defined	1	-
manimlib.utils.directories	get_three_d_model_dir	function	defined	1	-
manimlib.utils.directories	get_vector_image_dir	function	defined	1	-
manimlib.utils.family_ops	extract_mobject_family_members	function	defined	1	-
manimlib.utils.family_ops	recursive_mobject_remove	function	defined	1	-
manimlib.utils.file_ops	find_file	function	defined	1	-
manimlib.utils.file_ops	guarantee_existence	function	defined	1	-
manimlib.utils.file_ops	hashlib	leaked_import	hashlib	1	-
manimlib.utils.file_ops	manimlib	leaked_import	manimlib.utils.directories	1	-
manimlib.utils.file_ops	urllib	leaked_import	urllib.request	1	-
manimlib.utils.file_ops	validators	leaked_import	validators	1	-
manimlib.utils.images	get_full_raster_image_path	function	defined	1	-
manimlib.utils.images	get_full_three_d_model_path	function	defined	1	-
manimlib.utils.images	get_full_vector_image_path	function	defined	1	-
manimlib.utils.images	invert_image	function	defined	1	-
manimlib.utils.iterables	adjacent_n_tuples	function	defined	1	-
manimlib.utils.iterables	adjacent_pairs	function	defined	1	-
manimlib.utils.iterables	array_is_constant	function	defined	1	-
manimlib.utils.iterables	arrays_match	function	defined	1	-
manimlib.utils.iterables	batch_by_property	function	defined	1	-
manimlib.utils.iterables	cartesian_product	function	defined	1	-
manimlib.utils.iterables	hash_obj	function	defined	1	-
manimlib.utils.iterables	list_difference_update	function	defined	1	-
manimlib.utils.iterables	list_update	function	defined	1	-
manimlib.utils.iterables	listify	function	defined	1	-
manimlib.utils.iterables	make_even	function	defined	1	-
manimlib.utils.iterables	remove_list_redundancies	function	defined	1	-
manimlib.utils.iterables	resize_array	function	defined	1	-
manimlib.utils.iterables	resize_preserving_order	function	defined	1	-
manimlib.utils.iterables	resize_with_interpolation	function	defined	1	-
manimlib.utils.iterables	shuffled	function	defined	1	-
manimlib.utils.paths	STRAIGHT_PATH_THRESHOLD	constant	defined	1	0.01
manimlib.utils.paths	clockwise_path	function	defined	1	-
manimlib.utils.paths	counterclockwise_path	function	defined	1	-
manimlib.utils.paths	path_along_arc	function	defined	1	-
manimlib.utils.paths	straight_path	function	defined	1	-
manimlib.utils.rate_functions	double_smooth	function	defined	1	-
manimlib.utils.rate_functions	exponential_decay	function	defined	1	-
manimlib.utils.rate_functions	linear	function	defined	1	-
manimlib.utils.rate_functions	lingering	function	defined	1	-
manimlib.utils.rate_functions	not_quite_there	function	defined	1	-
manimlib.utils.rate_functions	overshoot	function	defined	1	-
manimlib.utils.rate_functions	running_start	function	defined	1	-
manimlib.utils.rate_functions	rush_from	function	defined	1	-
manimlib.utils.rate_functions	rush_into	function	defined	1	-
manimlib.utils.rate_functions	slow_into	function	defined	1	-
manimlib.utils.rate_functions	smooth	function	defined	1	-
manimlib.utils.rate_functions	squish_rate_func	function	defined	1	-
manimlib.utils.rate_functions	there_and_back	function	defined	1	-
manimlib.utils.rate_functions	there_and_back_with_pause	function	defined	1	-
manimlib.utils.rate_functions	wiggle	function	defined	1	-
manimlib.utils.shaders	PROGRAM_UNIFORM_MIRRORS	constant	defined	1	dict()
manimlib.utils.shaders	get_colormap_code	function	defined	1	-
manimlib.utils.shaders	get_shader_code_from_file	function	defined	1	-
manimlib.utils.shaders	get_shader_program	function	defined	1	-
manimlib.utils.shaders	image_path_to_texture	function	defined	1	-
manimlib.utils.shaders	set_program_uniform	function	defined	1	-
manimlib.utils.simple_functions	arr_clip	function	defined	1	-
manimlib.utils.simple_functions	binary_search	function	defined	1	-
manimlib.utils.simple_functions	choose	function	defined	1	-
manimlib.utils.simple_functions	clip	function	defined	1	-
manimlib.utils.simple_functions	fdiv	function	defined	1	-
manimlib.utils.simple_functions	gen_choose	function	defined	1	-
manimlib.utils.simple_functions	get_num_args	function	defined	1	-
manimlib.utils.simple_functions	get_parameters	function	defined	1	-
manimlib.utils.simple_functions	hash_string	function	defined	1	-
manimlib.utils.simple_functions	sigmoid	function	defined	1	-
manimlib.utils.sounds	get_full_sound_file_path	function	defined	1	-
manimlib.utils.sounds	play_sound	function	defined	1	-
manimlib.utils.sounds	subprocess	leaked_import	subprocess	1	-
manimlib.utils.sounds	threading	leaked_import	threading	1	-
manimlib.utils.space_ops	R3_to_complex	function	defined	1	-
manimlib.utils.space_ops	Rotation	leaked_import	scipy.spatial.transform	1	-
manimlib.utils.space_ops	angle_axis_from_quaternion	function	defined	1	-
manimlib.utils.space_ops	angle_between_vectors	function	defined	1	-
manimlib.utils.space_ops	angle_of_vector	function	defined	1	-
manimlib.utils.space_ops	center_of_mass	function	defined	1	-
manimlib.utils.space_ops	compass_directions	function	defined	1	-
manimlib.utils.space_ops	complex_func_to_R3_func	function	defined	1	-
manimlib.utils.space_ops	complex_to_R3	function	defined	1	-
manimlib.utils.space_ops	cross	function	defined	1	-
manimlib.utils.space_ops	cross2d	function	defined	1	-
manimlib.utils.space_ops	earclip_triangulation	function	defined	1	-
manimlib.utils.space_ops	earcut	leaked_import	mapbox_earcut	1	-
manimlib.utils.space_ops	find_intersection	function	defined	1	-
manimlib.utils.space_ops	get_closest_point_on_line	function	defined	1	-
manimlib.utils.space_ops	get_dist	function	defined	1	-
manimlib.utils.space_ops	get_norm	function	defined	1	-
manimlib.utils.space_ops	get_unit_normal	function	defined	1	-
manimlib.utils.space_ops	get_winding_number	function	defined	1	-
manimlib.utils.space_ops	is_inside_triangle	function	defined	1	-
manimlib.utils.space_ops	line_intersection	function	defined	1	-
manimlib.utils.space_ops	line_intersects_path	function	defined	1	-
manimlib.utils.space_ops	midpoint	function	defined	1	-
manimlib.utils.space_ops	norm_squared	function	defined	1	-
manimlib.utils.space_ops	normalize	function	defined	1	-
manimlib.utils.space_ops	normalize_along_axis	function	defined	1	-
manimlib.utils.space_ops	op	leaked_import	operator	1	-
manimlib.utils.space_ops	poly_line_length	function	defined	1	-
manimlib.utils.space_ops	project_along_vector	function	defined	1	-
manimlib.utils.space_ops	quaternion_conjugate	function	defined	1	-
manimlib.utils.space_ops	quaternion_from_angle_axis	function	defined	1	-
manimlib.utils.space_ops	quaternion_mult	function	defined	1	-
manimlib.utils.space_ops	reduce	leaked_import	functools	1	-
manimlib.utils.space_ops	rotate_vector	function	defined	1	-
manimlib.utils.space_ops	rotate_vector_2d	function	defined	1	-
manimlib.utils.space_ops	rotation_about_z	function	defined	1	-
manimlib.utils.space_ops	rotation_between_vectors	function	defined	1	-
manimlib.utils.space_ops	rotation_matrix	function	defined	1	-
manimlib.utils.space_ops	rotation_matrix_from_quaternion	function	defined	1	-
manimlib.utils.space_ops	rotation_matrix_transpose	function	defined	1	-
manimlib.utils.space_ops	rotation_matrix_transpose_from_quaternion	function	defined	1	-
manimlib.utils.space_ops	thick_diagonal	function	defined	1	-
manimlib.utils.space_ops	tri_area	function	defined	1	-
manimlib.utils.space_ops	z_to_vector	function	defined	1	-
manimlib.utils.svg_export	_get_path_data	function	defined	0	-
manimlib.utils.svg_export	vmobject_to_svg	function	defined	1	-
manimlib.utils.tex	num_tex_symbols	function	defined	1	-
manimlib.utils.tex	remove_tex_environments	function	defined	1	-
manimlib.utils.tex_file_writing	LatexError	class	defined	1	Exception
manimlib.utils.tex_file_writing	full_tex_to_svg	function	defined	0	-
manimlib.utils.tex_file_writing	get_full_tex	function	defined	0	-
manimlib.utils.tex_file_writing	get_tex_config	function	defined	0	-
manimlib.utils.tex_file_writing	get_tex_template_config	function	defined	0	-
manimlib.utils.tex_file_writing	latex_to_svg	function	defined	1	-
manimlib.utils.tex_to_symbol_count	TEX_TO_SYMBOL_COUNT	constant	defined	1	{'\\!': 0, '\\,': 0, '\\-': 0, '\\/': 0, '\\:': 0, '\\;': 0, '\\>': 0, '\\aa': 0, '\\AA': 0, '\\ae': 0, '\\AE': 0, '\\arccos': 6, '\\arcsin': 6, '\\arctan': 6, '\\arg': 3, '\\author': 0, '\\bf': 0, '\\bibliography': 0, '\\bibliographystyle': 0, '\\big': 0, '\\Big': 0, '\\bigodot': 4, '\\bigoplus': 5, '\\bigskip': 0, '\\bmod': 3, '\\boldmath': 0, '\\bottomfraction': 2, '\\bowtie': 2, '\\cal': 0, '\\cdots': 3, '\\centering': 0, '\\cite': 2, '\\circ': 1, '\\cong': 2, '\\contentsline': 0, '\\cos': 3, '\\cosh': 4, '\\cot': 3, '\\coth': 4, '\\csc': 3, '\\date': 0, '\\dblfloatpagefraction': 2, '\\dbltopfraction': 2, '\\ddots': 3, '\\deg': 3, '\\det': 3, '\\dim': 3, '\\displaystyle': 0, '\\div': 2, '\\doteq': 2, '\\dotfill': 0, '\\dots': 3, '\\emph': 0, '\\exp': 3, '\\fbox': 4, '\\floatpagefraction': 2, '\\flushbottom': 0, '\\footnotesize': 0, '\\footnotetext': 0, '\\frame': 2, '\\framebox': 4, '\\fussy': 0, '\\gcd': 3, '\\ghost': 0, '\\glossary': 0, '\\hfill': 0, '\\hom': 3, '\\hookleftarrow': 2, '\\hookrightarrow': 2, '\\hrulefill': 0, '\\huge': 0, '\\Huge': 0, '\\hyphenation': 0, '\\iff': 2, '\\Im': 2, '\\index': 0, '\\inf': 3, '\\it': 0, '\\ker': 3, '\\l': 0, '\\L': 0, '\\label': 0, '\\large': 0, '\\Large': 0, '\\LARGE': 0, '\\ldots': 3, '\\lefteqn': 0, '\\left': 0, '\\lg': 2, '\\lim': 3, '\\liminf': 6, '\\limsup': 6, '\\linebreak': 0, '\\ln': 2, '\\log': 3, '\\longleftarrow': 2, '\\Longleftarrow': 2, '\\longleftrightarrow': 2, '\\Longleftrightarrow': 2, '\\longmapsto': 3, '\\longrightarrow': 2, '\\Longrightarrow': 2, '\\makebox': 0, '\\mapsto': 2, '\\markright': 0, '\\mathds': 0, '\\mathcal': 0, '\\max': 3, '\\mbox': 0, '\\medskip': 0, '\\min': 3, '\\mit': 0, '\\models': 2, '\\ne': 2, '\\neq': 2, '\\newline': 0, '\\noindent': 0, '\\nolinebreak': 0, '\\nonumber': 0, '\\nopagebreak': 0, '\\normalmarginpar': 0, '\\normalsize': 0, '\\notin': 2, '\\o': 0, '\\O': 0, '\\obeycr': 0, '\\oe': 0, '\\OE': 0, '\\overbrace': 4, '\\pagebreak': 0, '\\pagenumbering': 0, '\\pageref': 2, '\\pmod': 5, '\\Pr': 2, '\\protect': 0, '\\qquad': 0, '\\quad': 0, '\\raggedbottom': 0, '\\raggedleft': 0, '\\raggedright': 0, '\\Re': 2, '\\ref': 2, '\\restorecr': 0, '\\reversemarginpar': 0, '\\right': 0, '\\rm': 0, '\\sc': 0, '\\scriptscriptstyle': 0, '\\scriptsize': 0, '\\scriptstyle': 0, '\\sec': 3, '\\sf': 0, '\\shortstack': 0, '\\sin': 3, '\\sinh': 4, '\\sl': 0, '\\sloppy': 0, '\\small': 0, '\\Small': 0, '\\smallskip': 0, '\\sqrt': 2, '\\ss': 0, '\\sup': 3, '\\tan': 3, '\\tanh': 4, '\\text': 0, '\\textbf': 0, '\\textfraction': 2, '\\textstyle': 0, '\\thicklines': 0, '\\thinlines': 0, '\\thinspace': 0, '\\tiny': 0, '\\title': 0, '\\today': 15, '\\topfraction': 2, '\\tt': 0, '\\typeout': 0, '\\unboldmath': 0, '\\underbrace': 6, '\\underline': 0, '\\value': 0, '\\vdots': 3, '\\vline': 0}
manimlib.window	PygletWindow	leaked_import	moderngl_window.context.pyglet.window	1	-
manimlib.window	Timer	leaked_import	moderngl_window.timers.clock	1	-
manimlib.window	Window	class	defined	1	PygletWindow
manimlib.window	Window.__init__	method	defined	0	-
manimlib.window	Window.cursor	attribute	defined	0	True
manimlib.window	Window.focus	method	defined	0	-
manimlib.window	Window.fullscreen	attribute	defined	0	False
manimlib.window	Window.get_default_size	method	defined	0	-
manimlib.window	Window.get_monitor	method	defined	0	-
manimlib.window	Window.gl_version	attribute	defined	0	(3, 3)
manimlib.window	Window.has_undrawn_event	method	defined	0	-
manimlib.window	Window.init_for_scene	method	defined	0	-
manimlib.window	Window.is_key_pressed	method	defined	0	-
manimlib.window	Window.note_undrawn_event	method	defined	0	-
manimlib.window	Window.on_close	method	defined	0	-
manimlib.window	Window.on_hide	method	defined	0	-
manimlib.window	Window.on_key_press	method	defined	0	-
manimlib.window	Window.on_key_release	method	defined	0	-
manimlib.window	Window.on_mouse_drag	method	defined	0	-
manimlib.window	Window.on_mouse_motion	method	defined	0	-
manimlib.window	Window.on_mouse_press	method	defined	0	-
manimlib.window	Window.on_mouse_release	method	defined	0	-
manimlib.window	Window.on_mouse_scroll	method	defined	0	-
manimlib.window	Window.on_resize	method	defined	0	-
manimlib.window	Window.on_show	method	defined	0	-
manimlib.window	Window.pixel_coords_to_space_coords	method	defined	0	-
manimlib.window	Window.position_from_string	method	defined	0	-
manimlib.window	Window.resizable	attribute	defined	0	True
manimlib.window	Window.swap_buffers	method	defined	0	-
manimlib.window	Window.to_default_position	method	defined	0	-
manimlib.window	Window.vsync	attribute	defined	0	True
manimlib.window	mglw	leaked_import	moderngl_window	1	-
manimlib.window	screeninfo	leaked_import	screeninfo	1	-

[params]
# owner	ordinal	name	kind	annotation	default
manimlib.animation.animation:Animation.__init__	0	self	positional_or_keyword	-	-
manimlib.animation.animation:Animation.__init__	1	mobject	positional_or_keyword	Mobject	-
manimlib.animation.animation:Animation.__init__	2	run_time	positional_or_keyword	float	DEFAULT_ANIMATION_RUN_TIME
manimlib.animation.animation:Animation.__init__	3	time_span	positional_or_keyword	tuple[float, float] | None	None
manimlib.animation.animation:Animation.__init__	4	lag_ratio	positional_or_keyword	float	DEFAULT_ANIMATION_LAG_RATIO
manimlib.animation.animation:Animation.__init__	5	rate_func	positional_or_keyword	Callable[[float], float]	smooth
manimlib.animation.animation:Animation.__init__	6	name	positional_or_keyword	str	''
manimlib.animation.animation:Animation.__init__	7	remover	positional_or_keyword	bool	False
manimlib.animation.animation:Animation.__init__	8	final_alpha_value	positional_or_keyword	float	1.0
manimlib.animation.animation:Animation.__init__	9	suspend_mobject_updating	positional_or_keyword	bool	False
manimlib.animation.animation:Animation.begin	0	self	positional_or_keyword	-	-
manimlib.animation.animation:Animation.clean_up_from_scene	0	self	positional_or_keyword	-	-
manimlib.animation.animation:Animation.clean_up_from_scene	1	scene	positional_or_keyword	Scene	-
manimlib.animation.animation:Animation.copy	0	self	positional_or_keyword	-	-
manimlib.animation.animation:Animation.create_starting_mobject	0	self	positional_or_keyword	-	-
manimlib.animation.animation:Animation.finish	0	self	positional_or_keyword	-	-
manimlib.animation.animation:Animation.get_all_families_zipped	0	self	positional_or_keyword	-	-
manimlib.animation.animation:Animation.get_all_mobjects	0	self	positional_or_keyword	-	-
manimlib.animation.animation:Animation.get_all_mobjects_to_update	0	self	positional_or_keyword	-	-
manimlib.animation.animation:Animation.get_rate_func	0	self	positional_or_keyword	-	-
manimlib.animation.animation:Animation.get_run_time	0	self	positional_or_keyword	-	-
manimlib.animation.animation:Animation.get_sub_alpha	0	self	positional_or_keyword	-	-
manimlib.animation.animation:Animation.get_sub_alpha	1	alpha	positional_or_keyword	float	-
manimlib.animation.animation:Animation.get_sub_alpha	2	index	positional_or_keyword	int	-
manimlib.animation.animation:Animation.get_sub_alpha	3	num_submobjects	positional_or_keyword	int	-
manimlib.animation.animation:Animation.interpolate	0	self	positional_or_keyword	-	-
manimlib.animation.animation:Animation.interpolate	1	alpha	positional_or_keyword	float	-
manimlib.animation.animation:Animation.interpolate_mobject	0	self	positional_or_keyword	-	-
manimlib.animation.animation:Animation.interpolate_mobject	1	alpha	positional_or_keyword	float	-
manimlib.animation.animation:Animation.interpolate_submobject	0	self	positional_or_keyword	-	-
manimlib.animation.animation:Animation.interpolate_submobject	1	submobject	positional_or_keyword	Mobject	-
manimlib.animation.animation:Animation.interpolate_submobject	2	starting_submobject	positional_or_keyword	Mobject	-
manimlib.animation.animation:Animation.interpolate_submobject	3	alpha	positional_or_keyword	float	-
manimlib.animation.animation:Animation.is_remover	0	self	positional_or_keyword	-	-
manimlib.animation.animation:Animation.set_name	0	self	positional_or_keyword	-	-
manimlib.animation.animation:Animation.set_name	1	name	positional_or_keyword	str	-
manimlib.animation.animation:Animation.set_rate_func	0	self	positional_or_keyword	-	-
manimlib.animation.animation:Animation.set_rate_func	1	rate_func	positional_or_keyword	Callable[[float], float]	-
manimlib.animation.animation:Animation.set_run_time	0	self	positional_or_keyword	-	-
manimlib.animation.animation:Animation.set_run_time	1	run_time	positional_or_keyword	float	-
manimlib.animation.animation:Animation.time_spanned_alpha	0	self	positional_or_keyword	-	-
manimlib.animation.animation:Animation.time_spanned_alpha	1	alpha	positional_or_keyword	float	-
manimlib.animation.animation:Animation.update	0	self	positional_or_keyword	-	-
manimlib.animation.animation:Animation.update	1	alpha	positional_or_keyword	float	-
manimlib.animation.animation:Animation.update_mobjects	0	self	positional_or_keyword	-	-
manimlib.animation.animation:Animation.update_mobjects	1	dt	positional_or_keyword	float	-
manimlib.animation.animation:Animation.update_rate_info	0	self	positional_or_keyword	-	-
manimlib.animation.animation:Animation.update_rate_info	1	run_time	positional_or_keyword	float | None	None
manimlib.animation.animation:Animation.update_rate_info	2	rate_func	positional_or_keyword	Callable[[float], float] | None	None
manimlib.animation.animation:Animation.update_rate_info	3	lag_ratio	positional_or_keyword	float | None	None
manimlib.animation.animation:prepare_animation	0	anim	positional_or_keyword	Animation | _AnimationBuilder	-
manimlib.animation.composition:AnimationGroup.__init__	0	self	positional_or_keyword	-	-
manimlib.animation.composition:AnimationGroup.__init__	1	args	var_positional	AnimationType | Iterable[AnimationType]	-
manimlib.animation.composition:AnimationGroup.__init__	2	run_time	keyword_only	float	-1
manimlib.animation.composition:AnimationGroup.__init__	3	lag_ratio	keyword_only	float	0.0
manimlib.animation.composition:AnimationGroup.__init__	4	group	keyword_only	Optional[Mobject]	None
manimlib.animation.composition:AnimationGroup.__init__	5	group_type	keyword_only	Optional[type]	None
manimlib.animation.composition:AnimationGroup.__init__	6	kwargs	var_keyword	-	-
manimlib.animation.composition:AnimationGroup.begin	0	self	positional_or_keyword	-	-
manimlib.animation.composition:AnimationGroup.build_animations_with_timings	0	self	positional_or_keyword	-	-
manimlib.animation.composition:AnimationGroup.build_animations_with_timings	1	lag_ratio	positional_or_keyword	float	-
manimlib.animation.composition:AnimationGroup.calculate_max_end_time	0	self	positional_or_keyword	-	-
manimlib.animation.composition:AnimationGroup.clean_up_from_scene	0	self	positional_or_keyword	-	-
manimlib.animation.composition:AnimationGroup.clean_up_from_scene	1	scene	positional_or_keyword	Scene	-
manimlib.animation.composition:AnimationGroup.finish	0	self	positional_or_keyword	-	-
manimlib.animation.composition:AnimationGroup.get_all_mobjects	0	self	positional_or_keyword	-	-
manimlib.animation.composition:AnimationGroup.interpolate	0	self	positional_or_keyword	-	-
manimlib.animation.composition:AnimationGroup.interpolate	1	alpha	positional_or_keyword	float	-
manimlib.animation.composition:AnimationGroup.update_mobjects	0	self	positional_or_keyword	-	-
manimlib.animation.composition:AnimationGroup.update_mobjects	1	dt	positional_or_keyword	float	-
manimlib.animation.composition:LaggedStart.__init__	0	self	positional_or_keyword	-	-
manimlib.animation.composition:LaggedStart.__init__	1	animations	var_positional	-	-
manimlib.animation.composition:LaggedStart.__init__	2	lag_ratio	keyword_only	float	DEFAULT_LAGGED_START_LAG_RATIO
manimlib.animation.composition:LaggedStart.__init__	3	kwargs	var_keyword	-	-
manimlib.animation.composition:LaggedStartMap.__init__	0	self	positional_or_keyword	-	-
manimlib.animation.composition:LaggedStartMap.__init__	1	anim_func	positional_or_keyword	Callable[[Mobject], Animation]	-
manimlib.animation.composition:LaggedStartMap.__init__	2	group	positional_or_keyword	Mobject	-
manimlib.animation.composition:LaggedStartMap.__init__	3	run_time	positional_or_keyword	float	2.0
manimlib.animation.composition:LaggedStartMap.__init__	4	lag_ratio	positional_or_keyword	float	DEFAULT_LAGGED_START_LAG_RATIO
manimlib.animation.composition:LaggedStartMap.__init__	5	kwargs	var_keyword	-	-
manimlib.animation.composition:Succession.__init__	0	self	positional_or_keyword	-	-
manimlib.animation.composition:Succession.__init__	1	animations	var_positional	Animation	-
manimlib.animation.composition:Succession.__init__	2	lag_ratio	keyword_only	float	1.0
manimlib.animation.composition:Succession.__init__	3	kwargs	var_keyword	-	-
manimlib.animation.composition:Succession.begin	0	self	positional_or_keyword	-	-
manimlib.animation.composition:Succession.finish	0	self	positional_or_keyword	-	-
manimlib.animation.composition:Succession.interpolate	0	self	positional_or_keyword	-	-
manimlib.animation.composition:Succession.interpolate	1	alpha	positional_or_keyword	float	-
manimlib.animation.composition:Succession.update_mobjects	0	self	positional_or_keyword	-	-
manimlib.animation.composition:Succession.update_mobjects	1	dt	positional_or_keyword	float	-
manimlib.animation.creation:AddTextWordByWord.__init__	0	self	positional_or_keyword	-	-
manimlib.animation.creation:AddTextWordByWord.__init__	1	string_mobject	positional_or_keyword	StringMobject	-
manimlib.animation.creation:AddTextWordByWord.__init__	2	time_per_word	positional_or_keyword	float	0.2
manimlib.animation.creation:AddTextWordByWord.__init__	3	run_time	positional_or_keyword	float	-1.0
manimlib.animation.creation:AddTextWordByWord.__init__	4	rate_func	positional_or_keyword	Callable[[float], float]	linear
manimlib.animation.creation:AddTextWordByWord.__init__	5	kwargs	var_keyword	-	-
manimlib.animation.creation:AddTextWordByWord.clean_up_from_scene	0	self	positional_or_keyword	-	-
manimlib.animation.creation:AddTextWordByWord.clean_up_from_scene	1	scene	positional_or_keyword	Scene	-
manimlib.animation.creation:DrawBorderThenFill.__init__	0	self	positional_or_keyword	-	-
manimlib.animation.creation:DrawBorderThenFill.__init__	1	vmobject	positional_or_keyword	VMobject	-
manimlib.animation.creation:DrawBorderThenFill.__init__	2	run_time	positional_or_keyword	float	2.0
manimlib.animation.creation:DrawBorderThenFill.__init__	3	rate_func	positional_or_keyword	Callable[[float], float]	double_smooth
manimlib.animation.creation:DrawBorderThenFill.__init__	4	stroke_width	positional_or_keyword	float	2.0
manimlib.animation.creation:DrawBorderThenFill.__init__	5	stroke_color	positional_or_keyword	ManimColor	None
manimlib.animation.creation:DrawBorderThenFill.__init__	6	draw_border_animation_config	positional_or_keyword	dict	{}
manimlib.animation.creation:DrawBorderThenFill.__init__	7	fill_animation_config	positional_or_keyword	dict	{}
manimlib.animation.creation:DrawBorderThenFill.__init__	8	kwargs	var_keyword	-	-
manimlib.animation.creation:DrawBorderThenFill.begin	0	self	positional_or_keyword	-	-
manimlib.animation.creation:DrawBorderThenFill.finish	0	self	positional_or_keyword	-	-
manimlib.animation.creation:DrawBorderThenFill.get_all_mobjects	0	self	positional_or_keyword	-	-
manimlib.animation.creation:DrawBorderThenFill.get_outline	0	self	positional_or_keyword	-	-
manimlib.animation.creation:DrawBorderThenFill.interpolate_submobject	0	self	positional_or_keyword	-	-
manimlib.animation.creation:DrawBorderThenFill.interpolate_submobject	1	submob	positional_or_keyword	VMobject	-
manimlib.animation.creation:DrawBorderThenFill.interpolate_submobject	2	start	positional_or_keyword	VMobject	-
manimlib.animation.creation:DrawBorderThenFill.interpolate_submobject	3	outline	positional_or_keyword	VMobject	-
manimlib.animation.creation:DrawBorderThenFill.interpolate_submobject	4	alpha	positional_or_keyword	float	-
manimlib.animation.creation:ShowCreation.__init__	0	self	positional_or_keyword	-	-
manimlib.animation.creation:ShowCreation.__init__	1	mobject	positional_or_keyword	Mobject	-
manimlib.animation.creation:ShowCreation.__init__	2	lag_ratio	positional_or_keyword	float	1.0
manimlib.animation.creation:ShowCreation.__init__	3	kwargs	var_keyword	-	-
manimlib.animation.creation:ShowCreation.get_bounds	0	self	positional_or_keyword	-	-
manimlib.animation.creation:ShowCreation.get_bounds	1	alpha	positional_or_keyword	float	-
manimlib.animation.creation:ShowIncreasingSubsets.__init__	0	self	positional_or_keyword	-	-
manimlib.animation.creation:ShowIncreasingSubsets.__init__	1	group	positional_or_keyword	Mobject	-
manimlib.animation.creation:ShowIncreasingSubsets.__init__	2	int_func	positional_or_keyword	Callable[[float], float]	np.round
manimlib.animation.creation:ShowIncreasingSubsets.__init__	3	suspend_mobject_updating	positional_or_keyword	bool	False
manimlib.animation.creation:ShowIncreasingSubsets.__init__	4	kwargs	var_keyword	-	-
manimlib.animation.creation:ShowIncreasingSubsets.interpolate_mobject	0	self	positional_or_keyword	-	-
manimlib.animation.creation:ShowIncreasingSubsets.interpolate_mobject	1	alpha	positional_or_keyword	float	-
manimlib.animation.creation:ShowIncreasingSubsets.update_submobject_list	0	self	positional_or_keyword	-	-
manimlib.animation.creation:ShowIncreasingSubsets.update_submobject_list	1	index	positional_or_keyword	int	-
manimlib.animation.creation:ShowPartial.__init__	0	self	positional_or_keyword	-	-
manimlib.animation.creation:ShowPartial.__init__	1	mobject	positional_or_keyword	Mobject	-
manimlib.animation.creation:ShowPartial.__init__	2	should_match_start	positional_or_keyword	bool	False
manimlib.animation.creation:ShowPartial.__init__	3	kwargs	var_keyword	-	-
manimlib.animation.creation:ShowPartial.get_bounds	0	self	positional_or_keyword	-	-
manimlib.animation.creation:ShowPartial.get_bounds	1	alpha	positional_or_keyword	float	-
manimlib.animation.creation:ShowPartial.interpolate_submobject	0	self	positional_or_keyword	-	-
manimlib.animation.creation:ShowPartial.interpolate_submobject	1	submob	positional_or_keyword	Mobject	-
manimlib.animation.creation:ShowPartial.interpolate_submobject	2	start_submob	positional_or_keyword	Mobject	-
manimlib.animation.creation:ShowPartial.interpolate_submobject	3	alpha	positional_or_keyword	float	-
manimlib.animation.creation:ShowSubmobjectsOneByOne.__init__	0	self	positional_or_keyword	-	-
manimlib.animation.creation:ShowSubmobjectsOneByOne.__init__	1	group	positional_or_keyword	Mobject	-
manimlib.animation.creation:ShowSubmobjectsOneByOne.__init__	2	int_func	positional_or_keyword	Callable[[float], float]	np.ceil
manimlib.animation.creation:ShowSubmobjectsOneByOne.__init__	3	kwargs	var_keyword	-	-
manimlib.animation.creation:ShowSubmobjectsOneByOne.update_submobject_list	0	self	positional_or_keyword	-	-
manimlib.animation.creation:ShowSubmobjectsOneByOne.update_submobject_list	1	index	positional_or_keyword	int	-
manimlib.animation.creation:Uncreate.__init__	0	self	positional_or_keyword	-	-
manimlib.animation.creation:Uncreate.__init__	1	mobject	positional_or_keyword	Mobject	-
manimlib.animation.creation:Uncreate.__init__	2	rate_func	positional_or_keyword	Callable[[float], float]	lambda t: smooth(1 - t)
manimlib.animation.creation:Uncreate.__init__	3	remover	positional_or_keyword	bool	True
manimlib.animation.creation:Uncreate.__init__	4	should_match_start	positional_or_keyword	bool	True
manimlib.animation.creation:Uncreate.__init__	5	kwargs	var_keyword	-	-
manimlib.animation.creation:Write.__init__	0	self	positional_or_keyword	-	-
manimlib.animation.creation:Write.__init__	1	vmobject	positional_or_keyword	VMobject	-
manimlib.animation.creation:Write.__init__	2	run_time	positional_or_keyword	float	-1
manimlib.animation.creation:Write.__init__	3	lag_ratio	positional_or_keyword	float	-1
manimlib.animation.creation:Write.__init__	4	rate_func	positional_or_keyword	Callable[[float], float]	linear
manimlib.animation.creation:Write.__init__	5	stroke_color	positional_or_keyword	ManimColor	None
manimlib.animation.creation:Write.__init__	6	kwargs	var_keyword	-	-
manimlib.animation.creation:Write.compute_lag_ratio	0	self	positional_or_keyword	-	-
manimlib.animation.creation:Write.compute_lag_ratio	1	family_size	positional_or_keyword	int	-
manimlib.animation.creation:Write.compute_lag_ratio	2	lag_ratio	positional_or_keyword	float	-
manimlib.animation.creation:Write.compute_run_time	0	self	positional_or_keyword	-	-
manimlib.animation.creation:Write.compute_run_time	1	family_size	positional_or_keyword	int	-
manimlib.animation.creation:Write.compute_run_time	2	run_time	positional_or_keyword	float	-
manimlib.animation.fading:Fade.__init__	0	self	positional_or_keyword	-	-
manimlib.animation.fading:Fade.__init__	1	mobject	positional_or_keyword	Mobject	-
manimlib.animation.fading:Fade.__init__	2	shift	positional_or_keyword	np.ndarray	ORIGIN
manimlib.animation.fading:Fade.__init__	3	scale	positional_or_keyword	float	1
manimlib.animation.fading:Fade.__init__	4	kwargs	var_keyword	-	-
manimlib.animation.fading:FadeIn.create_starting_mobject	0	self	positional_or_keyword	-	-
manimlib.animation.fading:FadeIn.create_target	0	self	positional_or_keyword	-	-
manimlib.animation.fading:FadeInFromPoint.__init__	0	self	positional_or_keyword	-	-
manimlib.animation.fading:FadeInFromPoint.__init__	1	mobject	positional_or_keyword	Mobject	-
manimlib.animation.fading:FadeInFromPoint.__init__	2	point	positional_or_keyword	Vect3	-
manimlib.animation.fading:FadeInFromPoint.__init__	3	kwargs	var_keyword	-	-
manimlib.animation.fading:FadeOut.__init__	0	self	positional_or_keyword	-	-
manimlib.animation.fading:FadeOut.__init__	1	mobject	positional_or_keyword	Mobject	-
manimlib.animation.fading:FadeOut.__init__	2	shift	positional_or_keyword	Vect3	ORIGIN
manimlib.animation.fading:FadeOut.__init__	3	remover	positional_or_keyword	bool	True
manimlib.animation.fading:FadeOut.__init__	4	final_alpha_value	positional_or_keyword	float	0.0
manimlib.animation.fading:FadeOut.__init__	5	kwargs	var_keyword	-	-
manimlib.animation.fading:FadeOut.create_target	0	self	positional_or_keyword	-	-
manimlib.animation.fading:FadeOutToPoint.__init__	0	self	positional_or_keyword	-	-
manimlib.animation.fading:FadeOutToPoint.__init__	1	mobject	positional_or_keyword	Mobject	-
manimlib.animation.fading:FadeOutToPoint.__init__	2	point	positional_or_keyword	Vect3	-
manimlib.animation.fading:FadeOutToPoint.__init__	3	kwargs	var_keyword	-	-
manimlib.animation.fading:FadeTransform.__init__	0	self	positional_or_keyword	-	-
manimlib.animation.fading:FadeTransform.__init__	1	mobject	positional_or_keyword	Mobject	-
manimlib.animation.fading:FadeTransform.__init__	2	target_mobject	positional_or_keyword	Mobject	-
manimlib.animation.fading:FadeTransform.__init__	3	stretch	positional_or_keyword	bool	True
manimlib.animation.fading:FadeTransform.__init__	4	dim_to_match	positional_or_keyword	int	1
manimlib.animation.fading:FadeTransform.__init__	5	kwargs	var_keyword	-	-
manimlib.animation.fading:FadeTransform.begin	0	self	positional_or_keyword	-	-
manimlib.animation.fading:FadeTransform.clean_up_from_scene	0	self	positional_or_keyword	-	-
manimlib.animation.fading:FadeTransform.clean_up_from_scene	1	scene	positional_or_keyword	Scene	-
manimlib.animation.fading:FadeTransform.get_all_families_zipped	0	self	positional_or_keyword	-	-
manimlib.animation.fading:FadeTransform.get_all_mobjects	0	self	positional_or_keyword	-	-
manimlib.animation.fading:FadeTransform.ghost_to	0	self	positional_or_keyword	-	-
manimlib.animation.fading:FadeTransform.ghost_to	1	source	positional_or_keyword	Mobject	-
manimlib.animation.fading:FadeTransform.ghost_to	2	target	positional_or_keyword	Mobject	-
manimlib.animation.fading:FadeTransformPieces.begin	0	self	positional_or_keyword	-	-
manimlib.animation.fading:FadeTransformPieces.ghost_to	0	self	positional_or_keyword	-	-
manimlib.animation.fading:FadeTransformPieces.ghost_to	1	source	positional_or_keyword	Mobject	-
manimlib.animation.fading:FadeTransformPieces.ghost_to	2	target	positional_or_keyword	Mobject	-
manimlib.animation.fading:VFadeIn.__init__	0	self	positional_or_keyword	-	-
manimlib.animation.fading:VFadeIn.__init__	1	vmobject	positional_or_keyword	VMobject	-
manimlib.animation.fading:VFadeIn.__init__	2	suspend_mobject_updating	positional_or_keyword	bool	False
manimlib.animation.fading:VFadeIn.__init__	3	kwargs	var_keyword	-	-
manimlib.animation.fading:VFadeIn.interpolate_submobject	0	self	positional_or_keyword	-	-
manimlib.animation.fading:VFadeIn.interpolate_submobject	1	submob	positional_or_keyword	VMobject	-
manimlib.animation.fading:VFadeIn.interpolate_submobject	2	start	positional_or_keyword	VMobject	-
manimlib.animation.fading:VFadeIn.interpolate_submobject	3	alpha	positional_or_keyword	float	-
manimlib.animation.fading:VFadeInThenOut.__init__	0	self	positional_or_keyword	-	-
manimlib.animation.fading:VFadeInThenOut.__init__	1	vmobject	positional_or_keyword	VMobject	-
manimlib.animation.fading:VFadeInThenOut.__init__	2	rate_func	positional_or_keyword	Callable[[float], float]	there_and_back
manimlib.animation.fading:VFadeInThenOut.__init__	3	remover	positional_or_keyword	bool	True
manimlib.animation.fading:VFadeInThenOut.__init__	4	final_alpha_value	positional_or_keyword	float	0.5
manimlib.animation.fading:VFadeInThenOut.__init__	5	kwargs	var_keyword	-	-
manimlib.animation.fading:VFadeOut.__init__	0	self	positional_or_keyword	-	-
manimlib.animation.fading:VFadeOut.__init__	1	vmobject	positional_or_keyword	VMobject	-
manimlib.animation.fading:VFadeOut.__init__	2	remover	positional_or_keyword	bool	True
manimlib.animation.fading:VFadeOut.__init__	3	final_alpha_value	positional_or_keyword	float	0.0
manimlib.animation.fading:VFadeOut.__init__	4	kwargs	var_keyword	-	-
manimlib.animation.fading:VFadeOut.interpolate_submobject	0	self	positional_or_keyword	-	-
manimlib.animation.fading:VFadeOut.interpolate_submobject	1	submob	positional_or_keyword	VMobject	-
manimlib.animation.fading:VFadeOut.interpolate_submobject	2	start	positional_or_keyword	VMobject	-
manimlib.animation.fading:VFadeOut.interpolate_submobject	3	alpha	positional_or_keyword	float	-
manimlib.animation.growing:GrowArrow.__init__	0	self	positional_or_keyword	-	-
manimlib.animation.growing:GrowArrow.__init__	1	arrow	positional_or_keyword	Arrow	-
manimlib.animation.growing:GrowArrow.__init__	2	kwargs	var_keyword	-	-
manimlib.animation.growing:GrowFromCenter.__init__	0	self	positional_or_keyword	-	-
manimlib.animation.growing:GrowFromCenter.__init__	1	mobject	positional_or_keyword	Mobject	-
manimlib.animation.growing:GrowFromCenter.__init__	2	kwargs	var_keyword	-	-
manimlib.animation.growing:GrowFromEdge.__init__	0	self	positional_or_keyword	-	-
manimlib.animation.growing:GrowFromEdge.__init__	1	mobject	positional_or_keyword	Mobject	-
manimlib.animation.growing:GrowFromEdge.__init__	2	edge	positional_or_keyword	np.ndarray	-
manimlib.animation.growing:GrowFromEdge.__init__	3	kwargs	var_keyword	-	-
manimlib.animation.growing:GrowFromPoint.__init__	0	self	positional_or_keyword	-	-
manimlib.animation.growing:GrowFromPoint.__init__	1	mobject	positional_or_keyword	Mobject	-
manimlib.animation.growing:GrowFromPoint.__init__	2	point	positional_or_keyword	np.ndarray	-
manimlib.animation.growing:GrowFromPoint.__init__	3	point_color	positional_or_keyword	ManimColor	None
manimlib.animation.growing:GrowFromPoint.__init__	4	kwargs	var_keyword	-	-
manimlib.animation.growing:GrowFromPoint.create_starting_mobject	0	self	positional_or_keyword	-	-
manimlib.animation.growing:GrowFromPoint.create_target	0	self	positional_or_keyword	-	-
manimlib.animation.indication:AnimationOnSurroundingRectangle.__init__	0	self	positional_or_keyword	-	-
manimlib.animation.indication:AnimationOnSurroundingRectangle.__init__	1	mobject	positional_or_keyword	Mobject	-
manimlib.animation.indication:AnimationOnSurroundingRectangle.__init__	2	stroke_width	positional_or_keyword	float	2.0
manimlib.animation.indication:AnimationOnSurroundingRectangle.__init__	3	stroke_color	positional_or_keyword	ManimColor	YELLOW
manimlib.animation.indication:AnimationOnSurroundingRectangle.__init__	4	buff	positional_or_keyword	float	SMALL_BUFF
manimlib.animation.indication:AnimationOnSurroundingRectangle.__init__	5	kwargs	var_keyword	-	-
manimlib.animation.indication:ApplyWave.__init__	0	self	positional_or_keyword	-	-
manimlib.animation.indication:ApplyWave.__init__	1	mobject	positional_or_keyword	Mobject	-
manimlib.animation.indication:ApplyWave.__init__	2	direction	positional_or_keyword	np.ndarray	UP
manimlib.animation.indication:ApplyWave.__init__	3	amplitude	positional_or_keyword	float	0.2
manimlib.animation.indication:ApplyWave.__init__	4	run_time	positional_or_keyword	float	1.0
manimlib.animation.indication:ApplyWave.__init__	5	kwargs	var_keyword	-	-
manimlib.animation.indication:CircleIndicate.__init__	0	self	positional_or_keyword	-	-
manimlib.animation.indication:CircleIndicate.__init__	1	mobject	positional_or_keyword	Mobject	-
manimlib.animation.indication:CircleIndicate.__init__	2	scale_factor	positional_or_keyword	float	1.2
manimlib.animation.indication:CircleIndicate.__init__	3	rate_func	positional_or_keyword	Callable[[float], float]	there_and_back
manimlib.animation.indication:CircleIndicate.__init__	4	stroke_color	positional_or_keyword	ManimColor	YELLOW
manimlib.animation.indication:CircleIndicate.__init__	5	stroke_width	positional_or_keyword	float	3.0
manimlib.animation.indication:CircleIndicate.__init__	6	remover	positional_or_keyword	bool	True
manimlib.animation.indication:CircleIndicate.__init__	7	kwargs	var_keyword	-	-
manimlib.animation.indication:Flash.__init__	0	self	positional_or_keyword	-	-
manimlib.animation.indication:Flash.__init__	1	point	positional_or_keyword	np.ndarray | Mobject	-
manimlib.animation.indication:Flash.__init__	2	color	positional_or_keyword	ManimColor	YELLOW
manimlib.animation.indication:Flash.__init__	3	line_length	positional_or_keyword	float	0.2
manimlib.animation.indication:Flash.__init__	4	num_lines	positional_or_keyword	int	12
manimlib.animation.indication:Flash.__init__	5	flash_radius	positional_or_keyword	float	0.3
manimlib.animation.indication:Flash.__init__	6	line_stroke_width	positional_or_keyword	float	3.0
manimlib.animation.indication:Flash.__init__	7	run_time	positional_or_keyword	float	1.0
manimlib.animation.indication:Flash.__init__	8	kwargs	var_keyword	-	-
manimlib.animation.indication:Flash.create_line_anims	0	self	positional_or_keyword	-	-
manimlib.animation.indication:Flash.create_lines	0	self	positional_or_keyword	-	-
manimlib.animation.indication:FlashAround.__init__	0	self	positional_or_keyword	-	-
manimlib.animation.indication:FlashAround.__init__	1	mobject	positional_or_keyword	Mobject	-
manimlib.animation.indication:FlashAround.__init__	2	time_width	positional_or_keyword	float	1.0
manimlib.animation.indication:FlashAround.__init__	3	taper_width	positional_or_keyword	float	0.0
manimlib.animation.indication:FlashAround.__init__	4	stroke_width	positional_or_keyword	float	4.0
manimlib.animation.indication:FlashAround.__init__	5	color	positional_or_keyword	ManimColor	YELLOW
manimlib.animation.indication:FlashAround.__init__	6	buff	positional_or_keyword	float	SMALL_BUFF
manimlib.animation.indication:FlashAround.__init__	7	n_inserted_curves	positional_or_keyword	int	100
manimlib.animation.indication:FlashAround.__init__	8	kwargs	var_keyword	-	-
manimlib.animation.indication:FlashAround.get_path	0	self	positional_or_keyword	-	-
manimlib.animation.indication:FlashAround.get_path	1	mobject	positional_or_keyword	Mobject	-
manimlib.animation.indication:FlashAround.get_path	2	buff	positional_or_keyword	float	-
manimlib.animation.indication:FlashUnder.get_path	0	self	positional_or_keyword	-	-
manimlib.animation.indication:FlashUnder.get_path	1	mobject	positional_or_keyword	Mobject	-
manimlib.animation.indication:FlashUnder.get_path	2	buff	positional_or_keyword	float	-
manimlib.animation.indication:FlashyFadeIn.__init__	0	self	positional_or_keyword	-	-
manimlib.animation.indication:FlashyFadeIn.__init__	1	vmobject	positional_or_keyword	VMobject	-
manimlib.animation.indication:FlashyFadeIn.__init__	2	stroke_width	positional_or_keyword	float	2.0
manimlib.animation.indication:FlashyFadeIn.__init__	3	fade_lag	positional_or_keyword	float	0.0
manimlib.animation.indication:FlashyFadeIn.__init__	4	time_width	positional_or_keyword	float	1.0
manimlib.animation.indication:FlashyFadeIn.__init__	5	kwargs	var_keyword	-	-
manimlib.animation.indication:FocusOn.__init__	0	self	positional_or_keyword	-	-
manimlib.animation.indication:FocusOn.__init__	1	focus_point	positional_or_keyword	np.ndarray | Mobject	-
manimlib.animation.indication:FocusOn.__init__	2	opacity	positional_or_keyword	float	0.2
manimlib.animation.indication:FocusOn.__init__	3	color	positional_or_keyword	ManimColor	GREY
manimlib.animation.indication:FocusOn.__init__	4	run_time	positional_or_keyword	float	2
manimlib.animation.indication:FocusOn.__init__	5	remover	positional_or_keyword	bool	True
manimlib.animation.indication:FocusOn.__init__	6	kwargs	var_keyword	-	-
manimlib.animation.indication:FocusOn.create_starting_mobject	0	self	positional_or_keyword	-	-
manimlib.animation.indication:FocusOn.create_target	0	self	positional_or_keyword	-	-
manimlib.animation.indication:Indicate.__init__	0	self	positional_or_keyword	-	-
manimlib.animation.indication:Indicate.__init__	1	mobject	positional_or_keyword	Mobject	-
manimlib.animation.indication:Indicate.__init__	2	scale_factor	positional_or_keyword	float	1.2
manimlib.animation.indication:Indicate.__init__	3	color	positional_or_keyword	ManimColor	YELLOW
manimlib.animation.indication:Indicate.__init__	4	rate_func	positional_or_keyword	Callable[[float], float]	there_and_back
manimlib.animation.indication:Indicate.__init__	5	kwargs	var_keyword	-	-
manimlib.animation.indication:Indicate.create_target	0	self	positional_or_keyword	-	-
manimlib.animation.indication:ShowCreationThenDestruction.__init__	0	self	positional_or_keyword	-	-
manimlib.animation.indication:ShowCreationThenDestruction.__init__	1	vmobject	positional_or_keyword	VMobject	-
manimlib.animation.indication:ShowCreationThenDestruction.__init__	2	time_width	positional_or_keyword	float	2.0
manimlib.animation.indication:ShowCreationThenDestruction.__init__	3	kwargs	var_keyword	-	-
manimlib.animation.indication:ShowCreationThenFadeOut.__init__	0	self	positional_or_keyword	-	-
manimlib.animation.indication:ShowCreationThenFadeOut.__init__	1	mobject	positional_or_keyword	Mobject	-
manimlib.animation.indication:ShowCreationThenFadeOut.__init__	2	remover	positional_or_keyword	bool	True
manimlib.animation.indication:ShowCreationThenFadeOut.__init__	3	kwargs	var_keyword	-	-
manimlib.animation.indication:ShowPassingFlash.__init__	0	self	positional_or_keyword	-	-
manimlib.animation.indication:ShowPassingFlash.__init__	1	mobject	positional_or_keyword	Mobject	-
manimlib.animation.indication:ShowPassingFlash.__init__	2	time_width	positional_or_keyword	float	0.1
manimlib.animation.indication:ShowPassingFlash.__init__	3	remover	positional_or_keyword	bool	True
manimlib.animation.indication:ShowPassingFlash.__init__	4	kwargs	var_keyword	-	-
manimlib.animation.indication:ShowPassingFlash.finish	0	self	positional_or_keyword	-	-
manimlib.animation.indication:ShowPassingFlash.get_bounds	0	self	positional_or_keyword	-	-
manimlib.animation.indication:ShowPassingFlash.get_bounds	1	alpha	positional_or_keyword	float	-
manimlib.animation.indication:TurnInsideOut.__init__	0	self	positional_or_keyword	-	-
manimlib.animation.indication:TurnInsideOut.__init__	1	mobject	positional_or_keyword	Mobject	-
manimlib.animation.indication:TurnInsideOut.__init__	2	path_arc	positional_or_keyword	float	90 * DEG
manimlib.animation.indication:TurnInsideOut.__init__	3	kwargs	var_keyword	-	-
manimlib.animation.indication:TurnInsideOut.create_target	0	self	positional_or_keyword	-	-
manimlib.animation.indication:VShowPassingFlash.__init__	0	self	positional_or_keyword	-	-
manimlib.animation.indication:VShowPassingFlash.__init__	1	vmobject	positional_or_keyword	VMobject	-
manimlib.animation.indication:VShowPassingFlash.__init__	2	time_width	positional_or_keyword	float	0.3
manimlib.animation.indication:VShowPassingFlash.__init__	3	taper_width	positional_or_keyword	float	0.05
manimlib.animation.indication:VShowPassingFlash.__init__	4	remover	positional_or_keyword	bool	True
manimlib.animation.indication:VShowPassingFlash.__init__	5	kwargs	var_keyword	-	-
manimlib.animation.indication:VShowPassingFlash.begin	0	self	positional_or_keyword	-	-
manimlib.animation.indication:VShowPassingFlash.finish	0	self	positional_or_keyword	-	-
manimlib.animation.indication:VShowPassingFlash.interpolate_submobject	0	self	positional_or_keyword	-	-
manimlib.animation.indication:VShowPassingFlash.interpolate_submobject	1	submobject	positional_or_keyword	VMobject	-
manimlib.animation.indication:VShowPassingFlash.interpolate_submobject	2	starting_sumobject	positional_or_keyword	None	-
manimlib.animation.indication:VShowPassingFlash.interpolate_submobject	3	alpha	positional_or_keyword	float	-
manimlib.animation.indication:VShowPassingFlash.taper_kernel	0	self	positional_or_keyword	-	-
manimlib.animation.indication:VShowPassingFlash.taper_kernel	1	x	positional_or_keyword	-	-
manimlib.animation.indication:WiggleOutThenIn.__init__	0	self	positional_or_keyword	-	-
manimlib.animation.indication:WiggleOutThenIn.__init__	1	mobject	positional_or_keyword	Mobject	-
manimlib.animation.indication:WiggleOutThenIn.__init__	2	scale_value	positional_or_keyword	float	1.1
manimlib.animation.indication:WiggleOutThenIn.__init__	3	rotation_angle	positional_or_keyword	float	0.01 * TAU
manimlib.animation.indication:WiggleOutThenIn.__init__	4	n_wiggles	positional_or_keyword	int	6
manimlib.animation.indication:WiggleOutThenIn.__init__	5	scale_about_point	positional_or_keyword	np.ndarray | None	None
manimlib.animation.indication:WiggleOutThenIn.__init__	6	rotate_about_point	positional_or_keyword	np.ndarray | None	None
manimlib.animation.indication:WiggleOutThenIn.__init__	7	run_time	positional_or_keyword	float	2
manimlib.animation.indication:WiggleOutThenIn.__init__	8	kwargs	var_keyword	-	-
manimlib.animation.indication:WiggleOutThenIn.get_rotate_about_point	0	self	positional_or_keyword	-	-
manimlib.animation.indication:WiggleOutThenIn.get_scale_about_point	0	self	positional_or_keyword	-	-
manimlib.animation.indication:WiggleOutThenIn.interpolate_submobject	0	self	positional_or_keyword	-	-
manimlib.animation.indication:WiggleOutThenIn.interpolate_submobject	1	submobject	positional_or_keyword	Mobject	-
manimlib.animation.indication:WiggleOutThenIn.interpolate_submobject	2	starting_sumobject	positional_or_keyword	Mobject	-
manimlib.animation.indication:WiggleOutThenIn.interpolate_submobject	3	alpha	positional_or_keyword	float	-
manimlib.animation.movement:ComplexHomotopy.__init__	0	self	positional_or_keyword	-	-
manimlib.animation.movement:ComplexHomotopy.__init__	1	complex_homotopy	positional_or_keyword	Callable[[complex, float], complex]	-
manimlib.animation.movement:ComplexHomotopy.__init__	2	mobject	positional_or_keyword	Mobject	-
manimlib.animation.movement:ComplexHomotopy.__init__	3	kwargs	var_keyword	-	-
manimlib.animation.movement:Homotopy.__init__	0	self	positional_or_keyword	-	-
manimlib.animation.movement:Homotopy.__init__	1	homotopy	positional_or_keyword	Callable[[float, float, float, float], Sequence[float]]	-
manimlib.animation.movement:Homotopy.__init__	2	mobject	positional_or_keyword	Mobject	-
manimlib.animation.movement:Homotopy.__init__	3	run_time	positional_or_keyword	float	3.0
manimlib.animation.movement:Homotopy.__init__	4	kwargs	var_keyword	-	-
manimlib.animation.movement:Homotopy.function_at_time_t	0	self	positional_or_keyword	-	-
manimlib.animation.movement:Homotopy.function_at_time_t	1	t	positional_or_keyword	float	-
manimlib.animation.movement:Homotopy.interpolate_submobject	0	self	positional_or_keyword	-	-
manimlib.animation.movement:Homotopy.interpolate_submobject	1	submob	positional_or_keyword	Mobject	-
manimlib.animation.movement:Homotopy.interpolate_submobject	2	start	positional_or_keyword	Mobject	-
manimlib.animation.movement:Homotopy.interpolate_submobject	3	alpha	positional_or_keyword	float	-
manimlib.animation.movement:MoveAlongPath.__init__	0	self	positional_or_keyword	-	-
manimlib.animation.movement:MoveAlongPath.__init__	1	mobject	positional_or_keyword	Mobject	-
manimlib.animation.movement:MoveAlongPath.__init__	2	path	positional_or_keyword	VMobject	-
manimlib.animation.movement:MoveAlongPath.__init__	3	suspend_mobject_updating	positional_or_keyword	bool	False
manimlib.animation.movement:MoveAlongPath.__init__	4	kwargs	var_keyword	-	-
manimlib.animation.movement:MoveAlongPath.interpolate_mobject	0	self	positional_or_keyword	-	-
manimlib.animation.movement:MoveAlongPath.interpolate_mobject	1	alpha	positional_or_keyword	float	-
manimlib.animation.movement:PhaseFlow.__init__	0	self	positional_or_keyword	-	-
manimlib.animation.movement:PhaseFlow.__init__	1	function	positional_or_keyword	Callable[[np.ndarray], np.ndarray]	-
manimlib.animation.movement:PhaseFlow.__init__	2	mobject	positional_or_keyword	Mobject	-
manimlib.animation.movement:PhaseFlow.__init__	3	virtual_time	positional_or_keyword	float | None	None
manimlib.animation.movement:PhaseFlow.__init__	4	suspend_mobject_updating	positional_or_keyword	bool	False
manimlib.animation.movement:PhaseFlow.__init__	5	rate_func	positional_or_keyword	Callable[[float], float]	linear
manimlib.animation.movement:PhaseFlow.__init__	6	run_time	positional_or_keyword	float	3.0
manimlib.animation.movement:PhaseFlow.__init__	7	kwargs	var_keyword	-	-
manimlib.animation.movement:PhaseFlow.interpolate_mobject	0	self	positional_or_keyword	-	-
manimlib.animation.movement:PhaseFlow.interpolate_mobject	1	alpha	positional_or_keyword	float	-
manimlib.animation.numbers:ChangeDecimalToValue.__init__	0	self	positional_or_keyword	-	-
manimlib.animation.numbers:ChangeDecimalToValue.__init__	1	decimal_mob	positional_or_keyword	DecimalNumber	-
manimlib.animation.numbers:ChangeDecimalToValue.__init__	2	target_number	positional_or_keyword	float | complex	-
manimlib.animation.numbers:ChangeDecimalToValue.__init__	3	kwargs	var_keyword	-	-
manimlib.animation.numbers:ChangingDecimal.__init__	0	self	positional_or_keyword	-	-
manimlib.animation.numbers:ChangingDecimal.__init__	1	decimal_mob	positional_or_keyword	DecimalNumber	-
manimlib.animation.numbers:ChangingDecimal.__init__	2	number_update_func	positional_or_keyword	Callable[[float], float]	-
manimlib.animation.numbers:ChangingDecimal.__init__	3	suspend_mobject_updating	positional_or_keyword	bool	False
manimlib.animation.numbers:ChangingDecimal.__init__	4	kwargs	var_keyword	-	-
manimlib.animation.numbers:ChangingDecimal.interpolate_mobject	0	self	positional_or_keyword	-	-
manimlib.animation.numbers:ChangingDecimal.interpolate_mobject	1	alpha	positional_or_keyword	float	-
manimlib.animation.numbers:CountInFrom.__init__	0	self	positional_or_keyword	-	-
manimlib.animation.numbers:CountInFrom.__init__	1	decimal_mob	positional_or_keyword	DecimalNumber	-
manimlib.animation.numbers:CountInFrom.__init__	2	source_number	positional_or_keyword	float | complex	0
manimlib.animation.numbers:CountInFrom.__init__	3	kwargs	var_keyword	-	-
manimlib.animation.rotation:Rotate.__init__	0	self	positional_or_keyword	-	-
manimlib.animation.rotation:Rotate.__init__	1	mobject	positional_or_keyword	Mobject	-
manimlib.animation.rotation:Rotate.__init__	2	angle	positional_or_keyword	float	PI
manimlib.animation.rotation:Rotate.__init__	3	axis	positional_or_keyword	np.ndarray	OUT
manimlib.animation.rotation:Rotate.__init__	4	run_time	positional_or_keyword	float	1
manimlib.animation.rotation:Rotate.__init__	5	rate_func	positional_or_keyword	Callable[[float], float]	smooth
manimlib.animation.rotation:Rotate.__init__	6	about_edge	positional_or_keyword	np.ndarray	ORIGIN
manimlib.animation.rotation:Rotate.__init__	7	kwargs	var_keyword	-	-
manimlib.animation.rotation:Rotating.__init__	0	self	positional_or_keyword	-	-
manimlib.animation.rotation:Rotating.__init__	1	mobject	positional_or_keyword	Mobject	-
manimlib.animation.rotation:Rotating.__init__	2	angle	positional_or_keyword	float	TAU
manimlib.animation.rotation:Rotating.__init__	3	axis	positional_or_keyword	np.ndarray	OUT
manimlib.animation.rotation:Rotating.__init__	4	about_point	positional_or_keyword	np.ndarray | None	None
manimlib.animation.rotation:Rotating.__init__	5	about_edge	positional_or_keyword	np.ndarray | None	None
manimlib.animation.rotation:Rotating.__init__	6	run_time	positional_or_keyword	float	5.0
manimlib.animation.rotation:Rotating.__init__	7	rate_func	positional_or_keyword	Callable[[float], float]	linear
manimlib.animation.rotation:Rotating.__init__	8	suspend_mobject_updating	positional_or_keyword	bool	False
manimlib.animation.rotation:Rotating.__init__	9	kwargs	var_keyword	-	-
manimlib.animation.rotation:Rotating.interpolate_mobject	0	self	positional_or_keyword	-	-
manimlib.animation.rotation:Rotating.interpolate_mobject	1	alpha	positional_or_keyword	float	-
manimlib.animation.specialized:Broadcast.__init__	0	self	positional_or_keyword	-	-
manimlib.animation.specialized:Broadcast.__init__	1	focal_point	positional_or_keyword	np.ndarray	-
manimlib.animation.specialized:Broadcast.__init__	2	small_radius	positional_or_keyword	float	0.0
manimlib.animation.specialized:Broadcast.__init__	3	big_radius	positional_or_keyword	float	5.0
manimlib.animation.specialized:Broadcast.__init__	4	n_circles	positional_or_keyword	int	5
manimlib.animation.specialized:Broadcast.__init__	5	start_stroke_width	positional_or_keyword	float	8.0
manimlib.animation.specialized:Broadcast.__init__	6	color	positional_or_keyword	ManimColor	WHITE
manimlib.animation.specialized:Broadcast.__init__	7	run_time	positional_or_keyword	float	3.0
manimlib.animation.specialized:Broadcast.__init__	8	lag_ratio	positional_or_keyword	float	0.2
manimlib.animation.specialized:Broadcast.__init__	9	remover	positional_or_keyword	bool	True
manimlib.animation.specialized:Broadcast.__init__	10	kwargs	var_keyword	-	-
manimlib.animation.transform:ApplyComplexFunction.__init__	0	self	positional_or_keyword	-	-
manimlib.animation.transform:ApplyComplexFunction.__init__	1	function	positional_or_keyword	Callable[[complex], complex]	-
manimlib.animation.transform:ApplyComplexFunction.__init__	2	mobject	positional_or_keyword	Mobject	-
manimlib.animation.transform:ApplyComplexFunction.__init__	3	kwargs	var_keyword	-	-
manimlib.animation.transform:ApplyComplexFunction.init_path_func	0	self	positional_or_keyword	-	-
manimlib.animation.transform:ApplyFunction.__init__	0	self	positional_or_keyword	-	-
manimlib.animation.transform:ApplyFunction.__init__	1	function	positional_or_keyword	Callable[[Mobject], Mobject]	-
manimlib.animation.transform:ApplyFunction.__init__	2	mobject	positional_or_keyword	Mobject	-
manimlib.animation.transform:ApplyFunction.__init__	3	kwargs	var_keyword	-	-
manimlib.animation.transform:ApplyFunction.create_target	0	self	positional_or_keyword	-	-
manimlib.animation.transform:ApplyMatrix.__init__	0	self	positional_or_keyword	-	-
manimlib.animation.transform:ApplyMatrix.__init__	1	matrix	positional_or_keyword	npt.ArrayLike	-
manimlib.animation.transform:ApplyMatrix.__init__	2	mobject	positional_or_keyword	Mobject	-
manimlib.animation.transform:ApplyMatrix.__init__	3	kwargs	var_keyword	-	-
manimlib.animation.transform:ApplyMatrix.initialize_matrix	0	self	positional_or_keyword	-	-
manimlib.animation.transform:ApplyMatrix.initialize_matrix	1	matrix	positional_or_keyword	npt.ArrayLike	-
manimlib.animation.transform:ApplyMethod.__init__	0	self	positional_or_keyword	-	-
manimlib.animation.transform:ApplyMethod.__init__	1	method	positional_or_keyword	Callable	-
manimlib.animation.transform:ApplyMethod.__init__	2	args	var_positional	-	-
manimlib.animation.transform:ApplyMethod.__init__	3	kwargs	var_keyword	-	-
manimlib.animation.transform:ApplyMethod.check_validity_of_input	0	self	positional_or_keyword	-	-
manimlib.animation.transform:ApplyMethod.check_validity_of_input	1	method	positional_or_keyword	Callable	-
manimlib.animation.transform:ApplyMethod.create_target	0	self	positional_or_keyword	-	-
manimlib.animation.transform:ApplyPointwiseFunction.__init__	0	self	positional_or_keyword	-	-
manimlib.animation.transform:ApplyPointwiseFunction.__init__	1	function	positional_or_keyword	Callable[[np.ndarray], np.ndarray]	-
manimlib.animation.transform:ApplyPointwiseFunction.__init__	2	mobject	positional_or_keyword	Mobject	-
manimlib.animation.transform:ApplyPointwiseFunction.__init__	3	run_time	positional_or_keyword	float	3.0
manimlib.animation.transform:ApplyPointwiseFunction.__init__	4	kwargs	var_keyword	-	-
manimlib.animation.transform:ApplyPointwiseFunctionToCenter.__init__	0	self	positional_or_keyword	-	-
manimlib.animation.transform:ApplyPointwiseFunctionToCenter.__init__	1	function	positional_or_keyword	Callable[[np.ndarray], np.ndarray]	-
manimlib.animation.transform:ApplyPointwiseFunctionToCenter.__init__	2	mobject	positional_or_keyword	Mobject	-
manimlib.animation.transform:ApplyPointwiseFunctionToCenter.__init__	3	kwargs	var_keyword	-	-
manimlib.animation.transform:ApplyPointwiseFunctionToCenter.create_target	0	self	positional_or_keyword	-	-
manimlib.animation.transform:CyclicReplace.__init__	0	self	positional_or_keyword	-	-
manimlib.animation.transform:CyclicReplace.__init__	1	mobjects	var_positional	Mobject	-
manimlib.animation.transform:CyclicReplace.__init__	2	path_arc	keyword_only	-	90 * DEG
manimlib.animation.transform:CyclicReplace.__init__	3	kwargs	var_keyword	-	-
manimlib.animation.transform:CyclicReplace.create_target	0	self	positional_or_keyword	-	-
manimlib.animation.transform:FadeToColor.__init__	0	self	positional_or_keyword	-	-
manimlib.animation.transform:FadeToColor.__init__	1	mobject	positional_or_keyword	Mobject	-
manimlib.animation.transform:FadeToColor.__init__	2	color	positional_or_keyword	ManimColor	-
manimlib.animation.transform:FadeToColor.__init__	3	kwargs	var_keyword	-	-
manimlib.animation.transform:MoveToTarget.__init__	0	self	positional_or_keyword	-	-
manimlib.animation.transform:MoveToTarget.__init__	1	mobject	positional_or_keyword	Mobject	-
manimlib.animation.transform:MoveToTarget.__init__	2	kwargs	var_keyword	-	-
manimlib.animation.transform:MoveToTarget.check_validity_of_input	0	self	positional_or_keyword	-	-
manimlib.animation.transform:MoveToTarget.check_validity_of_input	1	mobject	positional_or_keyword	Mobject	-
manimlib.animation.transform:Restore.__init__	0	self	positional_or_keyword	-	-
manimlib.animation.transform:Restore.__init__	1	mobject	positional_or_keyword	Mobject	-
manimlib.animation.transform:Restore.__init__	2	kwargs	var_keyword	-	-
manimlib.animation.transform:ScaleInPlace.__init__	0	self	positional_or_keyword	-	-
manimlib.animation.transform:ScaleInPlace.__init__	1	mobject	positional_or_keyword	Mobject	-
manimlib.animation.transform:ScaleInPlace.__init__	2	scale_factor	positional_or_keyword	npt.ArrayLike	-
manimlib.animation.transform:ScaleInPlace.__init__	3	kwargs	var_keyword	-	-
manimlib.animation.transform:ShrinkToCenter.__init__	0	self	positional_or_keyword	-	-
manimlib.animation.transform:ShrinkToCenter.__init__	1	mobject	positional_or_keyword	Mobject	-
manimlib.animation.transform:ShrinkToCenter.__init__	2	kwargs	var_keyword	-	-
manimlib.animation.transform:Transform.__init__	0	self	positional_or_keyword	-	-
manimlib.animation.transform:Transform.__init__	1	mobject	positional_or_keyword	Mobject	-
manimlib.animation.transform:Transform.__init__	2	target_mobject	positional_or_keyword	Mobject | None	None
manimlib.animation.transform:Transform.__init__	3	path_arc	positional_or_keyword	float | Tuple[float, float]	0.0
manimlib.animation.transform:Transform.__init__	4	path_arc_axis	positional_or_keyword	np.ndarray	OUT
manimlib.animation.transform:Transform.__init__	5	path_func	positional_or_keyword	Callable | None	None
manimlib.animation.transform:Transform.__init__	6	kwargs	var_keyword	-	-
manimlib.animation.transform:Transform.begin	0	self	positional_or_keyword	-	-
manimlib.animation.transform:Transform.check_target_mobject_validity	0	self	positional_or_keyword	-	-
manimlib.animation.transform:Transform.clean_up_from_scene	0	self	positional_or_keyword	-	-
manimlib.animation.transform:Transform.clean_up_from_scene	1	scene	positional_or_keyword	Scene	-
manimlib.animation.transform:Transform.create_target	0	self	positional_or_keyword	-	-
manimlib.animation.transform:Transform.finish	0	self	positional_or_keyword	-	-
manimlib.animation.transform:Transform.get_all_families_zipped	0	self	positional_or_keyword	-	-
manimlib.animation.transform:Transform.get_all_mobjects	0	self	positional_or_keyword	-	-
manimlib.animation.transform:Transform.init_path_func	0	self	positional_or_keyword	-	-
manimlib.animation.transform:Transform.interpolate_submobject	0	self	positional_or_keyword	-	-
manimlib.animation.transform:Transform.interpolate_submobject	1	submob	positional_or_keyword	Mobject	-
manimlib.animation.transform:Transform.interpolate_submobject	2	start	positional_or_keyword	Mobject	-
manimlib.animation.transform:Transform.interpolate_submobject	3	target_copy	positional_or_keyword	Mobject	-
manimlib.animation.transform:Transform.interpolate_submobject	4	alpha	positional_or_keyword	float	-
manimlib.animation.transform:Transform.update_config	0	self	positional_or_keyword	-	-
manimlib.animation.transform:Transform.update_config	1	kwargs	var_keyword	-	-
manimlib.animation.transform:TransformFromCopy.__init__	0	self	positional_or_keyword	-	-
manimlib.animation.transform:TransformFromCopy.__init__	1	mobject	positional_or_keyword	Mobject	-
manimlib.animation.transform:TransformFromCopy.__init__	2	target_mobject	positional_or_keyword	Mobject	-
manimlib.animation.transform:TransformFromCopy.__init__	3	kwargs	var_keyword	-	-
manimlib.animation.transform:_MethodAnimation.__init__	0	self	positional_or_keyword	-	-
manimlib.animation.transform:_MethodAnimation.__init__	1	mobject	positional_or_keyword	Mobject	-
manimlib.animation.transform:_MethodAnimation.__init__	2	methods	positional_or_keyword	list[Callable]	-
manimlib.animation.transform:_MethodAnimation.__init__	3	kwargs	var_keyword	-	-
manimlib.animation.transform_matching_parts:TransformMatchingParts.__init__	0	self	positional_or_keyword	-	-
manimlib.animation.transform_matching_parts:TransformMatchingParts.__init__	1	source	positional_or_keyword	Mobject	-
manimlib.animation.transform_matching_parts:TransformMatchingParts.__init__	2	target	positional_or_keyword	Mobject	-
manimlib.animation.transform_matching_parts:TransformMatchingParts.__init__	3	matched_pairs	positional_or_keyword	Iterable[tuple[Mobject, Mobject]]	[]
manimlib.animation.transform_matching_parts:TransformMatchingParts.__init__	4	match_animation	positional_or_keyword	type	Transform
manimlib.animation.transform_matching_parts:TransformMatchingParts.__init__	5	mismatch_animation	positional_or_keyword	type	Transform
manimlib.animation.transform_matching_parts:TransformMatchingParts.__init__	6	run_time	positional_or_keyword	float	2
manimlib.animation.transform_matching_parts:TransformMatchingParts.__init__	7	lag_ratio	positional_or_keyword	float	0
manimlib.animation.transform_matching_parts:TransformMatchingParts.__init__	8	kwargs	var_keyword	-	-
manimlib.animation.transform_matching_parts:TransformMatchingParts.add_transform	0	self	positional_or_keyword	-	-
manimlib.animation.transform_matching_parts:TransformMatchingParts.add_transform	1	source	positional_or_keyword	Mobject	-
manimlib.animation.transform_matching_parts:TransformMatchingParts.add_transform	2	target	positional_or_keyword	Mobject	-
manimlib.animation.transform_matching_parts:TransformMatchingParts.clean_up_from_scene	0	self	positional_or_keyword	-	-
manimlib.animation.transform_matching_parts:TransformMatchingParts.clean_up_from_scene	1	scene	positional_or_keyword	Scene	-
manimlib.animation.transform_matching_parts:TransformMatchingParts.find_pairs_with_matching_shapes	0	self	positional_or_keyword	-	-
manimlib.animation.transform_matching_parts:TransformMatchingParts.find_pairs_with_matching_shapes	1	chars1	positional_or_keyword	list[Mobject]	-
manimlib.animation.transform_matching_parts:TransformMatchingParts.find_pairs_with_matching_shapes	2	chars2	positional_or_keyword	list[Mobject]	-
manimlib.animation.transform_matching_parts:TransformMatchingStrings.__init__	0	self	positional_or_keyword	-	-
manimlib.animation.transform_matching_parts:TransformMatchingStrings.__init__	1	source	positional_or_keyword	StringMobject	-
manimlib.animation.transform_matching_parts:TransformMatchingStrings.__init__	2	target	positional_or_keyword	StringMobject	-
manimlib.animation.transform_matching_parts:TransformMatchingStrings.__init__	3	matched_keys	positional_or_keyword	Iterable[str]	[]
manimlib.animation.transform_matching_parts:TransformMatchingStrings.__init__	4	key_map	positional_or_keyword	dict[str, str]	dict()
manimlib.animation.transform_matching_parts:TransformMatchingStrings.__init__	5	matched_pairs	positional_or_keyword	Iterable[tuple[VMobject, VMobject]]	[]
manimlib.animation.transform_matching_parts:TransformMatchingStrings.__init__	6	kwargs	var_keyword	-	-
manimlib.animation.transform_matching_parts:TransformMatchingStrings.matching_blocks	0	self	positional_or_keyword	-	-
manimlib.animation.transform_matching_parts:TransformMatchingStrings.matching_blocks	1	source	positional_or_keyword	StringMobject	-
manimlib.animation.transform_matching_parts:TransformMatchingStrings.matching_blocks	2	target	positional_or_keyword	StringMobject	-
manimlib.animation.transform_matching_parts:TransformMatchingStrings.matching_blocks	3	matched_keys	positional_or_keyword	Iterable[str]	-
manimlib.animation.transform_matching_parts:TransformMatchingStrings.matching_blocks	4	key_map	positional_or_keyword	dict[str, str]	-
manimlib.animation.update:MaintainPositionRelativeTo.__init__	0	self	positional_or_keyword	-	-
manimlib.animation.update:MaintainPositionRelativeTo.__init__	1	mobject	positional_or_keyword	Mobject	-
manimlib.animation.update:MaintainPositionRelativeTo.__init__	2	tracked_mobject	positional_or_keyword	Mobject	-
manimlib.animation.update:MaintainPositionRelativeTo.__init__	3	kwargs	var_keyword	-	-
manimlib.animation.update:MaintainPositionRelativeTo.interpolate_mobject	0	self	positional_or_keyword	-	-
manimlib.animation.update:MaintainPositionRelativeTo.interpolate_mobject	1	alpha	positional_or_keyword	float	-
manimlib.animation.update:UpdateFromAlphaFunc.__init__	0	self	positional_or_keyword	-	-
manimlib.animation.update:UpdateFromAlphaFunc.__init__	1	mobject	positional_or_keyword	Mobject	-
manimlib.animation.update:UpdateFromAlphaFunc.__init__	2	update_function	positional_or_keyword	Callable[[Mobject, float], Mobject | None]	-
manimlib.animation.update:UpdateFromAlphaFunc.__init__	3	suspend_mobject_updating	positional_or_keyword	bool	False
manimlib.animation.update:UpdateFromAlphaFunc.__init__	4	kwargs	var_keyword	-	-
manimlib.animation.update:UpdateFromAlphaFunc.interpolate_mobject	0	self	positional_or_keyword	-	-
manimlib.animation.update:UpdateFromAlphaFunc.interpolate_mobject	1	alpha	positional_or_keyword	float	-
manimlib.animation.update:UpdateFromFunc.__init__	0	self	positional_or_keyword	-	-
manimlib.animation.update:UpdateFromFunc.__init__	1	mobject	positional_or_keyword	Mobject	-
manimlib.animation.update:UpdateFromFunc.__init__	2	update_function	positional_or_keyword	Callable[[Mobject], Mobject | None]	-
manimlib.animation.update:UpdateFromFunc.__init__	3	suspend_mobject_updating	positional_or_keyword	bool	False
manimlib.animation.update:UpdateFromFunc.__init__	4	kwargs	var_keyword	-	-
manimlib.animation.update:UpdateFromFunc.interpolate_mobject	0	self	positional_or_keyword	-	-
manimlib.animation.update:UpdateFromFunc.interpolate_mobject	1	alpha	positional_or_keyword	float	-
manimlib.camera.camera:Camera.__init__	0	self	positional_or_keyword	-	-
manimlib.camera.camera:Camera.__init__	1	window	positional_or_keyword	Optional[Window]	None
manimlib.camera.camera:Camera.__init__	2	background_image	positional_or_keyword	Optional[str]	None
manimlib.camera.camera:Camera.__init__	3	frame_config	positional_or_keyword	dict	dict()
manimlib.camera.camera:Camera.__init__	4	resolution	positional_or_keyword	-	DEFAULT_RESOLUTION
manimlib.camera.camera:Camera.__init__	5	fps	positional_or_keyword	int	30
manimlib.camera.camera:Camera.__init__	6	background_color	positional_or_keyword	ManimColor	BLACK
manimlib.camera.camera:Camera.__init__	7	background_opacity	positional_or_keyword	float	1.0
manimlib.camera.camera:Camera.__init__	8	max_allowable_norm	positional_or_keyword	float	FRAME_WIDTH
manimlib.camera.camera:Camera.__init__	9	image_mode	positional_or_keyword	str	'RGBA'
manimlib.camera.camera:Camera.__init__	10	n_channels	positional_or_keyword	int	4
manimlib.camera.camera:Camera.__init__	11	pixel_array_dtype	positional_or_keyword	type	np.uint8
manimlib.camera.camera:Camera.__init__	12	light_source_position	positional_or_keyword	Vect3	np.array([-10, 10, 10])
manimlib.camera.camera:Camera.__init__	13	samples	positional_or_keyword	int	0
manimlib.camera.camera:Camera.blit	0	self	positional_or_keyword	-	-
manimlib.camera.camera:Camera.blit	1	src_fbo	positional_or_keyword	-	-
manimlib.camera.camera:Camera.blit	2	dst_fbo	positional_or_keyword	-	-
manimlib.camera.camera:Camera.capture	0	self	positional_or_keyword	-	-
manimlib.camera.camera:Camera.capture	1	mobjects	var_positional	Mobject	-
manimlib.camera.camera:Camera.clear	0	self	positional_or_keyword	-	-
manimlib.camera.camera:Camera.get_aspect_ratio	0	self	positional_or_keyword	-	-
manimlib.camera.camera:Camera.get_fbo	0	self	positional_or_keyword	-	-
manimlib.camera.camera:Camera.get_fbo	1	samples	positional_or_keyword	int	0
manimlib.camera.camera:Camera.get_frame_center	0	self	positional_or_keyword	-	-
manimlib.camera.camera:Camera.get_frame_height	0	self	positional_or_keyword	-	-
manimlib.camera.camera:Camera.get_frame_shape	0	self	positional_or_keyword	-	-
manimlib.camera.camera:Camera.get_frame_width	0	self	positional_or_keyword	-	-
manimlib.camera.camera:Camera.get_image	0	self	positional_or_keyword	-	-
manimlib.camera.camera:Camera.get_location	0	self	positional_or_keyword	-	-
manimlib.camera.camera:Camera.get_pixel_array	0	self	positional_or_keyword	-	-
manimlib.camera.camera:Camera.get_pixel_height	0	self	positional_or_keyword	-	-
manimlib.camera.camera:Camera.get_pixel_shape	0	self	positional_or_keyword	-	-
manimlib.camera.camera:Camera.get_pixel_size	0	self	positional_or_keyword	-	-
manimlib.camera.camera:Camera.get_pixel_width	0	self	positional_or_keyword	-	-
manimlib.camera.camera:Camera.get_raw_fbo_data	0	self	positional_or_keyword	-	-
manimlib.camera.camera:Camera.get_raw_fbo_data	1	dtype	positional_or_keyword	str	'f1'
manimlib.camera.camera:Camera.get_texture	0	self	positional_or_keyword	-	-
manimlib.camera.camera:Camera.init_context	0	self	positional_or_keyword	-	-
manimlib.camera.camera:Camera.init_fbo	0	self	positional_or_keyword	-	-
manimlib.camera.camera:Camera.init_frame	0	self	positional_or_keyword	-	-
manimlib.camera.camera:Camera.init_frame	1	config	var_keyword	-	-
manimlib.camera.camera:Camera.init_light_source	0	self	positional_or_keyword	-	-
manimlib.camera.camera:Camera.refresh_uniforms	0	self	positional_or_keyword	-	-
manimlib.camera.camera:Camera.resize_frame_shape	0	self	positional_or_keyword	-	-
manimlib.camera.camera:Camera.resize_frame_shape	1	fixed_dimension	positional_or_keyword	bool	False
manimlib.camera.camera:Camera.use_window_fbo	0	self	positional_or_keyword	-	-
manimlib.camera.camera:Camera.use_window_fbo	1	use	positional_or_keyword	bool	True
manimlib.camera.camera:ThreeDCamera.__init__	0	self	positional_or_keyword	-	-
manimlib.camera.camera:ThreeDCamera.__init__	1	samples	positional_or_keyword	int	4
manimlib.camera.camera:ThreeDCamera.__init__	2	kwargs	var_keyword	-	-
manimlib.camera.camera_frame:CameraFrame.__init__	0	self	positional_or_keyword	-	-
manimlib.camera.camera_frame:CameraFrame.__init__	1	frame_shape	positional_or_keyword	tuple[float, float]	FRAME_SHAPE
manimlib.camera.camera_frame:CameraFrame.__init__	2	center_point	positional_or_keyword	Vect3	ORIGIN
manimlib.camera.camera_frame:CameraFrame.__init__	3	fovy	positional_or_keyword	float	45 * DEG
manimlib.camera.camera_frame:CameraFrame.__init__	4	euler_axes	positional_or_keyword	str	'zxz'
manimlib.camera.camera_frame:CameraFrame.__init__	5	z_index	positional_or_keyword	-	-1
manimlib.camera.camera_frame:CameraFrame.__init__	6	kwargs	var_keyword	-	-
manimlib.camera.camera_frame:CameraFrame.add_ambient_rotation	0	self	positional_or_keyword	-	-
manimlib.camera.camera_frame:CameraFrame.add_ambient_rotation	1	angular_speed	positional_or_keyword	-	1 * DEG
manimlib.camera.camera_frame:CameraFrame.from_fixed_frame_point	0	self	positional_or_keyword	-	-
manimlib.camera.camera_frame:CameraFrame.from_fixed_frame_point	1	point	positional_or_keyword	Vect3	-
manimlib.camera.camera_frame:CameraFrame.from_fixed_frame_point	2	relative	positional_or_keyword	bool	False
manimlib.camera.camera_frame:CameraFrame.get_aspect_ratio	0	self	positional_or_keyword	-	-
manimlib.camera.camera_frame:CameraFrame.get_center	0	self	positional_or_keyword	-	-
manimlib.camera.camera_frame:CameraFrame.get_euler_angles	0	self	positional_or_keyword	-	-
manimlib.camera.camera_frame:CameraFrame.get_field_of_view	0	self	positional_or_keyword	-	-
manimlib.camera.camera_frame:CameraFrame.get_focal_distance	0	self	positional_or_keyword	-	-
manimlib.camera.camera_frame:CameraFrame.get_gamma	0	self	positional_or_keyword	-	-
manimlib.camera.camera_frame:CameraFrame.get_height	0	self	positional_or_keyword	-	-
manimlib.camera.camera_frame:CameraFrame.get_implied_camera_location	0	self	positional_or_keyword	-	-
manimlib.camera.camera_frame:CameraFrame.get_inv_view_matrix	0	self	positional_or_keyword	-	-
manimlib.camera.camera_frame:CameraFrame.get_inverse_camera_rotation_matrix	0	self	positional_or_keyword	-	-
manimlib.camera.camera_frame:CameraFrame.get_orientation	0	self	positional_or_keyword	-	-
manimlib.camera.camera_frame:CameraFrame.get_phi	0	self	positional_or_keyword	-	-
manimlib.camera.camera_frame:CameraFrame.get_scale	0	self	positional_or_keyword	-	-
manimlib.camera.camera_frame:CameraFrame.get_shape	0	self	positional_or_keyword	-	-
manimlib.camera.camera_frame:CameraFrame.get_theta	0	self	positional_or_keyword	-	-
manimlib.camera.camera_frame:CameraFrame.get_view_matrix	0	self	positional_or_keyword	-	-
manimlib.camera.camera_frame:CameraFrame.get_view_matrix	1	refresh	positional_or_keyword	-	False
manimlib.camera.camera_frame:CameraFrame.get_width	0	self	positional_or_keyword	-	-
manimlib.camera.camera_frame:CameraFrame.increment_euler_angles	0	self	positional_or_keyword	-	-
manimlib.camera.camera_frame:CameraFrame.increment_euler_angles	1	dtheta	positional_or_keyword	float	0
manimlib.camera.camera_frame:CameraFrame.increment_euler_angles	2	dphi	positional_or_keyword	float	0
manimlib.camera.camera_frame:CameraFrame.increment_euler_angles	3	dgamma	positional_or_keyword	float	0
manimlib.camera.camera_frame:CameraFrame.increment_euler_angles	4	units	positional_or_keyword	float	RADIANS
manimlib.camera.camera_frame:CameraFrame.increment_gamma	0	self	positional_or_keyword	-	-
manimlib.camera.camera_frame:CameraFrame.increment_gamma	1	dgamma	positional_or_keyword	float	-
manimlib.camera.camera_frame:CameraFrame.increment_gamma	2	units	positional_or_keyword	-	RADIANS
manimlib.camera.camera_frame:CameraFrame.increment_phi	0	self	positional_or_keyword	-	-
manimlib.camera.camera_frame:CameraFrame.increment_phi	1	dphi	positional_or_keyword	float	-
manimlib.camera.camera_frame:CameraFrame.increment_phi	2	units	positional_or_keyword	-	RADIANS
manimlib.camera.camera_frame:CameraFrame.increment_theta	0	self	positional_or_keyword	-	-
manimlib.camera.camera_frame:CameraFrame.increment_theta	1	dtheta	positional_or_keyword	float	-
manimlib.camera.camera_frame:CameraFrame.increment_theta	2	units	positional_or_keyword	-	RADIANS
manimlib.camera.camera_frame:CameraFrame.interpolate	0	self	positional_or_keyword	-	-
manimlib.camera.camera_frame:CameraFrame.interpolate	1	args	var_positional	-	-
manimlib.camera.camera_frame:CameraFrame.interpolate	2	kwargs	var_keyword	-	-
manimlib.camera.camera_frame:CameraFrame.make_orientation_default	0	self	positional_or_keyword	-	-
manimlib.camera.camera_frame:CameraFrame.reorient	0	self	positional_or_keyword	-	-
manimlib.camera.camera_frame:CameraFrame.reorient	1	theta_degrees	positional_or_keyword	float | None	None
manimlib.camera.camera_frame:CameraFrame.reorient	2	phi_degrees	positional_or_keyword	float | None	None
manimlib.camera.camera_frame:CameraFrame.reorient	3	gamma_degrees	positional_or_keyword	float | None	None
manimlib.camera.camera_frame:CameraFrame.reorient	4	center	positional_or_keyword	Vect3 | tuple[float, float, float] | None	None
manimlib.camera.camera_frame:CameraFrame.reorient	5	height	positional_or_keyword	float | None	None
manimlib.camera.camera_frame:CameraFrame.rotate	0	self	positional_or_keyword	-	-
manimlib.camera.camera_frame:CameraFrame.rotate	1	angle	positional_or_keyword	float	-
manimlib.camera.camera_frame:CameraFrame.rotate	2	axis	positional_or_keyword	np.ndarray	OUT
manimlib.camera.camera_frame:CameraFrame.rotate	3	kwargs	var_keyword	-	-
manimlib.camera.camera_frame:CameraFrame.set_euler_angles	0	self	positional_or_keyword	-	-
manimlib.camera.camera_frame:CameraFrame.set_euler_angles	1	theta	positional_or_keyword	float | None	None
manimlib.camera.camera_frame:CameraFrame.set_euler_angles	2	phi	positional_or_keyword	float | None	None
manimlib.camera.camera_frame:CameraFrame.set_euler_angles	3	gamma	positional_or_keyword	float | None	None
manimlib.camera.camera_frame:CameraFrame.set_euler_angles	4	units	positional_or_keyword	float	RADIANS
manimlib.camera.camera_frame:CameraFrame.set_euler_axes	0	self	positional_or_keyword	-	-
manimlib.camera.camera_frame:CameraFrame.set_euler_axes	1	seq	positional_or_keyword	str	-
manimlib.camera.camera_frame:CameraFrame.set_field_of_view	0	self	positional_or_keyword	-	-
manimlib.camera.camera_frame:CameraFrame.set_field_of_view	1	field_of_view	positional_or_keyword	float	-
manimlib.camera.camera_frame:CameraFrame.set_focal_distance	0	self	positional_or_keyword	-	-
manimlib.camera.camera_frame:CameraFrame.set_focal_distance	1	focal_distance	positional_or_keyword	float	-
manimlib.camera.camera_frame:CameraFrame.set_gamma	0	self	positional_or_keyword	-	-
manimlib.camera.camera_frame:CameraFrame.set_gamma	1	gamma	positional_or_keyword	float	-
manimlib.camera.camera_frame:CameraFrame.set_orientation	0	self	positional_or_keyword	-	-
manimlib.camera.camera_frame:CameraFrame.set_orientation	1	rotation	positional_or_keyword	Rotation	-
manimlib.camera.camera_frame:CameraFrame.set_phi	0	self	positional_or_keyword	-	-
manimlib.camera.camera_frame:CameraFrame.set_phi	1	phi	positional_or_keyword	float	-
manimlib.camera.camera_frame:CameraFrame.set_theta	0	self	positional_or_keyword	-	-
manimlib.camera.camera_frame:CameraFrame.set_theta	1	theta	positional_or_keyword	float	-
manimlib.camera.camera_frame:CameraFrame.to_default_state	0	self	positional_or_keyword	-	-
manimlib.camera.camera_frame:CameraFrame.to_fixed_frame_point	0	self	positional_or_keyword	-	-
manimlib.camera.camera_frame:CameraFrame.to_fixed_frame_point	1	point	positional_or_keyword	Vect3	-
manimlib.camera.camera_frame:CameraFrame.to_fixed_frame_point	2	relative	positional_or_keyword	bool	False
manimlib.config:get_animations_numbers	0	args	positional_or_keyword	Namespace	-
manimlib.config:get_file_ext	0	args	positional_or_keyword	Namespace	-
manimlib.config:get_output_directory	0	args	positional_or_keyword	Namespace	-
manimlib.config:get_output_directory	1	config	positional_or_keyword	Dict	-
manimlib.config:get_resolution_from_args	0	args	positional_or_keyword	Optional[Namespace]	-
manimlib.config:get_resolution_from_args	1	resolution_options	positional_or_keyword	dict	-
manimlib.config:load_yaml	0	file_path	positional_or_keyword	str	-
manimlib.config:update_camera_config	0	config	positional_or_keyword	Dict	-
manimlib.config:update_camera_config	1	args	positional_or_keyword	Namespace	-
manimlib.config:update_directory_config	0	config	positional_or_keyword	Dict	-
manimlib.config:update_embed_config	0	config	positional_or_keyword	Dict	-
manimlib.config:update_embed_config	1	args	positional_or_keyword	Namespace	-
manimlib.config:update_file_writer_config	0	config	positional_or_keyword	Dict	-
manimlib.config:update_file_writer_config	1	args	positional_or_keyword	Namespace	-
manimlib.config:update_run_config	0	config	positional_or_keyword	Dict	-
manimlib.config:update_run_config	1	args	positional_or_keyword	Namespace	-
manimlib.config:update_scene_config	0	config	positional_or_keyword	Dict	-
manimlib.config:update_scene_config	1	args	positional_or_keyword	Namespace	-
manimlib.config:update_window_config	0	config	positional_or_keyword	Dict	-
manimlib.config:update_window_config	1	args	positional_or_keyword	Namespace	-
manimlib.event_handler.event_dispatcher:EventDispatcher.__init__	0	self	positional_or_keyword	-	-
manimlib.event_handler.event_dispatcher:EventDispatcher.add_listner	0	self	positional_or_keyword	-	-
manimlib.event_handler.event_dispatcher:EventDispatcher.add_listner	1	event_listner	positional_or_keyword	EventListener	-
manimlib.event_handler.event_dispatcher:EventDispatcher.dispatch	0	self	positional_or_keyword	-	-
manimlib.event_handler.event_dispatcher:EventDispatcher.dispatch	1	event_type	positional_or_keyword	EventType	-
manimlib.event_handler.event_dispatcher:EventDispatcher.dispatch	2	event_data	var_keyword	-	-
manimlib.event_handler.event_dispatcher:EventDispatcher.get_listners_count	0	self	positional_or_keyword	-	-
manimlib.event_handler.event_dispatcher:EventDispatcher.get_mouse_drag_point	0	self	positional_or_keyword	-	-
manimlib.event_handler.event_dispatcher:EventDispatcher.get_mouse_point	0	self	positional_or_keyword	-	-
manimlib.event_handler.event_dispatcher:EventDispatcher.is_key_pressed	0	self	positional_or_keyword	-	-
manimlib.event_handler.event_dispatcher:EventDispatcher.is_key_pressed	1	symbol	positional_or_keyword	int	-
manimlib.event_handler.event_dispatcher:EventDispatcher.remove_listner	0	self	positional_or_keyword	-	-
manimlib.event_handler.event_dispatcher:EventDispatcher.remove_listner	1	event_listner	positional_or_keyword	EventListener	-
manimlib.event_handler.event_listner:EventListener.__init__	0	self	positional_or_keyword	-	-
manimlib.event_handler.event_listner:EventListener.__init__	1	mobject	positional_or_keyword	Mobject	-
manimlib.event_handler.event_listner:EventListener.__init__	2	event_type	positional_or_keyword	EventType	-
manimlib.event_handler.event_listner:EventListener.__init__	3	event_callback	positional_or_keyword	Callable[[Mobject, dict[str]]]	-
manimlib.extract_scene:BlankScene.construct	0	self	positional_or_keyword	-	-
manimlib.extract_scene:compute_total_frames	0	scene_class	positional_or_keyword	-	-
manimlib.extract_scene:compute_total_frames	1	scene_config	positional_or_keyword	-	-
manimlib.extract_scene:get_indent	0	code_lines	positional_or_keyword	list[str]	-
manimlib.extract_scene:get_indent	1	line_number	positional_or_keyword	int	-
manimlib.extract_scene:get_module	0	run_config	positional_or_keyword	Dict	-
manimlib.extract_scene:get_scene_classes	0	module	positional_or_keyword	Optional[Module]	-
manimlib.extract_scene:get_scenes_to_render	0	all_scene_classes	positional_or_keyword	list	-
manimlib.extract_scene:get_scenes_to_render	1	scene_config	positional_or_keyword	Dict	-
manimlib.extract_scene:get_scenes_to_render	2	run_config	positional_or_keyword	Dict	-
manimlib.extract_scene:insert_embed_line_to_module	0	module	positional_or_keyword	Module	-
manimlib.extract_scene:insert_embed_line_to_module	1	run_config	positional_or_keyword	Dict	-
manimlib.extract_scene:is_child_scene	0	obj	positional_or_keyword	-	-
manimlib.extract_scene:is_child_scene	1	module	positional_or_keyword	-	-
manimlib.extract_scene:main	0	scene_config	positional_or_keyword	Dict	-
manimlib.extract_scene:main	1	run_config	positional_or_keyword	Dict	-
manimlib.extract_scene:note_missing_scenes	0	arg_names	positional_or_keyword	-	-
manimlib.extract_scene:note_missing_scenes	1	module_names	positional_or_keyword	-	-
manimlib.extract_scene:prompt_user_for_choice	0	scene_classes	positional_or_keyword	-	-
manimlib.extract_scene:scene_from_class	0	scene_class	positional_or_keyword	-	-
manimlib.extract_scene:scene_from_class	1	scene_config	positional_or_keyword	Dict	-
manimlib.extract_scene:scene_from_class	2	run_config	positional_or_keyword	Dict	-
manimlib.mobject.boolean_ops:Difference.__init__	0	self	positional_or_keyword	-	-
manimlib.mobject.boolean_ops:Difference.__init__	1	subject	positional_or_keyword	VMobject	-
manimlib.mobject.boolean_ops:Difference.__init__	2	clip	positional_or_keyword	VMobject	-
manimlib.mobject.boolean_ops:Difference.__init__	3	kwargs	var_keyword	-	-
manimlib.mobject.boolean_ops:Exclusion.__init__	0	self	positional_or_keyword	-	-
manimlib.mobject.boolean_ops:Exclusion.__init__	1	vmobjects	var_positional	VMobject	-
manimlib.mobject.boolean_ops:Exclusion.__init__	2	kwargs	var_keyword	-	-
manimlib.mobject.boolean_ops:Intersection.__init__	0	self	positional_or_keyword	-	-
manimlib.mobject.boolean_ops:Intersection.__init__	1	vmobjects	var_positional	VMobject	-
manimlib.mobject.boolean_ops:Intersection.__init__	2	kwargs	var_keyword	-	-
manimlib.mobject.boolean_ops:Union.__init__	0	self	positional_or_keyword	-	-
manimlib.mobject.boolean_ops:Union.__init__	1	vmobjects	var_positional	VMobject	-
manimlib.mobject.boolean_ops:Union.__init__	2	kwargs	var_keyword	-	-
manimlib.mobject.boolean_ops:_convert_skia_path_to_vmobject	0	path	positional_or_keyword	pathops.Path	-
manimlib.mobject.boolean_ops:_convert_skia_path_to_vmobject	1	vmobject	positional_or_keyword	VMobject	-
manimlib.mobject.boolean_ops:_convert_vmobject_to_skia_path	0	vmobject	positional_or_keyword	VMobject	-
manimlib.mobject.changing:AnimatedBoundary.__init__	0	self	positional_or_keyword	-	-
manimlib.mobject.changing:AnimatedBoundary.__init__	1	vmobject	positional_or_keyword	VMobject	-
manimlib.mobject.changing:AnimatedBoundary.__init__	2	colors	positional_or_keyword	List[ManimColor]	[BLUE_D, BLUE_B, BLUE_E, GREY_BROWN]
manimlib.mobject.changing:AnimatedBoundary.__init__	3	max_stroke_width	positional_or_keyword	float	3.0
manimlib.mobject.changing:AnimatedBoundary.__init__	4	cycle_rate	positional_or_keyword	float	0.5
manimlib.mobject.changing:AnimatedBoundary.__init__	5	back_and_forth	positional_or_keyword	bool	True
manimlib.mobject.changing:AnimatedBoundary.__init__	6	draw_rate_func	positional_or_keyword	Callable[[float], float]	smooth
manimlib.mobject.changing:AnimatedBoundary.__init__	7	fade_rate_func	positional_or_keyword	Callable[[float], float]	smooth
manimlib.mobject.changing:AnimatedBoundary.__init__	8	kwargs	var_keyword	-	-
manimlib.mobject.changing:AnimatedBoundary.full_family_become_partial	0	self	positional_or_keyword	-	-
manimlib.mobject.changing:AnimatedBoundary.full_family_become_partial	1	mob1	positional_or_keyword	VMobject	-
manimlib.mobject.changing:AnimatedBoundary.full_family_become_partial	2	mob2	positional_or_keyword	VMobject	-
manimlib.mobject.changing:AnimatedBoundary.full_family_become_partial	3	a	positional_or_keyword	float	-
manimlib.mobject.changing:AnimatedBoundary.full_family_become_partial	4	b	positional_or_keyword	float	-
manimlib.mobject.changing:AnimatedBoundary.update_boundary_copies	0	self	positional_or_keyword	-	-
manimlib.mobject.changing:AnimatedBoundary.update_boundary_copies	1	dt	positional_or_keyword	float	-
manimlib.mobject.changing:TracedPath.__init__	0	self	positional_or_keyword	-	-
manimlib.mobject.changing:TracedPath.__init__	1	traced_point_func	positional_or_keyword	Callable[[], Vect3]	-
manimlib.mobject.changing:TracedPath.__init__	2	time_traced	positional_or_keyword	float	np.inf
manimlib.mobject.changing:TracedPath.__init__	3	time_per_anchor	positional_or_keyword	float	1.0 / 15
manimlib.mobject.changing:TracedPath.__init__	4	stroke_color	positional_or_keyword	ManimColor	DEFAULT_MOBJECT_COLOR
manimlib.mobject.changing:TracedPath.__init__	5	stroke_width	positional_or_keyword	float | Iterable[float]	2.0
manimlib.mobject.changing:TracedPath.__init__	6	stroke_opacity	positional_or_keyword	float	1.0
manimlib.mobject.changing:TracedPath.__init__	7	kwargs	var_keyword	-	-
manimlib.mobject.changing:TracedPath.update_path	0	self	positional_or_keyword	-	-
manimlib.mobject.changing:TracedPath.update_path	1	dt	positional_or_keyword	float	-
manimlib.mobject.changing:TracingTail.__init__	0	self	positional_or_keyword	-	-
manimlib.mobject.changing:TracingTail.__init__	1	mobject_or_func	positional_or_keyword	Mobject | Callable[[], np.ndarray]	-
manimlib.mobject.changing:TracingTail.__init__	2	time_traced	positional_or_keyword	float	1.0
manimlib.mobject.changing:TracingTail.__init__	3	stroke_color	positional_or_keyword	ManimColor	DEFAULT_MOBJECT_COLOR
manimlib.mobject.changing:TracingTail.__init__	4	stroke_width	positional_or_keyword	float | Iterable[float]	(0, 3)
manimlib.mobject.changing:TracingTail.__init__	5	stroke_opacity	positional_or_keyword	float | Iterable[float]	(0, 1)
manimlib.mobject.changing:TracingTail.__init__	6	kwargs	var_keyword	-	-
manimlib.mobject.coordinate_systems:Axes.__init__	0	self	positional_or_keyword	-	-
manimlib.mobject.coordinate_systems:Axes.__init__	1	x_range	positional_or_keyword	RangeSpecifier	DEFAULT_X_RANGE
manimlib.mobject.coordinate_systems:Axes.__init__	2	y_range	positional_or_keyword	RangeSpecifier	DEFAULT_Y_RANGE
manimlib.mobject.coordinate_systems:Axes.__init__	3	axis_config	positional_or_keyword	dict	dict()
manimlib.mobject.coordinate_systems:Axes.__init__	4	x_axis_config	positional_or_keyword	dict	dict()
manimlib.mobject.coordinate_systems:Axes.__init__	5	y_axis_config	positional_or_keyword	dict	dict()
manimlib.mobject.coordinate_systems:Axes.__init__	6	height	positional_or_keyword	float | None	None
manimlib.mobject.coordinate_systems:Axes.__init__	7	width	positional_or_keyword	float | None	None
manimlib.mobject.coordinate_systems:Axes.__init__	8	unit_size	positional_or_keyword	float	1.0
manimlib.mobject.coordinate_systems:Axes.__init__	9	kwargs	var_keyword	-	-
manimlib.mobject.coordinate_systems:Axes.add_coordinate_labels	0	self	positional_or_keyword	-	-
manimlib.mobject.coordinate_systems:Axes.add_coordinate_labels	1	x_values	positional_or_keyword	Iterable[float] | None	None
manimlib.mobject.coordinate_systems:Axes.add_coordinate_labels	2	y_values	positional_or_keyword	Iterable[float] | None	None
manimlib.mobject.coordinate_systems:Axes.add_coordinate_labels	3	excluding	positional_or_keyword	Iterable[float]	[0]
manimlib.mobject.coordinate_systems:Axes.add_coordinate_labels	4	kwargs	var_keyword	-	-
manimlib.mobject.coordinate_systems:Axes.coords_to_point	0	self	positional_or_keyword	-	-
manimlib.mobject.coordinate_systems:Axes.coords_to_point	1	coords	var_positional	float | VectN	-
manimlib.mobject.coordinate_systems:Axes.create_axis	0	self	positional_or_keyword	-	-
manimlib.mobject.coordinate_systems:Axes.create_axis	1	range_terms	positional_or_keyword	RangeSpecifier	-
manimlib.mobject.coordinate_systems:Axes.create_axis	2	axis_config	positional_or_keyword	dict	-
manimlib.mobject.coordinate_systems:Axes.create_axis	3	length	positional_or_keyword	float | None	-
manimlib.mobject.coordinate_systems:Axes.get_all_ranges	0	self	positional_or_keyword	-	-
manimlib.mobject.coordinate_systems:Axes.get_axes	0	self	positional_or_keyword	-	-
manimlib.mobject.coordinate_systems:Axes.point_to_coords	0	self	positional_or_keyword	-	-
manimlib.mobject.coordinate_systems:Axes.point_to_coords	1	point	positional_or_keyword	Vect3 | Vect3Array	-
manimlib.mobject.coordinate_systems:ComplexPlane.add_coordinate_labels	0	self	positional_or_keyword	-	-
manimlib.mobject.coordinate_systems:ComplexPlane.add_coordinate_labels	1	numbers	positional_or_keyword	list[complex] | None	None
manimlib.mobject.coordinate_systems:ComplexPlane.add_coordinate_labels	2	skip_first	positional_or_keyword	bool	True
manimlib.mobject.coordinate_systems:ComplexPlane.add_coordinate_labels	3	font_size	positional_or_keyword	int	36
manimlib.mobject.coordinate_systems:ComplexPlane.add_coordinate_labels	4	kwargs	var_keyword	-	-
manimlib.mobject.coordinate_systems:ComplexPlane.get_default_coordinate_values	0	self	positional_or_keyword	-	-
manimlib.mobject.coordinate_systems:ComplexPlane.get_default_coordinate_values	1	skip_first	positional_or_keyword	bool	True
manimlib.mobject.coordinate_systems:ComplexPlane.get_unit_size	0	self	positional_or_keyword	-	-
manimlib.mobject.coordinate_systems:ComplexPlane.n2p	0	self	positional_or_keyword	-	-
manimlib.mobject.coordinate_systems:ComplexPlane.n2p	1	number	positional_or_keyword	complex | float | np.array	-
manimlib.mobject.coordinate_systems:ComplexPlane.number_to_point	0	self	positional_or_keyword	-	-
manimlib.mobject.coordinate_systems:ComplexPlane.number_to_point	1	number	positional_or_keyword	complex | float | np.array	-
manimlib.mobject.coordinate_systems:ComplexPlane.p2n	0	self	positional_or_keyword	-	-
manimlib.mobject.coordinate_systems:ComplexPlane.p2n	1	point	positional_or_keyword	Vect3	-
manimlib.mobject.coordinate_systems:ComplexPlane.point_to_number	0	self	positional_or_keyword	-	-
manimlib.mobject.coordinate_systems:ComplexPlane.point_to_number	1	point	positional_or_keyword	Vect3	-
manimlib.mobject.coordinate_systems:CoordinateSystem.__init__	0	self	positional_or_keyword	-	-
manimlib.mobject.coordinate_systems:CoordinateSystem.__init__	1	x_range	positional_or_keyword	RangeSpecifier	DEFAULT_X_RANGE
manimlib.mobject.coordinate_systems:CoordinateSystem.__init__	2	y_range	positional_or_keyword	RangeSpecifier	DEFAULT_Y_RANGE
manimlib.mobject.coordinate_systems:CoordinateSystem.__init__	3	num_sampled_graph_points_per_tick	positional_or_keyword	int	5
manimlib.mobject.coordinate_systems:CoordinateSystem.angle_of_tangent	0	self	positional_or_keyword	-	-
manimlib.mobject.coordinate_systems:CoordinateSystem.angle_of_tangent	1	x	positional_or_keyword	float	-
manimlib.mobject.coordinate_systems:CoordinateSystem.angle_of_tangent	2	graph	positional_or_keyword	ParametricCurve	-
manimlib.mobject.coordinate_systems:CoordinateSystem.angle_of_tangent	3	dx	positional_or_keyword	float	EPSILON
manimlib.mobject.coordinate_systems:CoordinateSystem.bind_graph_to_func	0	self	positional_or_keyword	-	-
manimlib.mobject.coordinate_systems:CoordinateSystem.bind_graph_to_func	1	graph	positional_or_keyword	VMobject	-
manimlib.mobject.coordinate_systems:CoordinateSystem.bind_graph_to_func	2	func	positional_or_keyword	Callable[[VectN], VectN]	-
manimlib.mobject.coordinate_systems:CoordinateSystem.bind_graph_to_func	3	jagged	positional_or_keyword	bool	False
manimlib.mobject.coordinate_systems:CoordinateSystem.bind_graph_to_func	4	get_discontinuities	positional_or_keyword	Optional[Callable[[], Vect3]]	None
manimlib.mobject.coordinate_systems:CoordinateSystem.c2p	0	self	positional_or_keyword	-	-
manimlib.mobject.coordinate_systems:CoordinateSystem.c2p	1	coords	var_positional	float	-
manimlib.mobject.coordinate_systems:CoordinateSystem.coords_to_point	0	self	positional_or_keyword	-	-
manimlib.mobject.coordinate_systems:CoordinateSystem.coords_to_point	1	coords	var_positional	float | VectN	-
manimlib.mobject.coordinate_systems:CoordinateSystem.get_all_ranges	0	self	positional_or_keyword	-	-
manimlib.mobject.coordinate_systems:CoordinateSystem.get_area_under_graph	0	self	positional_or_keyword	-	-
manimlib.mobject.coordinate_systems:CoordinateSystem.get_area_under_graph	1	graph	positional_or_keyword	-	-
manimlib.mobject.coordinate_systems:CoordinateSystem.get_area_under_graph	2	x_range	positional_or_keyword	-	None
manimlib.mobject.coordinate_systems:CoordinateSystem.get_area_under_graph	3	fill_color	positional_or_keyword	-	BLUE
manimlib.mobject.coordinate_systems:CoordinateSystem.get_area_under_graph	4	fill_opacity	positional_or_keyword	-	0.5
manimlib.mobject.coordinate_systems:CoordinateSystem.get_axes	0	self	positional_or_keyword	-	-
manimlib.mobject.coordinate_systems:CoordinateSystem.get_axis	0	self	positional_or_keyword	-	-
manimlib.mobject.coordinate_systems:CoordinateSystem.get_axis	1	index	positional_or_keyword	int	-
manimlib.mobject.coordinate_systems:CoordinateSystem.get_axis_label	0	self	positional_or_keyword	-	-
manimlib.mobject.coordinate_systems:CoordinateSystem.get_axis_label	1	label_tex	positional_or_keyword	str	-
manimlib.mobject.coordinate_systems:CoordinateSystem.get_axis_label	2	axis	positional_or_keyword	Vect3	-
manimlib.mobject.coordinate_systems:CoordinateSystem.get_axis_label	3	edge	positional_or_keyword	Vect3	-
manimlib.mobject.coordinate_systems:CoordinateSystem.get_axis_label	4	direction	positional_or_keyword	Vect3	-
manimlib.mobject.coordinate_systems:CoordinateSystem.get_axis_label	5	buff	positional_or_keyword	float	MED_SMALL_BUFF
manimlib.mobject.coordinate_systems:CoordinateSystem.get_axis_label	6	ensure_on_screen	positional_or_keyword	bool	False
manimlib.mobject.coordinate_systems:CoordinateSystem.get_axis_label	7	kwargs	var_keyword	-	-
manimlib.mobject.coordinate_systems:CoordinateSystem.get_axis_labels	0	self	positional_or_keyword	-	-
manimlib.mobject.coordinate_systems:CoordinateSystem.get_axis_labels	1	x_label_tex	positional_or_keyword	str	'x'
manimlib.mobject.coordinate_systems:CoordinateSystem.get_axis_labels	2	y_label_tex	positional_or_keyword	str	'y'
manimlib.mobject.coordinate_systems:CoordinateSystem.get_axis_labels	3	kwargs	var_keyword	-	-
manimlib.mobject.coordinate_systems:CoordinateSystem.get_graph	0	self	positional_or_keyword	-	-
manimlib.mobject.coordinate_systems:CoordinateSystem.get_graph	1	function	positional_or_keyword	Callable[[float], float]	-
manimlib.mobject.coordinate_systems:CoordinateSystem.get_graph	2	x_range	positional_or_keyword	Sequence[float] | None	None
manimlib.mobject.coordinate_systems:CoordinateSystem.get_graph	3	bind	positional_or_keyword	bool	False
manimlib.mobject.coordinate_systems:CoordinateSystem.get_graph	4	kwargs	var_keyword	-	-
manimlib.mobject.coordinate_systems:CoordinateSystem.get_graph_label	0	self	positional_or_keyword	-	-
manimlib.mobject.coordinate_systems:CoordinateSystem.get_graph_label	1	graph	positional_or_keyword	ParametricCurve	-
manimlib.mobject.coordinate_systems:CoordinateSystem.get_graph_label	2	label	positional_or_keyword	str | Mobject	'f(x)'
manimlib.mobject.coordinate_systems:CoordinateSystem.get_graph_label	3	x	positional_or_keyword	float | None	None
manimlib.mobject.coordinate_systems:CoordinateSystem.get_graph_label	4	direction	positional_or_keyword	Vect3	RIGHT
manimlib.mobject.coordinate_systems:CoordinateSystem.get_graph_label	5	buff	positional_or_keyword	float	MED_SMALL_BUFF
manimlib.mobject.coordinate_systems:CoordinateSystem.get_graph_label	6	color	positional_or_keyword	ManimColor | None	None
manimlib.mobject.coordinate_systems:CoordinateSystem.get_h_line	0	self	positional_or_keyword	-	-
manimlib.mobject.coordinate_systems:CoordinateSystem.get_h_line	1	point	positional_or_keyword	Vect3	-
manimlib.mobject.coordinate_systems:CoordinateSystem.get_h_line	2	kwargs	var_keyword	-	-
manimlib.mobject.coordinate_systems:CoordinateSystem.get_h_line_to_graph	0	self	positional_or_keyword	-	-
manimlib.mobject.coordinate_systems:CoordinateSystem.get_h_line_to_graph	1	x	positional_or_keyword	float	-
manimlib.mobject.coordinate_systems:CoordinateSystem.get_h_line_to_graph	2	graph	positional_or_keyword	ParametricCurve	-
manimlib.mobject.coordinate_systems:CoordinateSystem.get_h_line_to_graph	3	kwargs	var_keyword	-	-
manimlib.mobject.coordinate_systems:CoordinateSystem.get_line_from_axis_to_point	0	self	positional_or_keyword	-	-
manimlib.mobject.coordinate_systems:CoordinateSystem.get_line_from_axis_to_point	1	index	positional_or_keyword	int	-
manimlib.mobject.coordinate_systems:CoordinateSystem.get_line_from_axis_to_point	2	point	positional_or_keyword	Vect3	-
manimlib.mobject.coordinate_systems:CoordinateSystem.get_line_from_axis_to_point	3	line_func	positional_or_keyword	Type[T]	DashedLine
manimlib.mobject.coordinate_systems:CoordinateSystem.get_line_from_axis_to_point	4	color	positional_or_keyword	ManimColor	GREY_A
manimlib.mobject.coordinate_systems:CoordinateSystem.get_line_from_axis_to_point	5	stroke_width	positional_or_keyword	float	2
manimlib.mobject.coordinate_systems:CoordinateSystem.get_origin	0	self	positional_or_keyword	-	-
manimlib.mobject.coordinate_systems:CoordinateSystem.get_parametric_curve	0	self	positional_or_keyword	-	-
manimlib.mobject.coordinate_systems:CoordinateSystem.get_parametric_curve	1	function	positional_or_keyword	Callable[[float], Vect3]	-
manimlib.mobject.coordinate_systems:CoordinateSystem.get_parametric_curve	2	kwargs	var_keyword	-	-
manimlib.mobject.coordinate_systems:CoordinateSystem.get_riemann_rectangles	0	self	positional_or_keyword	-	-
manimlib.mobject.coordinate_systems:CoordinateSystem.get_riemann_rectangles	1	graph	positional_or_keyword	ParametricCurve	-
manimlib.mobject.coordinate_systems:CoordinateSystem.get_riemann_rectangles	2	x_range	positional_or_keyword	Sequence[float]	None
manimlib.mobject.coordinate_systems:CoordinateSystem.get_riemann_rectangles	3	dx	positional_or_keyword	float | None	None
manimlib.mobject.coordinate_systems:CoordinateSystem.get_riemann_rectangles	4	input_sample_type	positional_or_keyword	str	'left'
manimlib.mobject.coordinate_systems:CoordinateSystem.get_riemann_rectangles	5	stroke_width	positional_or_keyword	float	1
manimlib.mobject.coordinate_systems:CoordinateSystem.get_riemann_rectangles	6	stroke_color	positional_or_keyword	ManimColor	BLACK
manimlib.mobject.coordinate_systems:CoordinateSystem.get_riemann_rectangles	7	fill_opacity	positional_or_keyword	float	1
manimlib.mobject.coordinate_systems:CoordinateSystem.get_riemann_rectangles	8	colors	positional_or_keyword	Iterable[ManimColor]	(BLUE, GREEN)
manimlib.mobject.coordinate_systems:CoordinateSystem.get_riemann_rectangles	9	negative_color	positional_or_keyword	ManimColor	RED
manimlib.mobject.coordinate_systems:CoordinateSystem.get_riemann_rectangles	10	stroke_background	positional_or_keyword	bool	True
manimlib.mobject.coordinate_systems:CoordinateSystem.get_riemann_rectangles	11	show_signed_area	positional_or_keyword	bool	True
manimlib.mobject.coordinate_systems:CoordinateSystem.get_scatterplot	0	self	positional_or_keyword	-	-
manimlib.mobject.coordinate_systems:CoordinateSystem.get_scatterplot	1	x_values	positional_or_keyword	Vect3Array	-
manimlib.mobject.coordinate_systems:CoordinateSystem.get_scatterplot	2	y_values	positional_or_keyword	Vect3Array	-
manimlib.mobject.coordinate_systems:CoordinateSystem.get_scatterplot	3	dot_config	var_keyword	-	-
manimlib.mobject.coordinate_systems:CoordinateSystem.get_tangent_line	0	self	positional_or_keyword	-	-
manimlib.mobject.coordinate_systems:CoordinateSystem.get_tangent_line	1	x	positional_or_keyword	float	-
manimlib.mobject.coordinate_systems:CoordinateSystem.get_tangent_line	2	graph	positional_or_keyword	ParametricCurve	-
manimlib.mobject.coordinate_systems:CoordinateSystem.get_tangent_line	3	length	positional_or_keyword	float	5
manimlib.mobject.coordinate_systems:CoordinateSystem.get_tangent_line	4	line_func	positional_or_keyword	Type[T]	Line
manimlib.mobject.coordinate_systems:CoordinateSystem.get_v_line	0	self	positional_or_keyword	-	-
manimlib.mobject.coordinate_systems:CoordinateSystem.get_v_line	1	point	positional_or_keyword	Vect3	-
manimlib.mobject.coordinate_systems:CoordinateSystem.get_v_line	2	kwargs	var_keyword	-	-
manimlib.mobject.coordinate_systems:CoordinateSystem.get_v_line_to_graph	0	self	positional_or_keyword	-	-
manimlib.mobject.coordinate_systems:CoordinateSystem.get_v_line_to_graph	1	x	positional_or_keyword	float	-
manimlib.mobject.coordinate_systems:CoordinateSystem.get_v_line_to_graph	2	graph	positional_or_keyword	ParametricCurve	-
manimlib.mobject.coordinate_systems:CoordinateSystem.get_v_line_to_graph	3	kwargs	var_keyword	-	-
manimlib.mobject.coordinate_systems:CoordinateSystem.get_x_axis	0	self	positional_or_keyword	-	-
manimlib.mobject.coordinate_systems:CoordinateSystem.get_x_axis_label	0	self	positional_or_keyword	-	-
manimlib.mobject.coordinate_systems:CoordinateSystem.get_x_axis_label	1	label_tex	positional_or_keyword	str	-
manimlib.mobject.coordinate_systems:CoordinateSystem.get_x_axis_label	2	edge	positional_or_keyword	Vect3	RIGHT
manimlib.mobject.coordinate_systems:CoordinateSystem.get_x_axis_label	3	direction	positional_or_keyword	Vect3	DL
manimlib.mobject.coordinate_systems:CoordinateSystem.get_x_axis_label	4	kwargs	var_keyword	-	-
manimlib.mobject.coordinate_systems:CoordinateSystem.get_y_axis	0	self	positional_or_keyword	-	-
manimlib.mobject.coordinate_systems:CoordinateSystem.get_y_axis_label	0	self	positional_or_keyword	-	-
manimlib.mobject.coordinate_systems:CoordinateSystem.get_y_axis_label	1	label_tex	positional_or_keyword	str	-
manimlib.mobject.coordinate_systems:CoordinateSystem.get_y_axis_label	2	edge	positional_or_keyword	Vect3	UP
manimlib.mobject.coordinate_systems:CoordinateSystem.get_y_axis_label	3	direction	positional_or_keyword	Vect3	DR
manimlib.mobject.coordinate_systems:CoordinateSystem.get_y_axis_label	4	kwargs	var_keyword	-	-
manimlib.mobject.coordinate_systems:CoordinateSystem.get_z_axis	0	self	positional_or_keyword	-	-
manimlib.mobject.coordinate_systems:CoordinateSystem.i2gp	0	self	positional_or_keyword	-	-
manimlib.mobject.coordinate_systems:CoordinateSystem.i2gp	1	x	positional_or_keyword	float	-
manimlib.mobject.coordinate_systems:CoordinateSystem.i2gp	2	graph	positional_or_keyword	ParametricCurve	-
manimlib.mobject.coordinate_systems:CoordinateSystem.input_to_graph_point	0	self	positional_or_keyword	-	-
manimlib.mobject.coordinate_systems:CoordinateSystem.input_to_graph_point	1	x	positional_or_keyword	float	-
manimlib.mobject.coordinate_systems:CoordinateSystem.input_to_graph_point	2	graph	positional_or_keyword	ParametricCurve	-
manimlib.mobject.coordinate_systems:CoordinateSystem.p2c	0	self	positional_or_keyword	-	-
manimlib.mobject.coordinate_systems:CoordinateSystem.p2c	1	point	positional_or_keyword	Vect3	-
manimlib.mobject.coordinate_systems:CoordinateSystem.point_to_coords	0	self	positional_or_keyword	-	-
manimlib.mobject.coordinate_systems:CoordinateSystem.point_to_coords	1	point	positional_or_keyword	Vect3 | Vect3Array	-
manimlib.mobject.coordinate_systems:CoordinateSystem.slope_of_tangent	0	self	positional_or_keyword	-	-
manimlib.mobject.coordinate_systems:CoordinateSystem.slope_of_tangent	1	x	positional_or_keyword	float	-
manimlib.mobject.coordinate_systems:CoordinateSystem.slope_of_tangent	2	graph	positional_or_keyword	ParametricCurve	-
manimlib.mobject.coordinate_systems:CoordinateSystem.slope_of_tangent	3	kwargs	var_keyword	-	-
manimlib.mobject.coordinate_systems:NumberPlane.__init__	0	self	positional_or_keyword	-	-
manimlib.mobject.coordinate_systems:NumberPlane.__init__	1	x_range	positional_or_keyword	RangeSpecifier	(-8.0, 8.0, 1.0)
manimlib.mobject.coordinate_systems:NumberPlane.__init__	2	y_range	positional_or_keyword	RangeSpecifier	(-4.0, 4.0, 1.0)
manimlib.mobject.coordinate_systems:NumberPlane.__init__	3	background_line_style	positional_or_keyword	dict	dict(stroke_color=BLUE_D, stroke_width=2, stroke_opacity=1)
manimlib.mobject.coordinate_systems:NumberPlane.__init__	4	faded_line_style	positional_or_keyword	dict	dict(stroke_width=1, stroke_opacity=0.25)
manimlib.mobject.coordinate_systems:NumberPlane.__init__	5	faded_line_ratio	positional_or_keyword	int	4
manimlib.mobject.coordinate_systems:NumberPlane.__init__	6	make_smooth_after_applying_functions	positional_or_keyword	bool	True
manimlib.mobject.coordinate_systems:NumberPlane.__init__	7	kwargs	var_keyword	-	-
manimlib.mobject.coordinate_systems:NumberPlane.get_axes	0	self	positional_or_keyword	-	-
manimlib.mobject.coordinate_systems:NumberPlane.get_lines	0	self	positional_or_keyword	-	-
manimlib.mobject.coordinate_systems:NumberPlane.get_lines_parallel_to_axis	0	self	positional_or_keyword	-	-
manimlib.mobject.coordinate_systems:NumberPlane.get_lines_parallel_to_axis	1	axis1	positional_or_keyword	NumberLine	-
manimlib.mobject.coordinate_systems:NumberPlane.get_lines_parallel_to_axis	2	axis2	positional_or_keyword	NumberLine	-
manimlib.mobject.coordinate_systems:NumberPlane.get_vector	0	self	positional_or_keyword	-	-
manimlib.mobject.coordinate_systems:NumberPlane.get_vector	1	coords	positional_or_keyword	Iterable[float]	-
manimlib.mobject.coordinate_systems:NumberPlane.get_vector	2	kwargs	var_keyword	-	-
manimlib.mobject.coordinate_systems:NumberPlane.get_x_unit_size	0	self	positional_or_keyword	-	-
manimlib.mobject.coordinate_systems:NumberPlane.get_y_unit_size	0	self	positional_or_keyword	-	-
manimlib.mobject.coordinate_systems:NumberPlane.init_background_lines	0	self	positional_or_keyword	-	-
manimlib.mobject.coordinate_systems:NumberPlane.prepare_for_nonlinear_transform	0	self	positional_or_keyword	-	-
manimlib.mobject.coordinate_systems:NumberPlane.prepare_for_nonlinear_transform	1	num_inserted_curves	positional_or_keyword	int	50
manimlib.mobject.coordinate_systems:ThreeDAxes.__init__	0	self	positional_or_keyword	-	-
manimlib.mobject.coordinate_systems:ThreeDAxes.__init__	1	x_range	positional_or_keyword	RangeSpecifier	(-6.0, 6.0, 1.0)
manimlib.mobject.coordinate_systems:ThreeDAxes.__init__	2	y_range	positional_or_keyword	RangeSpecifier	(-5.0, 5.0, 1.0)
manimlib.mobject.coordinate_systems:ThreeDAxes.__init__	3	z_range	positional_or_keyword	RangeSpecifier	(-4.0, 4.0, 1.0)
manimlib.mobject.coordinate_systems:ThreeDAxes.__init__	4	z_axis_config	positional_or_keyword	dict	dict()
manimlib.mobject.coordinate_systems:ThreeDAxes.__init__	5	z_normal	positional_or_keyword	Vect3	DOWN
manimlib.mobject.coordinate_systems:ThreeDAxes.__init__	6	depth	positional_or_keyword	float | None	None
manimlib.mobject.coordinate_systems:ThreeDAxes.__init__	7	kwargs	var_keyword	-	-
manimlib.mobject.coordinate_systems:ThreeDAxes.add_axis_labels	0	self	positional_or_keyword	-	-
manimlib.mobject.coordinate_systems:ThreeDAxes.add_axis_labels	1	x_tex	positional_or_keyword	-	'x'
manimlib.mobject.coordinate_systems:ThreeDAxes.add_axis_labels	2	y_tex	positional_or_keyword	-	'y'
manimlib.mobject.coordinate_systems:ThreeDAxes.add_axis_labels	3	z_tex	positional_or_keyword	-	'z'
manimlib.mobject.coordinate_systems:ThreeDAxes.add_axis_labels	4	font_size	positional_or_keyword	-	24
manimlib.mobject.coordinate_systems:ThreeDAxes.add_axis_labels	5	buff	positional_or_keyword	-	0.2
manimlib.mobject.coordinate_systems:ThreeDAxes.get_all_ranges	0	self	positional_or_keyword	-	-
manimlib.mobject.coordinate_systems:ThreeDAxes.get_graph	0	self	positional_or_keyword	-	-
manimlib.mobject.coordinate_systems:ThreeDAxes.get_graph	1	func	positional_or_keyword	-	-
manimlib.mobject.coordinate_systems:ThreeDAxes.get_graph	2	color	positional_or_keyword	-	BLUE_E
manimlib.mobject.coordinate_systems:ThreeDAxes.get_graph	3	opacity	positional_or_keyword	-	0.9
manimlib.mobject.coordinate_systems:ThreeDAxes.get_graph	4	u_range	positional_or_keyword	-	None
manimlib.mobject.coordinate_systems:ThreeDAxes.get_graph	5	v_range	positional_or_keyword	-	None
manimlib.mobject.coordinate_systems:ThreeDAxes.get_graph	6	kwargs	var_keyword	-	-
manimlib.mobject.coordinate_systems:ThreeDAxes.get_parametric_surface	0	self	positional_or_keyword	-	-
manimlib.mobject.coordinate_systems:ThreeDAxes.get_parametric_surface	1	func	positional_or_keyword	-	-
manimlib.mobject.coordinate_systems:ThreeDAxes.get_parametric_surface	2	color	positional_or_keyword	-	BLUE_E
manimlib.mobject.coordinate_systems:ThreeDAxes.get_parametric_surface	3	opacity	positional_or_keyword	-	0.9
manimlib.mobject.coordinate_systems:ThreeDAxes.get_parametric_surface	4	kwargs	var_keyword	-	-
manimlib.mobject.coordinate_systems:full_range_specifier	0	range_args	positional_or_keyword	-	-
manimlib.mobject.frame:FullScreenFadeRectangle.__init__	0	self	positional_or_keyword	-	-
manimlib.mobject.frame:FullScreenFadeRectangle.__init__	1	stroke_width	positional_or_keyword	float	0.0
manimlib.mobject.frame:FullScreenFadeRectangle.__init__	2	fill_color	positional_or_keyword	ManimColor	BLACK
manimlib.mobject.frame:FullScreenFadeRectangle.__init__	3	fill_opacity	positional_or_keyword	float	0.7
manimlib.mobject.frame:FullScreenFadeRectangle.__init__	4	kwargs	var_keyword	-	-
manimlib.mobject.frame:FullScreenRectangle.__init__	0	self	positional_or_keyword	-	-
manimlib.mobject.frame:FullScreenRectangle.__init__	1	height	positional_or_keyword	float	FRAME_HEIGHT
manimlib.mobject.frame:FullScreenRectangle.__init__	2	fill_color	positional_or_keyword	ManimColor	GREY_E
manimlib.mobject.frame:FullScreenRectangle.__init__	3	fill_opacity	positional_or_keyword	float	1
manimlib.mobject.frame:FullScreenRectangle.__init__	4	stroke_width	positional_or_keyword	float	0
manimlib.mobject.frame:FullScreenRectangle.__init__	5	kwargs	var_keyword	-	-
manimlib.mobject.frame:ScreenRectangle.__init__	0	self	positional_or_keyword	-	-
manimlib.mobject.frame:ScreenRectangle.__init__	1	aspect_ratio	positional_or_keyword	float	16.0 / 9.0
manimlib.mobject.frame:ScreenRectangle.__init__	2	height	positional_or_keyword	float	4
manimlib.mobject.frame:ScreenRectangle.__init__	3	kwargs	var_keyword	-	-
manimlib.mobject.functions:FunctionGraph.__init__	0	self	positional_or_keyword	-	-
manimlib.mobject.functions:FunctionGraph.__init__	1	function	positional_or_keyword	Callable[[float], float]	-
manimlib.mobject.functions:FunctionGraph.__init__	2	x_range	positional_or_keyword	Tuple[float, float, float]	(-8, 8, 0.25)
manimlib.mobject.functions:FunctionGraph.__init__	3	color	positional_or_keyword	ManimColor	YELLOW
manimlib.mobject.functions:FunctionGraph.__init__	4	kwargs	var_keyword	-	-
manimlib.mobject.functions:ImplicitFunction.__init__	0	self	positional_or_keyword	-	-
manimlib.mobject.functions:ImplicitFunction.__init__	1	func	positional_or_keyword	Callable[[float, float], float]	-
manimlib.mobject.functions:ImplicitFunction.__init__	2	x_range	positional_or_keyword	Tuple[float, float]	(-FRAME_X_RADIUS, FRAME_X_RADIUS)
manimlib.mobject.functions:ImplicitFunction.__init__	3	y_range	positional_or_keyword	Tuple[float, float]	(-FRAME_Y_RADIUS, FRAME_Y_RADIUS)
manimlib.mobject.functions:ImplicitFunction.__init__	4	min_depth	positional_or_keyword	int	5
manimlib.mobject.functions:ImplicitFunction.__init__	5	max_quads	positional_or_keyword	int	1500
manimlib.mobject.functions:ImplicitFunction.__init__	6	use_smoothing	positional_or_keyword	bool	False
manimlib.mobject.functions:ImplicitFunction.__init__	7	joint_type	positional_or_keyword	str	'no_joint'
manimlib.mobject.functions:ImplicitFunction.__init__	8	kwargs	var_keyword	-	-
manimlib.mobject.functions:ParametricCurve.__init__	0	self	positional_or_keyword	-	-
manimlib.mobject.functions:ParametricCurve.__init__	1	t_func	positional_or_keyword	Callable[[float], Sequence[float] | Vect3]	-
manimlib.mobject.functions:ParametricCurve.__init__	2	t_range	positional_or_keyword	Tuple[float, float, float]	(0, 1, 0.1)
manimlib.mobject.functions:ParametricCurve.__init__	3	epsilon	positional_or_keyword	float	1e-08
manimlib.mobject.functions:ParametricCurve.__init__	4	discontinuities	positional_or_keyword	Sequence[float]	[]
manimlib.mobject.functions:ParametricCurve.__init__	5	use_smoothing	positional_or_keyword	bool	True
manimlib.mobject.functions:ParametricCurve.__init__	6	kwargs	var_keyword	-	-
manimlib.mobject.functions:ParametricCurve.get_function	0	self	positional_or_keyword	-	-
manimlib.mobject.functions:ParametricCurve.get_point_from_function	0	self	positional_or_keyword	-	-
manimlib.mobject.functions:ParametricCurve.get_point_from_function	1	t	positional_or_keyword	float	-
manimlib.mobject.functions:ParametricCurve.get_t_func	0	self	positional_or_keyword	-	-
manimlib.mobject.functions:ParametricCurve.get_x_range	0	self	positional_or_keyword	-	-
manimlib.mobject.functions:ParametricCurve.init_points	0	self	positional_or_keyword	-	-
manimlib.mobject.geometry:AnnularSector.__init__	0	self	positional_or_keyword	-	-
manimlib.mobject.geometry:AnnularSector.__init__	1	angle	positional_or_keyword	float	TAU / 4
manimlib.mobject.geometry:AnnularSector.__init__	2	start_angle	positional_or_keyword	float	0.0
manimlib.mobject.geometry:AnnularSector.__init__	3	inner_radius	positional_or_keyword	float	1.0
manimlib.mobject.geometry:AnnularSector.__init__	4	outer_radius	positional_or_keyword	float	2.0
manimlib.mobject.geometry:AnnularSector.__init__	5	arc_center	positional_or_keyword	Vect3	ORIGIN
manimlib.mobject.geometry:AnnularSector.__init__	6	fill_color	positional_or_keyword	ManimColor	DEFAULT_LIGHT_COLOR
manimlib.mobject.geometry:AnnularSector.__init__	7	fill_opacity	positional_or_keyword	float	1.0
manimlib.mobject.geometry:AnnularSector.__init__	8	stroke_width	positional_or_keyword	float	0.0
manimlib.mobject.geometry:AnnularSector.__init__	9	kwargs	var_keyword	-	-
manimlib.mobject.geometry:Annulus.__init__	0	self	positional_or_keyword	-	-
manimlib.mobject.geometry:Annulus.__init__	1	inner_radius	positional_or_keyword	float	1.0
manimlib.mobject.geometry:Annulus.__init__	2	outer_radius	positional_or_keyword	float	2.0
manimlib.mobject.geometry:Annulus.__init__	3	fill_opacity	positional_or_keyword	float	1.0
manimlib.mobject.geometry:Annulus.__init__	4	stroke_width	positional_or_keyword	float	0.0
manimlib.mobject.geometry:Annulus.__init__	5	fill_color	positional_or_keyword	ManimColor	DEFAULT_LIGHT_COLOR
manimlib.mobject.geometry:Annulus.__init__	6	center	positional_or_keyword	Vect3	ORIGIN
manimlib.mobject.geometry:Annulus.__init__	7	kwargs	var_keyword	-	-
manimlib.mobject.geometry:Arc.__init__	0	self	positional_or_keyword	-	-
manimlib.mobject.geometry:Arc.__init__	1	start_angle	positional_or_keyword	float	0
manimlib.mobject.geometry:Arc.__init__	2	angle	positional_or_keyword	float	TAU / 4
manimlib.mobject.geometry:Arc.__init__	3	radius	positional_or_keyword	float	1.0
manimlib.mobject.geometry:Arc.__init__	4	n_components	positional_or_keyword	Optional[int]	None
manimlib.mobject.geometry:Arc.__init__	5	arc_center	positional_or_keyword	Vect3	ORIGIN
manimlib.mobject.geometry:Arc.__init__	6	kwargs	var_keyword	-	-
manimlib.mobject.geometry:Arc.get_arc_center	0	self	positional_or_keyword	-	-
manimlib.mobject.geometry:Arc.get_start_angle	0	self	positional_or_keyword	-	-
manimlib.mobject.geometry:Arc.get_stop_angle	0	self	positional_or_keyword	-	-
manimlib.mobject.geometry:Arc.move_arc_center_to	0	self	positional_or_keyword	-	-
manimlib.mobject.geometry:Arc.move_arc_center_to	1	point	positional_or_keyword	Vect3	-
manimlib.mobject.geometry:ArcBetweenPoints.__init__	0	self	positional_or_keyword	-	-
manimlib.mobject.geometry:ArcBetweenPoints.__init__	1	start	positional_or_keyword	Vect3	-
manimlib.mobject.geometry:ArcBetweenPoints.__init__	2	end	positional_or_keyword	Vect3	-
manimlib.mobject.geometry:ArcBetweenPoints.__init__	3	angle	positional_or_keyword	float	TAU / 4
manimlib.mobject.geometry:ArcBetweenPoints.__init__	4	kwargs	var_keyword	-	-
manimlib.mobject.geometry:Arrow.__init__	0	self	positional_or_keyword	-	-
manimlib.mobject.geometry:Arrow.__init__	1	start	positional_or_keyword	Vect3 | Mobject	LEFT
manimlib.mobject.geometry:Arrow.__init__	2	end	positional_or_keyword	Vect3 | Mobject	LEFT
manimlib.mobject.geometry:Arrow.__init__	3	buff	positional_or_keyword	float	MED_SMALL_BUFF
manimlib.mobject.geometry:Arrow.__init__	4	path_arc	positional_or_keyword	float	0
manimlib.mobject.geometry:Arrow.__init__	5	fill_color	positional_or_keyword	ManimColor	DEFAULT_LIGHT_COLOR
manimlib.mobject.geometry:Arrow.__init__	6	fill_opacity	positional_or_keyword	float	1.0
manimlib.mobject.geometry:Arrow.__init__	7	stroke_width	positional_or_keyword	float	0.0
manimlib.mobject.geometry:Arrow.__init__	8	thickness	positional_or_keyword	float	3.0
manimlib.mobject.geometry:Arrow.__init__	9	tip_width_ratio	positional_or_keyword	float	5
manimlib.mobject.geometry:Arrow.__init__	10	tip_angle	positional_or_keyword	float	PI / 3
manimlib.mobject.geometry:Arrow.__init__	11	max_tip_length_to_length_ratio	positional_or_keyword	float	0.5
manimlib.mobject.geometry:Arrow.__init__	12	max_width_to_length_ratio	positional_or_keyword	float	0.1
manimlib.mobject.geometry:Arrow.__init__	13	kwargs	var_keyword	-	-
manimlib.mobject.geometry:Arrow.get_end	0	self	positional_or_keyword	-	-
manimlib.mobject.geometry:Arrow.get_key_dimensions	0	self	positional_or_keyword	-	-
manimlib.mobject.geometry:Arrow.get_key_dimensions	1	length	positional_or_keyword	-	-
manimlib.mobject.geometry:Arrow.get_start	0	self	positional_or_keyword	-	-
manimlib.mobject.geometry:Arrow.get_start_and_end	0	self	positional_or_keyword	-	-
manimlib.mobject.geometry:Arrow.put_start_and_end_on	0	self	positional_or_keyword	-	-
manimlib.mobject.geometry:Arrow.put_start_and_end_on	1	start	positional_or_keyword	Vect3	-
manimlib.mobject.geometry:Arrow.put_start_and_end_on	2	end	positional_or_keyword	Vect3	-
manimlib.mobject.geometry:Arrow.scale	0	self	positional_or_keyword	-	-
manimlib.mobject.geometry:Arrow.scale	1	args	var_positional	-	-
manimlib.mobject.geometry:Arrow.scale	2	kwargs	var_keyword	-	-
manimlib.mobject.geometry:Arrow.set_points_by_ends	0	self	positional_or_keyword	-	-
manimlib.mobject.geometry:Arrow.set_points_by_ends	1	start	positional_or_keyword	Vect3	-
manimlib.mobject.geometry:Arrow.set_points_by_ends	2	end	positional_or_keyword	Vect3	-
manimlib.mobject.geometry:Arrow.set_points_by_ends	3	buff	positional_or_keyword	float	0
manimlib.mobject.geometry:Arrow.set_points_by_ends	4	path_arc	positional_or_keyword	float	0
manimlib.mobject.geometry:Arrow.set_thickness	0	self	positional_or_keyword	-	-
manimlib.mobject.geometry:Arrow.set_thickness	1	thickness	positional_or_keyword	float	-
manimlib.mobject.geometry:ArrowTip.__init__	0	self	positional_or_keyword	-	-
manimlib.mobject.geometry:ArrowTip.__init__	1	angle	positional_or_keyword	float	0
manimlib.mobject.geometry:ArrowTip.__init__	2	width	positional_or_keyword	float	DEFAULT_ARROW_TIP_WIDTH
manimlib.mobject.geometry:ArrowTip.__init__	3	length	positional_or_keyword	float	DEFAULT_ARROW_TIP_LENGTH
manimlib.mobject.geometry:ArrowTip.__init__	4	fill_opacity	positional_or_keyword	float	1.0
manimlib.mobject.geometry:ArrowTip.__init__	5	fill_color	positional_or_keyword	ManimColor	DEFAULT_MOBJECT_COLOR
manimlib.mobject.geometry:ArrowTip.__init__	6	stroke_width	positional_or_keyword	float	0.0
manimlib.mobject.geometry:ArrowTip.__init__	7	tip_style	positional_or_keyword	int	0
manimlib.mobject.geometry:ArrowTip.__init__	8	kwargs	var_keyword	-	-
manimlib.mobject.geometry:ArrowTip.get_angle	0	self	positional_or_keyword	-	-
manimlib.mobject.geometry:ArrowTip.get_base	0	self	positional_or_keyword	-	-
manimlib.mobject.geometry:ArrowTip.get_length	0	self	positional_or_keyword	-	-
manimlib.mobject.geometry:ArrowTip.get_tip_point	0	self	positional_or_keyword	-	-
manimlib.mobject.geometry:ArrowTip.get_vector	0	self	positional_or_keyword	-	-
manimlib.mobject.geometry:Circle.__init__	0	self	positional_or_keyword	-	-
manimlib.mobject.geometry:Circle.__init__	1	start_angle	positional_or_keyword	float	0
manimlib.mobject.geometry:Circle.__init__	2	stroke_color	positional_or_keyword	ManimColor	RED
manimlib.mobject.geometry:Circle.__init__	3	kwargs	var_keyword	-	-
manimlib.mobject.geometry:Circle.get_radius	0	self	positional_or_keyword	-	-
manimlib.mobject.geometry:Circle.point_at_angle	0	self	positional_or_keyword	-	-
manimlib.mobject.geometry:Circle.point_at_angle	1	angle	positional_or_keyword	float	-
manimlib.mobject.geometry:Circle.surround	0	self	positional_or_keyword	-	-
manimlib.mobject.geometry:Circle.surround	1	mobject	positional_or_keyword	Mobject	-
manimlib.mobject.geometry:Circle.surround	2	dim_to_match	positional_or_keyword	int	0
manimlib.mobject.geometry:Circle.surround	3	stretch	positional_or_keyword	bool	False
manimlib.mobject.geometry:Circle.surround	4	buff	positional_or_keyword	float	MED_SMALL_BUFF
manimlib.mobject.geometry:CubicBezier.__init__	0	self	positional_or_keyword	-	-
manimlib.mobject.geometry:CubicBezier.__init__	1	a0	positional_or_keyword	Vect3	-
manimlib.mobject.geometry:CubicBezier.__init__	2	h0	positional_or_keyword	Vect3	-
manimlib.mobject.geometry:CubicBezier.__init__	3	h1	positional_or_keyword	Vect3	-
manimlib.mobject.geometry:CubicBezier.__init__	4	a1	positional_or_keyword	Vect3	-
manimlib.mobject.geometry:CubicBezier.__init__	5	kwargs	var_keyword	-	-
manimlib.mobject.geometry:CurvedArrow.__init__	0	self	positional_or_keyword	-	-
manimlib.mobject.geometry:CurvedArrow.__init__	1	start_point	positional_or_keyword	Vect3	-
manimlib.mobject.geometry:CurvedArrow.__init__	2	end_point	positional_or_keyword	Vect3	-
manimlib.mobject.geometry:CurvedArrow.__init__	3	kwargs	var_keyword	-	-
manimlib.mobject.geometry:CurvedDoubleArrow.__init__	0	self	positional_or_keyword	-	-
manimlib.mobject.geometry:CurvedDoubleArrow.__init__	1	start_point	positional_or_keyword	Vect3	-
manimlib.mobject.geometry:CurvedDoubleArrow.__init__	2	end_point	positional_or_keyword	Vect3	-
manimlib.mobject.geometry:CurvedDoubleArrow.__init__	3	kwargs	var_keyword	-	-
manimlib.mobject.geometry:DashedLine.__init__	0	self	positional_or_keyword	-	-
manimlib.mobject.geometry:DashedLine.__init__	1	start	positional_or_keyword	Vect3	LEFT
manimlib.mobject.geometry:DashedLine.__init__	2	end	positional_or_keyword	Vect3	RIGHT
manimlib.mobject.geometry:DashedLine.__init__	3	dash_length	positional_or_keyword	float	DEFAULT_DASH_LENGTH
manimlib.mobject.geometry:DashedLine.__init__	4	positive_space_ratio	positional_or_keyword	float	0.5
manimlib.mobject.geometry:DashedLine.__init__	5	kwargs	var_keyword	-	-
manimlib.mobject.geometry:DashedLine.calculate_num_dashes	0	self	positional_or_keyword	-	-
manimlib.mobject.geometry:DashedLine.calculate_num_dashes	1	dash_length	positional_or_keyword	float	-
manimlib.mobject.geometry:DashedLine.calculate_num_dashes	2	positive_space_ratio	positional_or_keyword	float	-
manimlib.mobject.geometry:DashedLine.get_end	0	self	positional_or_keyword	-	-
manimlib.mobject.geometry:DashedLine.get_first_handle	0	self	positional_or_keyword	-	-
manimlib.mobject.geometry:DashedLine.get_last_handle	0	self	positional_or_keyword	-	-
manimlib.mobject.geometry:DashedLine.get_start	0	self	positional_or_keyword	-	-
manimlib.mobject.geometry:DashedLine.get_start_and_end	0	self	positional_or_keyword	-	-
manimlib.mobject.geometry:Dot.__init__	0	self	positional_or_keyword	-	-
manimlib.mobject.geometry:Dot.__init__	1	point	positional_or_keyword	Vect3	ORIGIN
manimlib.mobject.geometry:Dot.__init__	2	radius	positional_or_keyword	float	DEFAULT_DOT_RADIUS
manimlib.mobject.geometry:Dot.__init__	3	stroke_color	positional_or_keyword	ManimColor	BLACK
manimlib.mobject.geometry:Dot.__init__	4	stroke_width	positional_or_keyword	float	0.0
manimlib.mobject.geometry:Dot.__init__	5	fill_opacity	positional_or_keyword	float	1.0
manimlib.mobject.geometry:Dot.__init__	6	fill_color	positional_or_keyword	ManimColor	DEFAULT_MOBJECT_COLOR
manimlib.mobject.geometry:Dot.__init__	7	kwargs	var_keyword	-	-
manimlib.mobject.geometry:Elbow.__init__	0	self	positional_or_keyword	-	-
manimlib.mobject.geometry:Elbow.__init__	1	width	positional_or_keyword	float	0.2
manimlib.mobject.geometry:Elbow.__init__	2	angle	positional_or_keyword	float	0
manimlib.mobject.geometry:Elbow.__init__	3	kwargs	var_keyword	-	-
manimlib.mobject.geometry:Ellipse.__init__	0	self	positional_or_keyword	-	-
manimlib.mobject.geometry:Ellipse.__init__	1	width	positional_or_keyword	float	2.0
manimlib.mobject.geometry:Ellipse.__init__	2	height	positional_or_keyword	float	1.0
manimlib.mobject.geometry:Ellipse.__init__	3	kwargs	var_keyword	-	-
manimlib.mobject.geometry:Line.__init__	0	self	positional_or_keyword	-	-
manimlib.mobject.geometry:Line.__init__	1	start	positional_or_keyword	Vect3 | Mobject	LEFT
manimlib.mobject.geometry:Line.__init__	2	end	positional_or_keyword	Vect3 | Mobject	RIGHT
manimlib.mobject.geometry:Line.__init__	3	buff	positional_or_keyword	float	0.0
manimlib.mobject.geometry:Line.__init__	4	path_arc	positional_or_keyword	float	0.0
manimlib.mobject.geometry:Line.__init__	5	kwargs	var_keyword	-	-
manimlib.mobject.geometry:Line.get_angle	0	self	positional_or_keyword	-	-
manimlib.mobject.geometry:Line.get_arc_length	0	self	positional_or_keyword	-	-
manimlib.mobject.geometry:Line.get_projection	0	self	positional_or_keyword	-	-
manimlib.mobject.geometry:Line.get_projection	1	point	positional_or_keyword	Vect3	-
manimlib.mobject.geometry:Line.get_slope	0	self	positional_or_keyword	-	-
manimlib.mobject.geometry:Line.get_unit_vector	0	self	positional_or_keyword	-	-
manimlib.mobject.geometry:Line.get_vector	0	self	positional_or_keyword	-	-
manimlib.mobject.geometry:Line.pointify	0	self	positional_or_keyword	-	-
manimlib.mobject.geometry:Line.pointify	1	mob_or_point	positional_or_keyword	Mobject | Vect3	-
manimlib.mobject.geometry:Line.pointify	2	direction	positional_or_keyword	Vect3 | None	None
manimlib.mobject.geometry:Line.put_start_and_end_on	0	self	positional_or_keyword	-	-
manimlib.mobject.geometry:Line.put_start_and_end_on	1	start	positional_or_keyword	Vect3	-
manimlib.mobject.geometry:Line.put_start_and_end_on	2	end	positional_or_keyword	Vect3	-
manimlib.mobject.geometry:Line.reset_points_around_ends	0	self	positional_or_keyword	-	-
manimlib.mobject.geometry:Line.set_angle	0	self	positional_or_keyword	-	-
manimlib.mobject.geometry:Line.set_angle	1	angle	positional_or_keyword	float	-
manimlib.mobject.geometry:Line.set_angle	2	about_point	positional_or_keyword	Optional[Vect3]	None
manimlib.mobject.geometry:Line.set_length	0	self	positional_or_keyword	-	-
manimlib.mobject.geometry:Line.set_length	1	length	positional_or_keyword	float	-
manimlib.mobject.geometry:Line.set_length	2	kwargs	var_keyword	-	-
manimlib.mobject.geometry:Line.set_path_arc	0	self	positional_or_keyword	-	-
manimlib.mobject.geometry:Line.set_path_arc	1	path_arc	positional_or_keyword	float	-
manimlib.mobject.geometry:Line.set_perpendicular_to_camera	0	self	positional_or_keyword	-	-
manimlib.mobject.geometry:Line.set_perpendicular_to_camera	1	camera_frame	positional_or_keyword	-	-
manimlib.mobject.geometry:Line.set_points_by_ends	0	self	positional_or_keyword	-	-
manimlib.mobject.geometry:Line.set_points_by_ends	1	start	positional_or_keyword	Vect3	-
manimlib.mobject.geometry:Line.set_points_by_ends	2	end	positional_or_keyword	Vect3	-
manimlib.mobject.geometry:Line.set_points_by_ends	3	buff	positional_or_keyword	float	0
manimlib.mobject.geometry:Line.set_points_by_ends	4	path_arc	positional_or_keyword	float	0
manimlib.mobject.geometry:Line.set_start_and_end_attrs	0	self	positional_or_keyword	-	-
manimlib.mobject.geometry:Line.set_start_and_end_attrs	1	start	positional_or_keyword	Vect3 | Mobject	-
manimlib.mobject.geometry:Line.set_start_and_end_attrs	2	end	positional_or_keyword	Vect3 | Mobject	-
manimlib.mobject.geometry:Polygon.__init__	0	self	positional_or_keyword	-	-
manimlib.mobject.geometry:Polygon.__init__	1	vertices	var_positional	Vect3	-
manimlib.mobject.geometry:Polygon.__init__	2	kwargs	var_keyword	-	-
manimlib.mobject.geometry:Polygon.get_vertices	0	self	positional_or_keyword	-	-
manimlib.mobject.geometry:Polygon.round_corners	0	self	positional_or_keyword	-	-
manimlib.mobject.geometry:Polygon.round_corners	1	radius	positional_or_keyword	Optional[float]	None
manimlib.mobject.geometry:Polyline.__init__	0	self	positional_or_keyword	-	-
manimlib.mobject.geometry:Polyline.__init__	1	vertices	var_positional	Vect3	-
manimlib.mobject.geometry:Polyline.__init__	2	kwargs	var_keyword	-	-
manimlib.mobject.geometry:Rectangle.__init__	0	self	positional_or_keyword	-	-
manimlib.mobject.geometry:Rectangle.__init__	1	width	positional_or_keyword	float	4.0
manimlib.mobject.geometry:Rectangle.__init__	2	height	positional_or_keyword	float	2.0
manimlib.mobject.geometry:Rectangle.__init__	3	kwargs	var_keyword	-	-
manimlib.mobject.geometry:Rectangle.surround	0	self	positional_or_keyword	-	-
manimlib.mobject.geometry:Rectangle.surround	1	mobject	positional_or_keyword	-	-
manimlib.mobject.geometry:Rectangle.surround	2	buff	positional_or_keyword	-	SMALL_BUFF
manimlib.mobject.geometry:RegularPolygon.__init__	0	self	positional_or_keyword	-	-
manimlib.mobject.geometry:RegularPolygon.__init__	1	n	positional_or_keyword	int	6
manimlib.mobject.geometry:RegularPolygon.__init__	2	radius	positional_or_keyword	float	1.0
manimlib.mobject.geometry:RegularPolygon.__init__	3	start_angle	positional_or_keyword	float | None	None
manimlib.mobject.geometry:RegularPolygon.__init__	4	kwargs	var_keyword	-	-
manimlib.mobject.geometry:RoundedRectangle.__init__	0	self	positional_or_keyword	-	-
manimlib.mobject.geometry:RoundedRectangle.__init__	1	width	positional_or_keyword	float	4.0
manimlib.mobject.geometry:RoundedRectangle.__init__	2	height	positional_or_keyword	float	2.0
manimlib.mobject.geometry:RoundedRectangle.__init__	3	corner_radius	positional_or_keyword	float	0.5
manimlib.mobject.geometry:RoundedRectangle.__init__	4	kwargs	var_keyword	-	-
manimlib.mobject.geometry:Sector.__init__	0	self	positional_or_keyword	-	-
manimlib.mobject.geometry:Sector.__init__	1	angle	positional_or_keyword	float	TAU / 4
manimlib.mobject.geometry:Sector.__init__	2	radius	positional_or_keyword	float	1.0
manimlib.mobject.geometry:Sector.__init__	3	kwargs	var_keyword	-	-
manimlib.mobject.geometry:SmallDot.__init__	0	self	positional_or_keyword	-	-
manimlib.mobject.geometry:SmallDot.__init__	1	point	positional_or_keyword	Vect3	ORIGIN
manimlib.mobject.geometry:SmallDot.__init__	2	radius	positional_or_keyword	float	DEFAULT_SMALL_DOT_RADIUS
manimlib.mobject.geometry:SmallDot.__init__	3	kwargs	var_keyword	-	-
manimlib.mobject.geometry:Square.__init__	0	self	positional_or_keyword	-	-
manimlib.mobject.geometry:Square.__init__	1	side_length	positional_or_keyword	float	2.0
manimlib.mobject.geometry:Square.__init__	2	kwargs	var_keyword	-	-
manimlib.mobject.geometry:StrokeArrow.__init__	0	self	positional_or_keyword	-	-
manimlib.mobject.geometry:StrokeArrow.__init__	1	start	positional_or_keyword	Vect3 | Mobject	-
manimlib.mobject.geometry:StrokeArrow.__init__	2	end	positional_or_keyword	Vect3 | Mobject	-
manimlib.mobject.geometry:StrokeArrow.__init__	3	stroke_color	positional_or_keyword	ManimColor	DEFAULT_LIGHT_COLOR
manimlib.mobject.geometry:StrokeArrow.__init__	4	stroke_width	positional_or_keyword	float	5
manimlib.mobject.geometry:StrokeArrow.__init__	5	buff	positional_or_keyword	float	0.25
manimlib.mobject.geometry:StrokeArrow.__init__	6	tip_width_ratio	positional_or_keyword	float	5
manimlib.mobject.geometry:StrokeArrow.__init__	7	tip_len_to_width	positional_or_keyword	float	0.0075
manimlib.mobject.geometry:StrokeArrow.__init__	8	max_tip_length_to_length_ratio	positional_or_keyword	float	0.3
manimlib.mobject.geometry:StrokeArrow.__init__	9	max_width_to_length_ratio	positional_or_keyword	float	8.0
manimlib.mobject.geometry:StrokeArrow.__init__	10	kwargs	var_keyword	-	-
manimlib.mobject.geometry:StrokeArrow.create_tip_with_stroke_width	0	self	positional_or_keyword	-	-
manimlib.mobject.geometry:StrokeArrow.insert_tip_anchor	0	self	positional_or_keyword	-	-
manimlib.mobject.geometry:StrokeArrow.reset_tip	0	self	positional_or_keyword	-	-
manimlib.mobject.geometry:StrokeArrow.set_points_by_ends	0	self	positional_or_keyword	-	-
manimlib.mobject.geometry:StrokeArrow.set_points_by_ends	1	start	positional_or_keyword	Vect3	-
manimlib.mobject.geometry:StrokeArrow.set_points_by_ends	2	end	positional_or_keyword	Vect3	-
manimlib.mobject.geometry:StrokeArrow.set_points_by_ends	3	buff	positional_or_keyword	float	0
manimlib.mobject.geometry:StrokeArrow.set_points_by_ends	4	path_arc	positional_or_keyword	float	0
manimlib.mobject.geometry:StrokeArrow.set_stroke	0	self	positional_or_keyword	-	-
manimlib.mobject.geometry:StrokeArrow.set_stroke	1	color	positional_or_keyword	ManimColor | Iterable[ManimColor] | None	None
manimlib.mobject.geometry:StrokeArrow.set_stroke	2	width	positional_or_keyword	float | Iterable[float] | None	None
manimlib.mobject.geometry:StrokeArrow.set_stroke	3	args	var_positional	-	-
manimlib.mobject.geometry:StrokeArrow.set_stroke	4	kwargs	var_keyword	-	-
manimlib.mobject.geometry:TangentLine.__init__	0	self	positional_or_keyword	-	-
manimlib.mobject.geometry:TangentLine.__init__	1	vmob	positional_or_keyword	VMobject	-
manimlib.mobject.geometry:TangentLine.__init__	2	alpha	positional_or_keyword	float	-
manimlib.mobject.geometry:TangentLine.__init__	3	length	positional_or_keyword	float	2
manimlib.mobject.geometry:TangentLine.__init__	4	d_alpha	positional_or_keyword	float	1e-06
manimlib.mobject.geometry:TangentLine.__init__	5	kwargs	var_keyword	-	-
manimlib.mobject.geometry:TipableVMobject.add_tip	0	self	positional_or_keyword	-	-
manimlib.mobject.geometry:TipableVMobject.add_tip	1	at_start	positional_or_keyword	bool	False
manimlib.mobject.geometry:TipableVMobject.add_tip	2	kwargs	var_keyword	-	-
manimlib.mobject.geometry:TipableVMobject.asign_tip_attr	0	self	positional_or_keyword	-	-
manimlib.mobject.geometry:TipableVMobject.asign_tip_attr	1	tip	positional_or_keyword	ArrowTip	-
manimlib.mobject.geometry:TipableVMobject.asign_tip_attr	2	at_start	positional_or_keyword	bool	-
manimlib.mobject.geometry:TipableVMobject.create_tip	0	self	positional_or_keyword	-	-
manimlib.mobject.geometry:TipableVMobject.create_tip	1	at_start	positional_or_keyword	bool	False
manimlib.mobject.geometry:TipableVMobject.create_tip	2	kwargs	var_keyword	-	-
manimlib.mobject.geometry:TipableVMobject.get_default_tip_length	0	self	positional_or_keyword	-	-
manimlib.mobject.geometry:TipableVMobject.get_end	0	self	positional_or_keyword	-	-
manimlib.mobject.geometry:TipableVMobject.get_first_handle	0	self	positional_or_keyword	-	-
manimlib.mobject.geometry:TipableVMobject.get_last_handle	0	self	positional_or_keyword	-	-
manimlib.mobject.geometry:TipableVMobject.get_length	0	self	positional_or_keyword	-	-
manimlib.mobject.geometry:TipableVMobject.get_start	0	self	positional_or_keyword	-	-
manimlib.mobject.geometry:TipableVMobject.get_tip	0	self	positional_or_keyword	-	-
manimlib.mobject.geometry:TipableVMobject.get_tips	0	self	positional_or_keyword	-	-
manimlib.mobject.geometry:TipableVMobject.get_unpositioned_tip	0	self	positional_or_keyword	-	-
manimlib.mobject.geometry:TipableVMobject.get_unpositioned_tip	1	kwargs	var_keyword	-	-
manimlib.mobject.geometry:TipableVMobject.has_start_tip	0	self	positional_or_keyword	-	-
manimlib.mobject.geometry:TipableVMobject.has_tip	0	self	positional_or_keyword	-	-
manimlib.mobject.geometry:TipableVMobject.pop_tips	0	self	positional_or_keyword	-	-
manimlib.mobject.geometry:TipableVMobject.position_tip	0	self	positional_or_keyword	-	-
manimlib.mobject.geometry:TipableVMobject.position_tip	1	tip	positional_or_keyword	ArrowTip	-
manimlib.mobject.geometry:TipableVMobject.position_tip	2	at_start	positional_or_keyword	bool	False
manimlib.mobject.geometry:TipableVMobject.reset_endpoints_based_on_tip	0	self	positional_or_keyword	-	-
manimlib.mobject.geometry:TipableVMobject.reset_endpoints_based_on_tip	1	tip	positional_or_keyword	ArrowTip	-
manimlib.mobject.geometry:TipableVMobject.reset_endpoints_based_on_tip	2	at_start	positional_or_keyword	bool	-
manimlib.mobject.geometry:Triangle.__init__	0	self	positional_or_keyword	-	-
manimlib.mobject.geometry:Triangle.__init__	1	kwargs	var_keyword	-	-
manimlib.mobject.geometry:Vector.__init__	0	self	positional_or_keyword	-	-
manimlib.mobject.geometry:Vector.__init__	1	direction	positional_or_keyword	Vect3	RIGHT
manimlib.mobject.geometry:Vector.__init__	2	buff	positional_or_keyword	float	0.0
manimlib.mobject.geometry:Vector.__init__	3	kwargs	var_keyword	-	-
manimlib.mobject.interactive:Button.__init__	0	self	positional_or_keyword	-	-
manimlib.mobject.interactive:Button.__init__	1	mobject	positional_or_keyword	Mobject	-
manimlib.mobject.interactive:Button.__init__	2	on_click	positional_or_keyword	Callable[[Mobject]]	-
manimlib.mobject.interactive:Button.__init__	3	kwargs	var_keyword	-	-
manimlib.mobject.interactive:Button.mob_on_mouse_press	0	self	positional_or_keyword	-	-
manimlib.mobject.interactive:Button.mob_on_mouse_press	1	mob	positional_or_keyword	Mobject	-
manimlib.mobject.interactive:Button.mob_on_mouse_press	2	event_data	positional_or_keyword	-	-
manimlib.mobject.interactive:Checkbox.__init__	0	self	positional_or_keyword	-	-
manimlib.mobject.interactive:Checkbox.__init__	1	value	positional_or_keyword	bool	True
manimlib.mobject.interactive:Checkbox.__init__	2	value_type	positional_or_keyword	np.dtype	np.dtype(bool)
manimlib.mobject.interactive:Checkbox.__init__	3	rect_kwargs	positional_or_keyword	dict	{'width': 0.5, 'height': 0.5, 'fill_opacity': 0.0}
manimlib.mobject.interactive:Checkbox.__init__	4	checkmark_kwargs	positional_or_keyword	dict	{'stroke_color': GREEN, 'stroke_width': 6}
manimlib.mobject.interactive:Checkbox.__init__	5	cross_kwargs	positional_or_keyword	dict	{'stroke_color': RED, 'stroke_width': 6}
manimlib.mobject.interactive:Checkbox.__init__	6	box_content_buff	positional_or_keyword	float	SMALL_BUFF
manimlib.mobject.interactive:Checkbox.__init__	7	kwargs	var_keyword	-	-
manimlib.mobject.interactive:Checkbox.assert_value	0	self	positional_or_keyword	-	-
manimlib.mobject.interactive:Checkbox.assert_value	1	value	positional_or_keyword	bool	-
manimlib.mobject.interactive:Checkbox.get_checkmark	0	self	positional_or_keyword	-	-
manimlib.mobject.interactive:Checkbox.get_cross	0	self	positional_or_keyword	-	-
manimlib.mobject.interactive:Checkbox.on_mouse_press	0	self	positional_or_keyword	-	-
manimlib.mobject.interactive:Checkbox.on_mouse_press	1	mob	positional_or_keyword	Mobject	-
manimlib.mobject.interactive:Checkbox.on_mouse_press	2	event_data	positional_or_keyword	-	-
manimlib.mobject.interactive:Checkbox.set_value_anim	0	self	positional_or_keyword	-	-
manimlib.mobject.interactive:Checkbox.set_value_anim	1	value	positional_or_keyword	bool	-
manimlib.mobject.interactive:Checkbox.toggle_value	0	self	positional_or_keyword	-	-
manimlib.mobject.interactive:ColorSliders.__init__	0	self	positional_or_keyword	-	-
manimlib.mobject.interactive:ColorSliders.__init__	1	sliders_kwargs	positional_or_keyword	dict	{}
manimlib.mobject.interactive:ColorSliders.__init__	2	rect_kwargs	positional_or_keyword	dict	{'width': 2.0, 'height': 0.5, 'stroke_opacity': 1.0}
manimlib.mobject.interactive:ColorSliders.__init__	3	background_grid_kwargs	positional_or_keyword	dict	{'colors': [GREY_A, GREY_C], 'single_square_len': 0.1}
manimlib.mobject.interactive:ColorSliders.__init__	4	sliders_buff	positional_or_keyword	float	MED_LARGE_BUFF
manimlib.mobject.interactive:ColorSliders.__init__	5	default_rgb_value	positional_or_keyword	int	255
manimlib.mobject.interactive:ColorSliders.__init__	6	default_a_value	positional_or_keyword	int	1
manimlib.mobject.interactive:ColorSliders.__init__	7	kwargs	var_keyword	-	-
manimlib.mobject.interactive:ColorSliders.get_background	0	self	positional_or_keyword	-	-
manimlib.mobject.interactive:ColorSliders.get_picked_color	0	self	positional_or_keyword	-	-
manimlib.mobject.interactive:ColorSliders.get_picked_opacity	0	self	positional_or_keyword	-	-
manimlib.mobject.interactive:ColorSliders.get_value	0	self	positional_or_keyword	-	-
manimlib.mobject.interactive:ColorSliders.set_value	0	self	positional_or_keyword	-	-
manimlib.mobject.interactive:ColorSliders.set_value	1	r	positional_or_keyword	float	-
manimlib.mobject.interactive:ColorSliders.set_value	2	g	positional_or_keyword	float	-
manimlib.mobject.interactive:ColorSliders.set_value	3	b	positional_or_keyword	float	-
manimlib.mobject.interactive:ColorSliders.set_value	4	a	positional_or_keyword	float	-
manimlib.mobject.interactive:ControlMobject.__init__	0	self	positional_or_keyword	-	-
manimlib.mobject.interactive:ControlMobject.__init__	1	value	positional_or_keyword	float	-
manimlib.mobject.interactive:ControlMobject.__init__	2	mobjects	var_positional	Mobject	-
manimlib.mobject.interactive:ControlMobject.__init__	3	kwargs	var_keyword	-	-
manimlib.mobject.interactive:ControlMobject.assert_value	0	self	positional_or_keyword	-	-
manimlib.mobject.interactive:ControlMobject.assert_value	1	value	positional_or_keyword	-	-
manimlib.mobject.interactive:ControlMobject.set_value	0	self	positional_or_keyword	-	-
manimlib.mobject.interactive:ControlMobject.set_value	1	value	positional_or_keyword	float	-
manimlib.mobject.interactive:ControlMobject.set_value_anim	0	self	positional_or_keyword	-	-
manimlib.mobject.interactive:ControlMobject.set_value_anim	1	value	positional_or_keyword	-	-
manimlib.mobject.interactive:ControlPanel.__init__	0	self	positional_or_keyword	-	-
manimlib.mobject.interactive:ControlPanel.__init__	1	controls	var_positional	ControlMobject	-
manimlib.mobject.interactive:ControlPanel.__init__	2	panel_kwargs	keyword_only	dict	{'width': FRAME_WIDTH / 4, 'height': MED_SMALL_BUFF + FRAME_HEIGHT, 'fill_color': GREY_C, 'fill_opacity': 1.0, 'stroke_width': 0.0}
manimlib.mobject.interactive:ControlPanel.__init__	3	opener_kwargs	keyword_only	dict	{'width': FRAME_WIDTH / 8, 'height': 0.5, 'fill_color': GREY_C, 'fill_opacity': 1.0}
manimlib.mobject.interactive:ControlPanel.__init__	4	opener_text_kwargs	keyword_only	dict	{'text': 'Control Panel', 'font_size': 20}
manimlib.mobject.interactive:ControlPanel.__init__	5	kwargs	var_keyword	-	-
manimlib.mobject.interactive:ControlPanel.add_controls	0	self	positional_or_keyword	-	-
manimlib.mobject.interactive:ControlPanel.add_controls	1	new_controls	var_positional	ControlMobject	-
manimlib.mobject.interactive:ControlPanel.close_panel	0	self	positional_or_keyword	-	-
manimlib.mobject.interactive:ControlPanel.move_panel_and_controls_to_panel_opener	0	self	positional_or_keyword	-	-
manimlib.mobject.interactive:ControlPanel.open_panel	0	self	positional_or_keyword	-	-
manimlib.mobject.interactive:ControlPanel.panel_on_mouse_scroll	0	self	positional_or_keyword	-	-
manimlib.mobject.interactive:ControlPanel.panel_on_mouse_scroll	1	mob	positional_or_keyword	-	-
manimlib.mobject.interactive:ControlPanel.panel_on_mouse_scroll	2	event_data	positional_or_keyword	dict[str, np.ndarray]	-
manimlib.mobject.interactive:ControlPanel.panel_opener_on_mouse_drag	0	self	positional_or_keyword	-	-
manimlib.mobject.interactive:ControlPanel.panel_opener_on_mouse_drag	1	mob	positional_or_keyword	-	-
manimlib.mobject.interactive:ControlPanel.panel_opener_on_mouse_drag	2	event_data	positional_or_keyword	dict[str, np.ndarray]	-
manimlib.mobject.interactive:ControlPanel.remove_controls	0	self	positional_or_keyword	-	-
manimlib.mobject.interactive:ControlPanel.remove_controls	1	controls_to_remove	var_positional	ControlMobject	-
manimlib.mobject.interactive:EnableDisableButton.__init__	0	self	positional_or_keyword	-	-
manimlib.mobject.interactive:EnableDisableButton.__init__	1	value	positional_or_keyword	bool	True
manimlib.mobject.interactive:EnableDisableButton.__init__	2	value_type	positional_or_keyword	np.dtype	np.dtype(bool)
manimlib.mobject.interactive:EnableDisableButton.__init__	3	rect_kwargs	positional_or_keyword	dict	{'width': 0.5, 'height': 0.5, 'fill_opacity': 1.0}
manimlib.mobject.interactive:EnableDisableButton.__init__	4	enable_color	positional_or_keyword	ManimColor	GREEN
manimlib.mobject.interactive:EnableDisableButton.__init__	5	disable_color	positional_or_keyword	ManimColor	RED
manimlib.mobject.interactive:EnableDisableButton.__init__	6	kwargs	var_keyword	-	-
manimlib.mobject.interactive:EnableDisableButton.assert_value	0	self	positional_or_keyword	-	-
manimlib.mobject.interactive:EnableDisableButton.assert_value	1	value	positional_or_keyword	bool	-
manimlib.mobject.interactive:EnableDisableButton.on_mouse_press	0	self	positional_or_keyword	-	-
manimlib.mobject.interactive:EnableDisableButton.on_mouse_press	1	mob	positional_or_keyword	Mobject	-
manimlib.mobject.interactive:EnableDisableButton.on_mouse_press	2	event_data	positional_or_keyword	-	-
manimlib.mobject.interactive:EnableDisableButton.set_value_anim	0	self	positional_or_keyword	-	-
manimlib.mobject.interactive:EnableDisableButton.set_value_anim	1	value	positional_or_keyword	bool	-
manimlib.mobject.interactive:EnableDisableButton.toggle_value	0	self	positional_or_keyword	-	-
manimlib.mobject.interactive:LinearNumberSlider.__init__	0	self	positional_or_keyword	-	-
manimlib.mobject.interactive:LinearNumberSlider.__init__	1	value	positional_or_keyword	float	0
manimlib.mobject.interactive:LinearNumberSlider.__init__	2	value_type	positional_or_keyword	type	np.float64
manimlib.mobject.interactive:LinearNumberSlider.__init__	3	min_value	positional_or_keyword	float	-10.0
manimlib.mobject.interactive:LinearNumberSlider.__init__	4	max_value	positional_or_keyword	float	10.0
manimlib.mobject.interactive:LinearNumberSlider.__init__	5	step	positional_or_keyword	float	1.0
manimlib.mobject.interactive:LinearNumberSlider.__init__	6	rounded_rect_kwargs	positional_or_keyword	dict	{'height': 0.075, 'width': 2, 'corner_radius': 0.0375}
manimlib.mobject.interactive:LinearNumberSlider.__init__	7	circle_kwargs	positional_or_keyword	dict	{'radius': 0.1, 'stroke_color': GREY_A, 'fill_color': GREY_A, 'fill_opacity': 1.0}
manimlib.mobject.interactive:LinearNumberSlider.__init__	8	kwargs	var_keyword	-	-
manimlib.mobject.interactive:LinearNumberSlider.assert_value	0	self	positional_or_keyword	-	-
manimlib.mobject.interactive:LinearNumberSlider.assert_value	1	value	positional_or_keyword	float	-
manimlib.mobject.interactive:LinearNumberSlider.get_value_from_point	0	self	positional_or_keyword	-	-
manimlib.mobject.interactive:LinearNumberSlider.get_value_from_point	1	point	positional_or_keyword	np.ndarray	-
manimlib.mobject.interactive:LinearNumberSlider.set_value_anim	0	self	positional_or_keyword	-	-
manimlib.mobject.interactive:LinearNumberSlider.set_value_anim	1	value	positional_or_keyword	float	-
manimlib.mobject.interactive:LinearNumberSlider.slider_on_mouse_drag	0	self	positional_or_keyword	-	-
manimlib.mobject.interactive:LinearNumberSlider.slider_on_mouse_drag	1	mob	positional_or_keyword	-	-
manimlib.mobject.interactive:LinearNumberSlider.slider_on_mouse_drag	2	event_data	positional_or_keyword	dict[str, np.ndarray]	-
manimlib.mobject.interactive:MotionMobject.__init__	0	self	positional_or_keyword	-	-
manimlib.mobject.interactive:MotionMobject.__init__	1	mobject	positional_or_keyword	Mobject	-
manimlib.mobject.interactive:MotionMobject.__init__	2	kwargs	var_keyword	-	-
manimlib.mobject.interactive:MotionMobject.mob_on_mouse_drag	0	self	positional_or_keyword	-	-
manimlib.mobject.interactive:MotionMobject.mob_on_mouse_drag	1	mob	positional_or_keyword	Mobject	-
manimlib.mobject.interactive:MotionMobject.mob_on_mouse_drag	2	event_data	positional_or_keyword	dict[str, np.ndarray]	-
manimlib.mobject.interactive:Textbox.__init__	0	self	positional_or_keyword	-	-
manimlib.mobject.interactive:Textbox.__init__	1	value	positional_or_keyword	str	''
manimlib.mobject.interactive:Textbox.__init__	2	value_type	positional_or_keyword	np.dtype	np.dtype(object)
manimlib.mobject.interactive:Textbox.__init__	3	box_kwargs	positional_or_keyword	dict	{'width': 2.0, 'height': 1.0, 'fill_color': DEFAULT_MOBJECT_COLOR, 'fill_opacity': 1.0}
manimlib.mobject.interactive:Textbox.__init__	4	text_kwargs	positional_or_keyword	dict	{'color': BLUE}
manimlib.mobject.interactive:Textbox.__init__	5	text_buff	positional_or_keyword	float	MED_SMALL_BUFF
manimlib.mobject.interactive:Textbox.__init__	6	isInitiallyActive	positional_or_keyword	bool	False
manimlib.mobject.interactive:Textbox.__init__	7	active_color	positional_or_keyword	ManimColor	BLUE
manimlib.mobject.interactive:Textbox.__init__	8	deactive_color	positional_or_keyword	ManimColor	RED
manimlib.mobject.interactive:Textbox.__init__	9	kwargs	var_keyword	-	-
manimlib.mobject.interactive:Textbox.active_anim	0	self	positional_or_keyword	-	-
manimlib.mobject.interactive:Textbox.active_anim	1	isActive	positional_or_keyword	bool	-
manimlib.mobject.interactive:Textbox.box_on_mouse_press	0	self	positional_or_keyword	-	-
manimlib.mobject.interactive:Textbox.box_on_mouse_press	1	mob	positional_or_keyword	-	-
manimlib.mobject.interactive:Textbox.box_on_mouse_press	2	event_data	positional_or_keyword	-	-
manimlib.mobject.interactive:Textbox.on_key_press	0	self	positional_or_keyword	-	-
manimlib.mobject.interactive:Textbox.on_key_press	1	mob	positional_or_keyword	Mobject	-
manimlib.mobject.interactive:Textbox.on_key_press	2	event_data	positional_or_keyword	dict[str, int]	-
manimlib.mobject.interactive:Textbox.set_value_anim	0	self	positional_or_keyword	-	-
manimlib.mobject.interactive:Textbox.set_value_anim	1	value	positional_or_keyword	str	-
manimlib.mobject.interactive:Textbox.update_text	0	self	positional_or_keyword	-	-
manimlib.mobject.interactive:Textbox.update_text	1	value	positional_or_keyword	str	-
manimlib.mobject.matrix:DecimalMatrix.__init__	0	self	positional_or_keyword	-	-
manimlib.mobject.matrix:DecimalMatrix.__init__	1	matrix	positional_or_keyword	FloatMatrixType	-
manimlib.mobject.matrix:DecimalMatrix.__init__	2	num_decimal_places	positional_or_keyword	int	2
manimlib.mobject.matrix:DecimalMatrix.__init__	3	decimal_config	positional_or_keyword	dict	dict()
manimlib.mobject.matrix:DecimalMatrix.__init__	4	config	var_keyword	-	-
manimlib.mobject.matrix:DecimalMatrix.element_to_mobject	0	self	positional_or_keyword	-	-
manimlib.mobject.matrix:DecimalMatrix.element_to_mobject	1	element	positional_or_keyword	-	-
manimlib.mobject.matrix:DecimalMatrix.element_to_mobject	2	decimal_config	var_keyword	-	-
manimlib.mobject.matrix:IntegerMatrix.__init__	0	self	positional_or_keyword	-	-
manimlib.mobject.matrix:IntegerMatrix.__init__	1	matrix	positional_or_keyword	FloatMatrixType	-
manimlib.mobject.matrix:IntegerMatrix.__init__	2	num_decimal_places	positional_or_keyword	int	0
manimlib.mobject.matrix:IntegerMatrix.__init__	3	decimal_config	positional_or_keyword	dict	dict()
manimlib.mobject.matrix:IntegerMatrix.__init__	4	config	var_keyword	-	-
manimlib.mobject.matrix:Matrix.__init__	0	self	positional_or_keyword	-	-
manimlib.mobject.matrix:Matrix.__init__	1	matrix	positional_or_keyword	GenericMatrixType	-
manimlib.mobject.matrix:Matrix.__init__	2	v_buff	positional_or_keyword	float	0.5
manimlib.mobject.matrix:Matrix.__init__	3	h_buff	positional_or_keyword	float	0.5
manimlib.mobject.matrix:Matrix.__init__	4	bracket_h_buff	positional_or_keyword	float	0.2
manimlib.mobject.matrix:Matrix.__init__	5	bracket_v_buff	positional_or_keyword	float	0.25
manimlib.mobject.matrix:Matrix.__init__	6	height	positional_or_keyword	float | None	None
manimlib.mobject.matrix:Matrix.__init__	7	element_config	positional_or_keyword	dict	dict()
manimlib.mobject.matrix:Matrix.__init__	8	element_alignment_corner	positional_or_keyword	Vect3	DOWN
manimlib.mobject.matrix:Matrix.__init__	9	ellipses_row	positional_or_keyword	Optional[int]	None
manimlib.mobject.matrix:Matrix.__init__	10	ellipses_col	positional_or_keyword	Optional[int]	None
manimlib.mobject.matrix:Matrix.add_background_to_entries	0	self	positional_or_keyword	-	-
manimlib.mobject.matrix:Matrix.copy	0	self	positional_or_keyword	-	-
manimlib.mobject.matrix:Matrix.copy	1	deep	positional_or_keyword	bool	False
manimlib.mobject.matrix:Matrix.create_brackets	0	self	positional_or_keyword	-	-
manimlib.mobject.matrix:Matrix.create_brackets	1	rows	positional_or_keyword	-	-
manimlib.mobject.matrix:Matrix.create_brackets	2	v_buff	positional_or_keyword	float	-
manimlib.mobject.matrix:Matrix.create_brackets	3	h_buff	positional_or_keyword	float	-
manimlib.mobject.matrix:Matrix.create_mobject_matrix	0	self	positional_or_keyword	-	-
manimlib.mobject.matrix:Matrix.create_mobject_matrix	1	matrix	positional_or_keyword	GenericMatrixType	-
manimlib.mobject.matrix:Matrix.create_mobject_matrix	2	v_buff	positional_or_keyword	float	-
manimlib.mobject.matrix:Matrix.create_mobject_matrix	3	h_buff	positional_or_keyword	float	-
manimlib.mobject.matrix:Matrix.create_mobject_matrix	4	aligned_corner	positional_or_keyword	Vect3	-
manimlib.mobject.matrix:Matrix.create_mobject_matrix	5	element_config	var_keyword	-	-
manimlib.mobject.matrix:Matrix.element_to_mobject	0	self	positional_or_keyword	-	-
manimlib.mobject.matrix:Matrix.element_to_mobject	1	element	positional_or_keyword	-	-
manimlib.mobject.matrix:Matrix.element_to_mobject	2	config	var_keyword	-	-
manimlib.mobject.matrix:Matrix.get_brackets	0	self	positional_or_keyword	-	-
manimlib.mobject.matrix:Matrix.get_column	0	self	positional_or_keyword	-	-
manimlib.mobject.matrix:Matrix.get_column	1	index	positional_or_keyword	int	-
manimlib.mobject.matrix:Matrix.get_columns	0	self	positional_or_keyword	-	-
manimlib.mobject.matrix:Matrix.get_ellipses	0	self	positional_or_keyword	-	-
manimlib.mobject.matrix:Matrix.get_entries	0	self	positional_or_keyword	-	-
manimlib.mobject.matrix:Matrix.get_mob_matrix	0	self	positional_or_keyword	-	-
manimlib.mobject.matrix:Matrix.get_row	0	self	positional_or_keyword	-	-
manimlib.mobject.matrix:Matrix.get_row	1	index	positional_or_keyword	int	-
manimlib.mobject.matrix:Matrix.get_rows	0	self	positional_or_keyword	-	-
manimlib.mobject.matrix:Matrix.set_column_colors	0	self	positional_or_keyword	-	-
manimlib.mobject.matrix:Matrix.set_column_colors	1	colors	var_positional	ManimColor	-
manimlib.mobject.matrix:Matrix.swap_entries_for_ellipses	0	self	positional_or_keyword	-	-
manimlib.mobject.matrix:Matrix.swap_entries_for_ellipses	1	row_index	positional_or_keyword	Optional[int]	None
manimlib.mobject.matrix:Matrix.swap_entries_for_ellipses	2	col_index	positional_or_keyword	Optional[int]	None
manimlib.mobject.matrix:Matrix.swap_entries_for_ellipses	3	height_ratio	positional_or_keyword	float	0.65
manimlib.mobject.matrix:Matrix.swap_entries_for_ellipses	4	width_ratio	positional_or_keyword	float	0.4
manimlib.mobject.matrix:Matrix.swap_entry_for_dots	0	self	positional_or_keyword	-	-
manimlib.mobject.matrix:Matrix.swap_entry_for_dots	1	entry	positional_or_keyword	-	-
manimlib.mobject.matrix:Matrix.swap_entry_for_dots	2	dots	positional_or_keyword	-	-
manimlib.mobject.matrix:MobjectMatrix.__init__	0	self	positional_or_keyword	-	-
manimlib.mobject.matrix:MobjectMatrix.__init__	1	group	positional_or_keyword	VGroup	-
manimlib.mobject.matrix:MobjectMatrix.__init__	2	n_rows	positional_or_keyword	int | None	None
manimlib.mobject.matrix:MobjectMatrix.__init__	3	n_cols	positional_or_keyword	int | None	None
manimlib.mobject.matrix:MobjectMatrix.__init__	4	height	positional_or_keyword	float	4.0
manimlib.mobject.matrix:MobjectMatrix.__init__	5	element_alignment_corner	positional_or_keyword	-	ORIGIN
manimlib.mobject.matrix:MobjectMatrix.__init__	6	config	var_keyword	-	-
manimlib.mobject.matrix:MobjectMatrix.element_to_mobject	0	self	positional_or_keyword	-	-
manimlib.mobject.matrix:MobjectMatrix.element_to_mobject	1	element	positional_or_keyword	VMobject	-
manimlib.mobject.matrix:MobjectMatrix.element_to_mobject	2	config	var_keyword	-	-
manimlib.mobject.matrix:TexMatrix.__init__	0	self	positional_or_keyword	-	-
manimlib.mobject.matrix:TexMatrix.__init__	1	matrix	positional_or_keyword	StringMatrixType	-
manimlib.mobject.matrix:TexMatrix.__init__	2	tex_config	positional_or_keyword	dict	dict()
manimlib.mobject.matrix:TexMatrix.__init__	3	config	var_keyword	-	-
manimlib.mobject.mobject:Group.__init__	0	self	positional_or_keyword	-	-
manimlib.mobject.mobject:Group.__init__	1	mobjects	var_positional	SubmobjectType | Iterable[SubmobjectType]	-
manimlib.mobject.mobject:Group.__init__	2	kwargs	var_keyword	-	-
manimlib.mobject.mobject:Mobject.__init__	0	self	positional_or_keyword	-	-
manimlib.mobject.mobject:Mobject.__init__	1	color	positional_or_keyword	ManimColor	DEFAULT_MOBJECT_COLOR
manimlib.mobject.mobject:Mobject.__init__	2	opacity	positional_or_keyword	float	1.0
manimlib.mobject.mobject:Mobject.__init__	3	shading	positional_or_keyword	Tuple[float, float, float]	(0.0, 0.0, 0.0)
manimlib.mobject.mobject:Mobject.__init__	4	texture_paths	positional_or_keyword	dict[str, str] | None	None
manimlib.mobject.mobject:Mobject.__init__	5	is_fixed_in_frame	positional_or_keyword	bool	False
manimlib.mobject.mobject:Mobject.__init__	6	depth_test	positional_or_keyword	bool	False
manimlib.mobject.mobject:Mobject.__init__	7	z_index	positional_or_keyword	int	0
manimlib.mobject.mobject:Mobject.add	0	self	positional_or_keyword	-	-
manimlib.mobject.mobject:Mobject.add	1	mobjects	var_positional	Mobject	-
manimlib.mobject.mobject:Mobject.add_background_rectangle	0	self	positional_or_keyword	-	-
manimlib.mobject.mobject:Mobject.add_background_rectangle	1	color	positional_or_keyword	ManimColor | None	None
manimlib.mobject.mobject:Mobject.add_background_rectangle	2	opacity	positional_or_keyword	float	1.0
manimlib.mobject.mobject:Mobject.add_background_rectangle	3	kwargs	var_keyword	-	-
manimlib.mobject.mobject:Mobject.add_background_rectangle_to_family_members_with_points	0	self	positional_or_keyword	-	-
manimlib.mobject.mobject:Mobject.add_background_rectangle_to_family_members_with_points	1	kwargs	var_keyword	-	-
manimlib.mobject.mobject:Mobject.add_background_rectangle_to_submobjects	0	self	positional_or_keyword	-	-
manimlib.mobject.mobject:Mobject.add_background_rectangle_to_submobjects	1	kwargs	var_keyword	-	-
manimlib.mobject.mobject:Mobject.add_event_listner	0	self	positional_or_keyword	-	-
manimlib.mobject.mobject:Mobject.add_event_listner	1	event_type	positional_or_keyword	EventType	-
manimlib.mobject.mobject:Mobject.add_event_listner	2	event_callback	positional_or_keyword	Callable[[Mobject, dict[str]]]	-
manimlib.mobject.mobject:Mobject.add_key_press_listner	0	self	positional_or_keyword	-	-
manimlib.mobject.mobject:Mobject.add_key_press_listner	1	callback	positional_or_keyword	-	-
manimlib.mobject.mobject:Mobject.add_key_release_listner	0	self	positional_or_keyword	-	-
manimlib.mobject.mobject:Mobject.add_key_release_listner	1	callback	positional_or_keyword	-	-
manimlib.mobject.mobject:Mobject.add_mouse_drag_listner	0	self	positional_or_keyword	-	-
manimlib.mobject.mobject:Mobject.add_mouse_drag_listner	1	callback	positional_or_keyword	-	-
manimlib.mobject.mobject:Mobject.add_mouse_motion_listner	0	self	positional_or_keyword	-	-
manimlib.mobject.mobject:Mobject.add_mouse_motion_listner	1	callback	positional_or_keyword	-	-
manimlib.mobject.mobject:Mobject.add_mouse_press_listner	0	self	positional_or_keyword	-	-
manimlib.mobject.mobject:Mobject.add_mouse_press_listner	1	callback	positional_or_keyword	-	-
manimlib.mobject.mobject:Mobject.add_mouse_release_listner	0	self	positional_or_keyword	-	-
manimlib.mobject.mobject:Mobject.add_mouse_release_listner	1	callback	positional_or_keyword	-	-
manimlib.mobject.mobject:Mobject.add_mouse_scroll_listner	0	self	positional_or_keyword	-	-
manimlib.mobject.mobject:Mobject.add_mouse_scroll_listner	1	callback	positional_or_keyword	-	-
manimlib.mobject.mobject:Mobject.add_n_more_submobjects	0	self	positional_or_keyword	-	-
manimlib.mobject.mobject:Mobject.add_n_more_submobjects	1	n	positional_or_keyword	int	-
manimlib.mobject.mobject:Mobject.add_to_back	0	self	positional_or_keyword	-	-
manimlib.mobject.mobject:Mobject.add_to_back	1	mobjects	var_positional	Mobject	-
manimlib.mobject.mobject:Mobject.add_updater	0	self	positional_or_keyword	-	-
manimlib.mobject.mobject:Mobject.add_updater	1	update_func	positional_or_keyword	Updater	-
manimlib.mobject.mobject:Mobject.add_updater	2	call	positional_or_keyword	bool	True
manimlib.mobject.mobject:Mobject.affects_data	0	func	positional_or_keyword	Callable[..., T]	-
manimlib.mobject.mobject:Mobject.affects_family_data	0	func	positional_or_keyword	Callable[..., T]	-
manimlib.mobject.mobject:Mobject.affects_shader_info_id	0	func	positional_or_keyword	Callable[..., T]	-
manimlib.mobject.mobject:Mobject.align_data	0	self	positional_or_keyword	-	-
manimlib.mobject.mobject:Mobject.align_data	1	mobject	positional_or_keyword	Mobject	-
manimlib.mobject.mobject:Mobject.align_data_and_family	0	self	positional_or_keyword	-	-
manimlib.mobject.mobject:Mobject.align_data_and_family	1	mobject	positional_or_keyword	Mobject	-
manimlib.mobject.mobject:Mobject.align_family	0	self	positional_or_keyword	-	-
manimlib.mobject.mobject:Mobject.align_family	1	mobject	positional_or_keyword	Mobject	-
manimlib.mobject.mobject:Mobject.align_on_border	0	self	positional_or_keyword	-	-
manimlib.mobject.mobject:Mobject.align_on_border	1	direction	positional_or_keyword	Vect3	-
manimlib.mobject.mobject:Mobject.align_on_border	2	buff	positional_or_keyword	float	DEFAULT_MOBJECT_TO_EDGE_BUFF
manimlib.mobject.mobject:Mobject.align_points	0	self	positional_or_keyword	-	-
manimlib.mobject.mobject:Mobject.align_points	1	mobject	positional_or_keyword	Mobject	-
manimlib.mobject.mobject:Mobject.align_to	0	self	positional_or_keyword	-	-
manimlib.mobject.mobject:Mobject.align_to	1	mobject_or_point	positional_or_keyword	Mobject | Vect3	-
manimlib.mobject.mobject:Mobject.align_to	2	direction	positional_or_keyword	Vect3	ORIGIN
manimlib.mobject.mobject:Mobject.always	0	self	positional_or_keyword	-	-
manimlib.mobject.mobject:Mobject.animate	0	self	positional_or_keyword	-	-
manimlib.mobject.mobject:Mobject.append_points	0	self	positional_or_keyword	-	-
manimlib.mobject.mobject:Mobject.append_points	1	new_points	positional_or_keyword	Vect3Array	-
manimlib.mobject.mobject:Mobject.apply_complex_function	0	self	positional_or_keyword	-	-
manimlib.mobject.mobject:Mobject.apply_complex_function	1	function	positional_or_keyword	Callable[[complex], complex]	-
manimlib.mobject.mobject:Mobject.apply_complex_function	2	kwargs	var_keyword	-	-
manimlib.mobject.mobject:Mobject.apply_depth_test	0	self	positional_or_keyword	-	-
manimlib.mobject.mobject:Mobject.apply_depth_test	1	recurse	positional_or_keyword	bool	True
manimlib.mobject.mobject:Mobject.apply_function	0	self	positional_or_keyword	-	-
manimlib.mobject.mobject:Mobject.apply_function	1	function	positional_or_keyword	Callable[[np.ndarray], np.ndarray]	-
manimlib.mobject.mobject:Mobject.apply_function	2	kwargs	var_keyword	-	-
manimlib.mobject.mobject:Mobject.apply_function_to_position	0	self	positional_or_keyword	-	-
manimlib.mobject.mobject:Mobject.apply_function_to_position	1	function	positional_or_keyword	Callable[[np.ndarray], np.ndarray]	-
manimlib.mobject.mobject:Mobject.apply_function_to_submobject_positions	0	self	positional_or_keyword	-	-
manimlib.mobject.mobject:Mobject.apply_function_to_submobject_positions	1	function	positional_or_keyword	Callable[[np.ndarray], np.ndarray]	-
manimlib.mobject.mobject:Mobject.apply_matrix	0	self	positional_or_keyword	-	-
manimlib.mobject.mobject:Mobject.apply_matrix	1	matrix	positional_or_keyword	npt.ArrayLike	-
manimlib.mobject.mobject:Mobject.apply_matrix	2	kwargs	var_keyword	-	-
manimlib.mobject.mobject:Mobject.apply_points_function	0	self	positional_or_keyword	-	-
manimlib.mobject.mobject:Mobject.apply_points_function	1	func	positional_or_keyword	Callable[[np.ndarray], np.ndarray]	-
manimlib.mobject.mobject:Mobject.apply_points_function	2	about_point	positional_or_keyword	Vect3 | None	None
manimlib.mobject.mobject:Mobject.apply_points_function	3	about_edge	positional_or_keyword	Vect3	ORIGIN
manimlib.mobject.mobject:Mobject.apply_points_function	4	works_on_bounding_box	positional_or_keyword	bool	False
manimlib.mobject.mobject:Mobject.are_points_touching	0	self	positional_or_keyword	-	-
manimlib.mobject.mobject:Mobject.are_points_touching	1	points	positional_or_keyword	Vect3Array	-
manimlib.mobject.mobject:Mobject.are_points_touching	2	buff	positional_or_keyword	float	0
manimlib.mobject.mobject:Mobject.arrange	0	self	positional_or_keyword	-	-
manimlib.mobject.mobject:Mobject.arrange	1	direction	positional_or_keyword	Vect3	RIGHT
manimlib.mobject.mobject:Mobject.arrange	2	center	positional_or_keyword	bool	True
manimlib.mobject.mobject:Mobject.arrange	3	kwargs	var_keyword	-	-
manimlib.mobject.mobject:Mobject.arrange_in_grid	0	self	positional_or_keyword	-	-
manimlib.mobject.mobject:Mobject.arrange_in_grid	1	n_rows	positional_or_keyword	int | None	None
manimlib.mobject.mobject:Mobject.arrange_in_grid	2	n_cols	positional_or_keyword	int | None	None
manimlib.mobject.mobject:Mobject.arrange_in_grid	3	buff	positional_or_keyword	float | None	None
manimlib.mobject.mobject:Mobject.arrange_in_grid	4	h_buff	positional_or_keyword	float | None	None
manimlib.mobject.mobject:Mobject.arrange_in_grid	5	v_buff	positional_or_keyword	float | None	None
manimlib.mobject.mobject:Mobject.arrange_in_grid	6	buff_ratio	positional_or_keyword	float | None	None
manimlib.mobject.mobject:Mobject.arrange_in_grid	7	h_buff_ratio	positional_or_keyword	float	0.5
manimlib.mobject.mobject:Mobject.arrange_in_grid	8	v_buff_ratio	positional_or_keyword	float	0.5
manimlib.mobject.mobject:Mobject.arrange_in_grid	9	aligned_edge	positional_or_keyword	Vect3	ORIGIN
manimlib.mobject.mobject:Mobject.arrange_in_grid	10	fill_rows_first	positional_or_keyword	bool	True
manimlib.mobject.mobject:Mobject.arrange_to_fit_depth	0	self	positional_or_keyword	-	-
manimlib.mobject.mobject:Mobject.arrange_to_fit_depth	1	depth	positional_or_keyword	float	-
manimlib.mobject.mobject:Mobject.arrange_to_fit_depth	2	about_edge	positional_or_keyword	-	ORIGIN
manimlib.mobject.mobject:Mobject.arrange_to_fit_dim	0	self	positional_or_keyword	-	-
manimlib.mobject.mobject:Mobject.arrange_to_fit_dim	1	length	positional_or_keyword	float	-
manimlib.mobject.mobject:Mobject.arrange_to_fit_dim	2	dim	positional_or_keyword	int	-
manimlib.mobject.mobject:Mobject.arrange_to_fit_dim	3	about_edge	positional_or_keyword	-	ORIGIN
manimlib.mobject.mobject:Mobject.arrange_to_fit_height	0	self	positional_or_keyword	-	-
manimlib.mobject.mobject:Mobject.arrange_to_fit_height	1	height	positional_or_keyword	float	-
manimlib.mobject.mobject:Mobject.arrange_to_fit_height	2	about_edge	positional_or_keyword	-	ORIGIN
manimlib.mobject.mobject:Mobject.arrange_to_fit_width	0	self	positional_or_keyword	-	-
manimlib.mobject.mobject:Mobject.arrange_to_fit_width	1	width	positional_or_keyword	float	-
manimlib.mobject.mobject:Mobject.arrange_to_fit_width	2	about_edge	positional_or_keyword	-	ORIGIN
manimlib.mobject.mobject:Mobject.become	0	self	positional_or_keyword	-	-
manimlib.mobject.mobject:Mobject.become	1	mobject	positional_or_keyword	Mobject	-
manimlib.mobject.mobject:Mobject.become	2	match_updaters	positional_or_keyword	-	False
manimlib.mobject.mobject:Mobject.center	0	self	positional_or_keyword	-	-
manimlib.mobject.mobject:Mobject.clear	0	self	positional_or_keyword	-	-
manimlib.mobject.mobject:Mobject.clear_event_listners	0	self	positional_or_keyword	-	-
manimlib.mobject.mobject:Mobject.clear_event_listners	1	recurse	positional_or_keyword	bool	True
manimlib.mobject.mobject:Mobject.clear_points	0	self	positional_or_keyword	-	-
manimlib.mobject.mobject:Mobject.clear_updaters	0	self	positional_or_keyword	-	-
manimlib.mobject.mobject:Mobject.clear_updaters	1	recurse	positional_or_keyword	bool	True
manimlib.mobject.mobject:Mobject.clip_to_box	0	self	positional_or_keyword	-	-
manimlib.mobject.mobject:Mobject.clip_to_box	1	box	positional_or_keyword	Mobject	-
manimlib.mobject.mobject:Mobject.clip_to_box	2	recurse	positional_or_keyword	-	True
manimlib.mobject.mobject:Mobject.compute_bounding_box	0	self	positional_or_keyword	-	-
manimlib.mobject.mobject:Mobject.copy	0	self	positional_or_keyword	-	-
manimlib.mobject.mobject:Mobject.copy	1	deep	positional_or_keyword	bool	False
manimlib.mobject.mobject:Mobject.deactivate_clip_plane	0	self	positional_or_keyword	-	-
manimlib.mobject.mobject:Mobject.deactivate_clip_plane	1	recurse	positional_or_keyword	-	True
manimlib.mobject.mobject:Mobject.deactivate_depth_test	0	self	positional_or_keyword	-	-
manimlib.mobject.mobject:Mobject.deactivate_depth_test	1	recurse	positional_or_keyword	bool	True
manimlib.mobject.mobject:Mobject.deepcopy	0	self	positional_or_keyword	-	-
manimlib.mobject.mobject:Mobject.deserialize	0	self	positional_or_keyword	-	-
manimlib.mobject.mobject:Mobject.deserialize	1	data	positional_or_keyword	bytes	-
manimlib.mobject.mobject:Mobject.digest_mobject_attrs	0	self	positional_or_keyword	-	-
manimlib.mobject.mobject:Mobject.f_always	0	self	positional_or_keyword	-	-
manimlib.mobject.mobject:Mobject.fade	0	self	positional_or_keyword	-	-
manimlib.mobject.mobject:Mobject.fade	1	darkness	positional_or_keyword	float	0.5
manimlib.mobject.mobject:Mobject.fade	2	recurse	positional_or_keyword	bool	True
manimlib.mobject.mobject:Mobject.family_members_with_points	0	self	positional_or_keyword	-	-
manimlib.mobject.mobject:Mobject.fix_in_frame	0	self	positional_or_keyword	-	-
manimlib.mobject.mobject:Mobject.fix_in_frame	1	recurse	positional_or_keyword	bool	True
manimlib.mobject.mobject:Mobject.flip	0	self	positional_or_keyword	-	-
manimlib.mobject.mobject:Mobject.flip	1	axis	positional_or_keyword	Vect3	UP
manimlib.mobject.mobject:Mobject.flip	2	kwargs	var_keyword	-	-
manimlib.mobject.mobject:Mobject.generate_target	0	self	positional_or_keyword	-	-
manimlib.mobject.mobject:Mobject.generate_target	1	use_deepcopy	positional_or_keyword	bool	False
manimlib.mobject.mobject:Mobject.get_all_corners	0	self	positional_or_keyword	-	-
manimlib.mobject.mobject:Mobject.get_all_points	0	self	positional_or_keyword	-	-
manimlib.mobject.mobject:Mobject.get_ancestors	0	self	positional_or_keyword	-	-
manimlib.mobject.mobject:Mobject.get_ancestors	1	extended	positional_or_keyword	bool	False
manimlib.mobject.mobject:Mobject.get_bottom	0	self	positional_or_keyword	-	-
manimlib.mobject.mobject:Mobject.get_boundary_point	0	self	positional_or_keyword	-	-
manimlib.mobject.mobject:Mobject.get_boundary_point	1	direction	positional_or_keyword	Vect3	-
manimlib.mobject.mobject:Mobject.get_bounding_box	0	self	positional_or_keyword	-	-
manimlib.mobject.mobject:Mobject.get_bounding_box_point	0	self	positional_or_keyword	-	-
manimlib.mobject.mobject:Mobject.get_bounding_box_point	1	direction	positional_or_keyword	Vect3	-
manimlib.mobject.mobject:Mobject.get_center	0	self	positional_or_keyword	-	-
manimlib.mobject.mobject:Mobject.get_center_of_mass	0	self	positional_or_keyword	-	-
manimlib.mobject.mobject:Mobject.get_color	0	self	positional_or_keyword	-	-
manimlib.mobject.mobject:Mobject.get_continuous_bounding_box_point	0	self	positional_or_keyword	-	-
manimlib.mobject.mobject:Mobject.get_continuous_bounding_box_point	1	direction	positional_or_keyword	Vect3	-
manimlib.mobject.mobject:Mobject.get_coord	0	self	positional_or_keyword	-	-
manimlib.mobject.mobject:Mobject.get_coord	1	dim	positional_or_keyword	int	-
manimlib.mobject.mobject:Mobject.get_coord	2	direction	positional_or_keyword	Vect3	ORIGIN
manimlib.mobject.mobject:Mobject.get_corner	0	self	positional_or_keyword	-	-
manimlib.mobject.mobject:Mobject.get_corner	1	direction	positional_or_keyword	Vect3	-
manimlib.mobject.mobject:Mobject.get_depth	0	self	positional_or_keyword	-	-
manimlib.mobject.mobject:Mobject.get_edge_center	0	self	positional_or_keyword	-	-
manimlib.mobject.mobject:Mobject.get_edge_center	1	direction	positional_or_keyword	Vect3	-
manimlib.mobject.mobject:Mobject.get_end	0	self	positional_or_keyword	-	-
manimlib.mobject.mobject:Mobject.get_event_listners	0	self	positional_or_keyword	-	-
manimlib.mobject.mobject:Mobject.get_family	0	self	positional_or_keyword	-	-
manimlib.mobject.mobject:Mobject.get_family	1	recurse	positional_or_keyword	bool	True
manimlib.mobject.mobject:Mobject.get_family_event_listners	0	self	positional_or_keyword	-	-
manimlib.mobject.mobject:Mobject.get_gloss	0	self	positional_or_keyword	-	-
manimlib.mobject.mobject:Mobject.get_grid	0	self	positional_or_keyword	-	-
manimlib.mobject.mobject:Mobject.get_grid	1	n_rows	positional_or_keyword	int	-
manimlib.mobject.mobject:Mobject.get_grid	2	n_cols	positional_or_keyword	int	-
manimlib.mobject.mobject:Mobject.get_grid	3	height	positional_or_keyword	float | None	None
manimlib.mobject.mobject:Mobject.get_grid	4	width	positional_or_keyword	float | None	None
manimlib.mobject.mobject:Mobject.get_grid	5	group_by_rows	positional_or_keyword	bool	False
manimlib.mobject.mobject:Mobject.get_grid	6	group_by_cols	positional_or_keyword	bool	False
manimlib.mobject.mobject:Mobject.get_grid	7	kwargs	var_keyword	-	-
manimlib.mobject.mobject:Mobject.get_group_class	0	self	positional_or_keyword	-	-
manimlib.mobject.mobject:Mobject.get_has_event_listner	0	self	positional_or_keyword	-	-
manimlib.mobject.mobject:Mobject.get_height	0	self	positional_or_keyword	-	-
manimlib.mobject.mobject:Mobject.get_left	0	self	positional_or_keyword	-	-
manimlib.mobject.mobject:Mobject.get_nadir	0	self	positional_or_keyword	-	-
manimlib.mobject.mobject:Mobject.get_num_points	0	self	positional_or_keyword	-	-
manimlib.mobject.mobject:Mobject.get_opacities	0	self	positional_or_keyword	-	-
manimlib.mobject.mobject:Mobject.get_opacity	0	self	positional_or_keyword	-	-
manimlib.mobject.mobject:Mobject.get_pieces	0	self	positional_or_keyword	-	-
manimlib.mobject.mobject:Mobject.get_pieces	1	n_pieces	positional_or_keyword	int	-
manimlib.mobject.mobject:Mobject.get_points	0	self	positional_or_keyword	-	-
manimlib.mobject.mobject:Mobject.get_reflectiveness	0	self	positional_or_keyword	-	-
manimlib.mobject.mobject:Mobject.get_right	0	self	positional_or_keyword	-	-
manimlib.mobject.mobject:Mobject.get_shader_data	0	self	positional_or_keyword	-	-
manimlib.mobject.mobject:Mobject.get_shader_vert_indices	0	self	positional_or_keyword	-	-
manimlib.mobject.mobject:Mobject.get_shader_wrapper	0	self	positional_or_keyword	-	-
manimlib.mobject.mobject:Mobject.get_shader_wrapper	1	ctx	positional_or_keyword	Context	-
manimlib.mobject.mobject:Mobject.get_shader_wrapper_list	0	self	positional_or_keyword	-	-
manimlib.mobject.mobject:Mobject.get_shader_wrapper_list	1	ctx	positional_or_keyword	Context	-
manimlib.mobject.mobject:Mobject.get_shading	0	self	positional_or_keyword	-	-
manimlib.mobject.mobject:Mobject.get_shadow	0	self	positional_or_keyword	-	-
manimlib.mobject.mobject:Mobject.get_shape	0	self	positional_or_keyword	-	-
manimlib.mobject.mobject:Mobject.get_start	0	self	positional_or_keyword	-	-
manimlib.mobject.mobject:Mobject.get_start_and_end	0	self	positional_or_keyword	-	-
manimlib.mobject.mobject:Mobject.get_top	0	self	positional_or_keyword	-	-
manimlib.mobject.mobject:Mobject.get_uniforms	0	self	positional_or_keyword	-	-
manimlib.mobject.mobject:Mobject.get_updaters	0	self	positional_or_keyword	-	-
manimlib.mobject.mobject:Mobject.get_width	0	self	positional_or_keyword	-	-
manimlib.mobject.mobject:Mobject.get_x	0	self	positional_or_keyword	-	-
manimlib.mobject.mobject:Mobject.get_x	1	direction	positional_or_keyword	-	ORIGIN
manimlib.mobject.mobject:Mobject.get_y	0	self	positional_or_keyword	-	-
manimlib.mobject.mobject:Mobject.get_y	1	direction	positional_or_keyword	-	ORIGIN
manimlib.mobject.mobject:Mobject.get_z	0	self	positional_or_keyword	-	-
manimlib.mobject.mobject:Mobject.get_z	1	direction	positional_or_keyword	-	ORIGIN
manimlib.mobject.mobject:Mobject.get_z_index_reference_point	0	self	positional_or_keyword	-	-
manimlib.mobject.mobject:Mobject.get_zenith	0	self	positional_or_keyword	-	-
manimlib.mobject.mobject:Mobject.has_points	0	self	positional_or_keyword	-	-
manimlib.mobject.mobject:Mobject.has_same_shape_as	0	self	positional_or_keyword	-	-
manimlib.mobject.mobject:Mobject.has_same_shape_as	1	mobject	positional_or_keyword	Mobject	-
manimlib.mobject.mobject:Mobject.has_updaters	0	self	positional_or_keyword	-	-
manimlib.mobject.mobject:Mobject.init_colors	0	self	positional_or_keyword	-	-
manimlib.mobject.mobject:Mobject.init_data	0	self	positional_or_keyword	-	-
manimlib.mobject.mobject:Mobject.init_data	1	length	positional_or_keyword	int	0
manimlib.mobject.mobject:Mobject.init_event_listners	0	self	positional_or_keyword	-	-
manimlib.mobject.mobject:Mobject.init_points	0	self	positional_or_keyword	-	-
manimlib.mobject.mobject:Mobject.init_shader_wrapper	0	self	positional_or_keyword	-	-
manimlib.mobject.mobject:Mobject.init_shader_wrapper	1	ctx	positional_or_keyword	Context	-
manimlib.mobject.mobject:Mobject.init_uniforms	0	self	positional_or_keyword	-	-
manimlib.mobject.mobject:Mobject.init_updaters	0	self	positional_or_keyword	-	-
manimlib.mobject.mobject:Mobject.insert_submobject	0	self	positional_or_keyword	-	-
manimlib.mobject.mobject:Mobject.insert_submobject	1	index	positional_or_keyword	int	-
manimlib.mobject.mobject:Mobject.insert_submobject	2	new_submob	positional_or_keyword	Mobject	-
manimlib.mobject.mobject:Mobject.insert_updater	0	self	positional_or_keyword	-	-
manimlib.mobject.mobject:Mobject.insert_updater	1	update_func	positional_or_keyword	Updater	-
manimlib.mobject.mobject:Mobject.insert_updater	2	index	positional_or_keyword	-	0
manimlib.mobject.mobject:Mobject.interpolate	0	self	positional_or_keyword	-	-
manimlib.mobject.mobject:Mobject.interpolate	1	mobject1	positional_or_keyword	Mobject	-
manimlib.mobject.mobject:Mobject.interpolate	2	mobject2	positional_or_keyword	Mobject	-
manimlib.mobject.mobject:Mobject.interpolate	3	alpha	positional_or_keyword	float	-
manimlib.mobject.mobject:Mobject.interpolate	4	path_func	positional_or_keyword	Callable[[np.ndarray, np.ndarray, float], np.ndarray]	straight_path
manimlib.mobject.mobject:Mobject.invisible_copy	0	self	positional_or_keyword	-	-
manimlib.mobject.mobject:Mobject.is_aligned_with	0	self	positional_or_keyword	-	-
manimlib.mobject.mobject:Mobject.is_aligned_with	1	mobject	positional_or_keyword	Mobject	-
manimlib.mobject.mobject:Mobject.is_changing	0	self	positional_or_keyword	-	-
manimlib.mobject.mobject:Mobject.is_fixed_in_frame	0	self	positional_or_keyword	-	-
manimlib.mobject.mobject:Mobject.is_off_screen	0	self	positional_or_keyword	-	-
manimlib.mobject.mobject:Mobject.is_point_touching	0	self	positional_or_keyword	-	-
manimlib.mobject.mobject:Mobject.is_point_touching	1	point	positional_or_keyword	Vect3	-
manimlib.mobject.mobject:Mobject.is_point_touching	2	buff	positional_or_keyword	float	0
manimlib.mobject.mobject:Mobject.is_touching	0	self	positional_or_keyword	-	-
manimlib.mobject.mobject:Mobject.is_touching	1	mobject	positional_or_keyword	Mobject	-
manimlib.mobject.mobject:Mobject.is_touching	2	buff	positional_or_keyword	float	0.01
manimlib.mobject.mobject:Mobject.length_over_dim	0	self	positional_or_keyword	-	-
manimlib.mobject.mobject:Mobject.length_over_dim	1	dim	positional_or_keyword	int	-
manimlib.mobject.mobject:Mobject.lock_data	0	self	positional_or_keyword	-	-
manimlib.mobject.mobject:Mobject.lock_data	1	keys	positional_or_keyword	Iterable[str]	-
manimlib.mobject.mobject:Mobject.lock_matching_data	0	self	positional_or_keyword	-	-
manimlib.mobject.mobject:Mobject.lock_matching_data	1	mobject1	positional_or_keyword	Mobject	-
manimlib.mobject.mobject:Mobject.lock_matching_data	2	mobject2	positional_or_keyword	Mobject	-
manimlib.mobject.mobject:Mobject.lock_uniforms	0	self	positional_or_keyword	-	-
manimlib.mobject.mobject:Mobject.lock_uniforms	1	keys	positional_or_keyword	Iterable[str]	-
manimlib.mobject.mobject:Mobject.looks_identical	0	self	positional_or_keyword	-	-
manimlib.mobject.mobject:Mobject.looks_identical	1	mobject	positional_or_keyword	Mobject	-
manimlib.mobject.mobject:Mobject.match_color	0	self	positional_or_keyword	-	-
manimlib.mobject.mobject:Mobject.match_color	1	mobject	positional_or_keyword	Mobject	-
manimlib.mobject.mobject:Mobject.match_coord	0	self	positional_or_keyword	-	-
manimlib.mobject.mobject:Mobject.match_coord	1	mobject_or_point	positional_or_keyword	Mobject | Vect3	-
manimlib.mobject.mobject:Mobject.match_coord	2	dim	positional_or_keyword	int	-
manimlib.mobject.mobject:Mobject.match_coord	3	direction	positional_or_keyword	Vect3	ORIGIN
manimlib.mobject.mobject:Mobject.match_depth	0	self	positional_or_keyword	-	-
manimlib.mobject.mobject:Mobject.match_depth	1	mobject	positional_or_keyword	Mobject	-
manimlib.mobject.mobject:Mobject.match_depth	2	kwargs	var_keyword	-	-
manimlib.mobject.mobject:Mobject.match_dim_size	0	self	positional_or_keyword	-	-
manimlib.mobject.mobject:Mobject.match_dim_size	1	mobject	positional_or_keyword	Mobject	-
manimlib.mobject.mobject:Mobject.match_dim_size	2	dim	positional_or_keyword	int	-
manimlib.mobject.mobject:Mobject.match_dim_size	3	kwargs	var_keyword	-	-
manimlib.mobject.mobject:Mobject.match_height	0	self	positional_or_keyword	-	-
manimlib.mobject.mobject:Mobject.match_height	1	mobject	positional_or_keyword	Mobject	-
manimlib.mobject.mobject:Mobject.match_height	2	kwargs	var_keyword	-	-
manimlib.mobject.mobject:Mobject.match_points	0	self	positional_or_keyword	-	-
manimlib.mobject.mobject:Mobject.match_points	1	mobject	positional_or_keyword	Mobject	-
manimlib.mobject.mobject:Mobject.match_style	0	self	positional_or_keyword	-	-
manimlib.mobject.mobject:Mobject.match_style	1	mobject	positional_or_keyword	Mobject	-
manimlib.mobject.mobject:Mobject.match_updaters	0	self	positional_or_keyword	-	-
manimlib.mobject.mobject:Mobject.match_updaters	1	mobject	positional_or_keyword	Mobject	-
manimlib.mobject.mobject:Mobject.match_width	0	self	positional_or_keyword	-	-
manimlib.mobject.mobject:Mobject.match_width	1	mobject	positional_or_keyword	Mobject	-
manimlib.mobject.mobject:Mobject.match_width	2	kwargs	var_keyword	-	-
manimlib.mobject.mobject:Mobject.match_x	0	self	positional_or_keyword	-	-
manimlib.mobject.mobject:Mobject.match_x	1	mobject_or_point	positional_or_keyword	Mobject | Vect3	-
manimlib.mobject.mobject:Mobject.match_x	2	direction	positional_or_keyword	Vect3	ORIGIN
manimlib.mobject.mobject:Mobject.match_y	0	self	positional_or_keyword	-	-
manimlib.mobject.mobject:Mobject.match_y	1	mobject_or_point	positional_or_keyword	Mobject | Vect3	-
manimlib.mobject.mobject:Mobject.match_y	2	direction	positional_or_keyword	Vect3	ORIGIN
manimlib.mobject.mobject:Mobject.match_z	0	self	positional_or_keyword	-	-
manimlib.mobject.mobject:Mobject.match_z	1	mobject_or_point	positional_or_keyword	Mobject | Vect3	-
manimlib.mobject.mobject:Mobject.match_z	2	direction	positional_or_keyword	Vect3	ORIGIN
manimlib.mobject.mobject:Mobject.move_to	0	self	positional_or_keyword	-	-
manimlib.mobject.mobject:Mobject.move_to	1	point_or_mobject	positional_or_keyword	Mobject | Vect3	-
manimlib.mobject.mobject:Mobject.move_to	2	aligned_edge	positional_or_keyword	Vect3	ORIGIN
manimlib.mobject.mobject:Mobject.move_to	3	coor_mask	positional_or_keyword	Vect3	np.array([1, 1, 1])
manimlib.mobject.mobject:Mobject.next_to	0	self	positional_or_keyword	-	-
manimlib.mobject.mobject:Mobject.next_to	1	mobject_or_point	positional_or_keyword	Mobject | Vect3	-
manimlib.mobject.mobject:Mobject.next_to	2	direction	positional_or_keyword	Vect3	RIGHT
manimlib.mobject.mobject:Mobject.next_to	3	buff	positional_or_keyword	float	DEFAULT_MOBJECT_TO_MOBJECT_BUFF
manimlib.mobject.mobject:Mobject.next_to	4	aligned_edge	positional_or_keyword	Vect3	ORIGIN
manimlib.mobject.mobject:Mobject.next_to	5	submobject_to_align	positional_or_keyword	Mobject | None	None
manimlib.mobject.mobject:Mobject.next_to	6	index_of_submobject_to_align	positional_or_keyword	int | slice | None	None
manimlib.mobject.mobject:Mobject.next_to	7	coor_mask	positional_or_keyword	Vect3	np.array([1, 1, 1])
manimlib.mobject.mobject:Mobject.note_changed_data	0	self	positional_or_keyword	-	-
manimlib.mobject.mobject:Mobject.note_changed_data	1	recurse_up	positional_or_keyword	bool	True
manimlib.mobject.mobject:Mobject.note_changed_family	0	self	positional_or_keyword	-	-
manimlib.mobject.mobject:Mobject.note_changed_family	1	only_changed_order	positional_or_keyword	-	False
manimlib.mobject.mobject:Mobject.pfp	0	self	positional_or_keyword	-	-
manimlib.mobject.mobject:Mobject.pfp	1	alpha	positional_or_keyword	-	-
manimlib.mobject.mobject:Mobject.point_from_proportion	0	self	positional_or_keyword	-	-
manimlib.mobject.mobject:Mobject.point_from_proportion	1	alpha	positional_or_keyword	float	-
manimlib.mobject.mobject:Mobject.pointwise_become_partial	0	self	positional_or_keyword	-	-
manimlib.mobject.mobject:Mobject.pointwise_become_partial	1	mobject	positional_or_keyword	-	-
manimlib.mobject.mobject:Mobject.pointwise_become_partial	2	a	positional_or_keyword	-	-
manimlib.mobject.mobject:Mobject.pointwise_become_partial	3	b	positional_or_keyword	-	-
manimlib.mobject.mobject:Mobject.push_self_into_submobjects	0	self	positional_or_keyword	-	-
manimlib.mobject.mobject:Mobject.put_end_on	0	self	positional_or_keyword	-	-
manimlib.mobject.mobject:Mobject.put_end_on	1	point	positional_or_keyword	Vect3	-
manimlib.mobject.mobject:Mobject.put_start_and_end_on	0	self	positional_or_keyword	-	-
manimlib.mobject.mobject:Mobject.put_start_and_end_on	1	start	positional_or_keyword	Vect3	-
manimlib.mobject.mobject:Mobject.put_start_and_end_on	2	end	positional_or_keyword	Vect3	-
manimlib.mobject.mobject:Mobject.put_start_on	0	self	positional_or_keyword	-	-
manimlib.mobject.mobject:Mobject.put_start_on	1	point	positional_or_keyword	Vect3	-
manimlib.mobject.mobject:Mobject.refresh_bounding_box	0	self	positional_or_keyword	-	-
manimlib.mobject.mobject:Mobject.refresh_bounding_box	1	recurse_down	positional_or_keyword	bool	False
manimlib.mobject.mobject:Mobject.refresh_bounding_box	2	recurse_up	positional_or_keyword	bool	True
manimlib.mobject.mobject:Mobject.refresh_has_updater_status	0	self	positional_or_keyword	-	-
manimlib.mobject.mobject:Mobject.refresh_shader_wrapper_id	0	self	positional_or_keyword	-	-
manimlib.mobject.mobject:Mobject.remove	0	self	positional_or_keyword	-	-
manimlib.mobject.mobject:Mobject.remove	1	to_remove	var_positional	Mobject	-
manimlib.mobject.mobject:Mobject.remove	2	reassemble	keyword_only	bool	True
manimlib.mobject.mobject:Mobject.remove	3	recurse	keyword_only	bool	True
manimlib.mobject.mobject:Mobject.remove_event_listner	0	self	positional_or_keyword	-	-
manimlib.mobject.mobject:Mobject.remove_event_listner	1	event_type	positional_or_keyword	EventType	-
manimlib.mobject.mobject:Mobject.remove_event_listner	2	event_callback	positional_or_keyword	Callable[[Mobject, dict[str]]]	-
manimlib.mobject.mobject:Mobject.remove_key_press_listner	0	self	positional_or_keyword	-	-
manimlib.mobject.mobject:Mobject.remove_key_press_listner	1	callback	positional_or_keyword	-	-
manimlib.mobject.mobject:Mobject.remove_key_release_listner	0	self	positional_or_keyword	-	-
manimlib.mobject.mobject:Mobject.remove_key_release_listner	1	callback	positional_or_keyword	-	-
manimlib.mobject.mobject:Mobject.remove_mouse_drag_listner	0	self	positional_or_keyword	-	-
manimlib.mobject.mobject:Mobject.remove_mouse_drag_listner	1	callback	positional_or_keyword	-	-
manimlib.mobject.mobject:Mobject.remove_mouse_motion_listner	0	self	positional_or_keyword	-	-
manimlib.mobject.mobject:Mobject.remove_mouse_motion_listner	1	callback	positional_or_keyword	-	-
manimlib.mobject.mobject:Mobject.remove_mouse_press_listner	0	self	positional_or_keyword	-	-
manimlib.mobject.mobject:Mobject.remove_mouse_press_listner	1	callback	positional_or_keyword	-	-
manimlib.mobject.mobject:Mobject.remove_mouse_release_listner	0	self	positional_or_keyword	-	-
manimlib.mobject.mobject:Mobject.remove_mouse_release_listner	1	callback	positional_or_keyword	-	-
manimlib.mobject.mobject:Mobject.remove_mouse_scroll_listner	0	self	positional_or_keyword	-	-
manimlib.mobject.mobject:Mobject.remove_mouse_scroll_listner	1	callback	positional_or_keyword	-	-
manimlib.mobject.mobject:Mobject.remove_updater	0	self	positional_or_keyword	-	-
manimlib.mobject.mobject:Mobject.remove_updater	1	update_func	positional_or_keyword	Updater	-
manimlib.mobject.mobject:Mobject.render	0	self	positional_or_keyword	-	-
manimlib.mobject.mobject:Mobject.render	1	ctx	positional_or_keyword	Context	-
manimlib.mobject.mobject:Mobject.render	2	camera_uniforms	positional_or_keyword	dict	-
manimlib.mobject.mobject:Mobject.replace	0	self	positional_or_keyword	-	-
manimlib.mobject.mobject:Mobject.replace	1	mobject	positional_or_keyword	Mobject	-
manimlib.mobject.mobject:Mobject.replace	2	dim_to_match	positional_or_keyword	int	0
manimlib.mobject.mobject:Mobject.replace	3	stretch	positional_or_keyword	bool	False
manimlib.mobject.mobject:Mobject.replace_shader_code	0	self	positional_or_keyword	-	-
manimlib.mobject.mobject:Mobject.replace_shader_code	1	old	positional_or_keyword	str	-
manimlib.mobject.mobject:Mobject.replace_shader_code	2	new	positional_or_keyword	str	-
manimlib.mobject.mobject:Mobject.replace_submobject	0	self	positional_or_keyword	-	-
manimlib.mobject.mobject:Mobject.replace_submobject	1	index	positional_or_keyword	int	-
manimlib.mobject.mobject:Mobject.replace_submobject	2	new_submob	positional_or_keyword	Mobject	-
manimlib.mobject.mobject:Mobject.replicate	0	self	positional_or_keyword	-	-
manimlib.mobject.mobject:Mobject.replicate	1	n	positional_or_keyword	int	-
manimlib.mobject.mobject:Mobject.rescale_to_fit	0	self	positional_or_keyword	-	-
manimlib.mobject.mobject:Mobject.rescale_to_fit	1	length	positional_or_keyword	float	-
manimlib.mobject.mobject:Mobject.rescale_to_fit	2	dim	positional_or_keyword	int	-
manimlib.mobject.mobject:Mobject.rescale_to_fit	3	stretch	positional_or_keyword	bool	False
manimlib.mobject.mobject:Mobject.rescale_to_fit	4	kwargs	var_keyword	-	-
manimlib.mobject.mobject:Mobject.resize_points	0	self	positional_or_keyword	-	-
manimlib.mobject.mobject:Mobject.resize_points	1	new_length	positional_or_keyword	int	-
manimlib.mobject.mobject:Mobject.resize_points	2	resize_func	positional_or_keyword	Callable[[np.ndarray, int], np.ndarray]	resize_array
manimlib.mobject.mobject:Mobject.restore	0	self	positional_or_keyword	-	-
manimlib.mobject.mobject:Mobject.resume_updating	0	self	positional_or_keyword	-	-
manimlib.mobject.mobject:Mobject.resume_updating	1	recurse	positional_or_keyword	bool	True
manimlib.mobject.mobject:Mobject.resume_updating	2	call_updater	positional_or_keyword	bool	True
manimlib.mobject.mobject:Mobject.reverse_points	0	self	positional_or_keyword	-	-
manimlib.mobject.mobject:Mobject.reverse_submobjects	0	self	positional_or_keyword	-	-
manimlib.mobject.mobject:Mobject.rotate	0	self	positional_or_keyword	-	-
manimlib.mobject.mobject:Mobject.rotate	1	angle	positional_or_keyword	float	-
manimlib.mobject.mobject:Mobject.rotate	2	axis	positional_or_keyword	Vect3	OUT
manimlib.mobject.mobject:Mobject.rotate	3	about_point	positional_or_keyword	Vect3 | None	None
manimlib.mobject.mobject:Mobject.rotate	4	kwargs	var_keyword	-	-
manimlib.mobject.mobject:Mobject.rotate_about_origin	0	self	positional_or_keyword	-	-
manimlib.mobject.mobject:Mobject.rotate_about_origin	1	angle	positional_or_keyword	float	-
manimlib.mobject.mobject:Mobject.rotate_about_origin	2	axis	positional_or_keyword	Vect3	OUT
manimlib.mobject.mobject:Mobject.save_state	0	self	positional_or_keyword	-	-
manimlib.mobject.mobject:Mobject.save_state	1	use_deepcopy	positional_or_keyword	bool	False
manimlib.mobject.mobject:Mobject.scale	0	self	positional_or_keyword	-	-
manimlib.mobject.mobject:Mobject.scale	1	scale_factor	positional_or_keyword	float | npt.ArrayLike	-
manimlib.mobject.mobject:Mobject.scale	2	min_scale_factor	positional_or_keyword	float	1e-08
manimlib.mobject.mobject:Mobject.scale	3	about_point	positional_or_keyword	Vect3 | None	None
manimlib.mobject.mobject:Mobject.scale	4	about_edge	positional_or_keyword	Vect3	ORIGIN
manimlib.mobject.mobject:Mobject.serialize	0	self	positional_or_keyword	-	-
manimlib.mobject.mobject:Mobject.set_animating_status	0	self	positional_or_keyword	-	-
manimlib.mobject.mobject:Mobject.set_animating_status	1	is_animating	positional_or_keyword	bool	-
manimlib.mobject.mobject:Mobject.set_animating_status	2	recurse	positional_or_keyword	bool	True
manimlib.mobject.mobject:Mobject.set_clip_plane	0	self	positional_or_keyword	-	-
manimlib.mobject.mobject:Mobject.set_clip_plane	1	vect	positional_or_keyword	Vect3	-
manimlib.mobject.mobject:Mobject.set_clip_plane	2	threshold	positional_or_keyword	float	-
manimlib.mobject.mobject:Mobject.set_clip_plane	3	recurse	positional_or_keyword	-	True
manimlib.mobject.mobject:Mobject.set_clip_planes	0	self	positional_or_keyword	-	-
manimlib.mobject.mobject:Mobject.set_clip_planes	1	vect_threshold_pairs	var_positional	Iterable[Tuple[Vect3, float]]	-
manimlib.mobject.mobject:Mobject.set_clip_planes	2	recurse	keyword_only	-	True
manimlib.mobject.mobject:Mobject.set_color	0	self	positional_or_keyword	-	-
manimlib.mobject.mobject:Mobject.set_color	1	color	positional_or_keyword	ManimColor | Iterable[ManimColor] | None	-
manimlib.mobject.mobject:Mobject.set_color	2	opacity	positional_or_keyword	float | Iterable[float] | None	None
manimlib.mobject.mobject:Mobject.set_color	3	recurse	positional_or_keyword	bool	True
manimlib.mobject.mobject:Mobject.set_color_by_code	0	self	positional_or_keyword	-	-
manimlib.mobject.mobject:Mobject.set_color_by_code	1	glsl_code	positional_or_keyword	str	-
manimlib.mobject.mobject:Mobject.set_color_by_gradient	0	self	positional_or_keyword	-	-
manimlib.mobject.mobject:Mobject.set_color_by_gradient	1	colors	var_positional	ManimColor	-
manimlib.mobject.mobject:Mobject.set_color_by_rgb_func	0	self	positional_or_keyword	-	-
manimlib.mobject.mobject:Mobject.set_color_by_rgb_func	1	func	positional_or_keyword	Callable[[Vect3Array], Vect3Array]	-
manimlib.mobject.mobject:Mobject.set_color_by_rgb_func	2	opacity	positional_or_keyword	float	1
manimlib.mobject.mobject:Mobject.set_color_by_rgb_func	3	recurse	positional_or_keyword	bool	True
manimlib.mobject.mobject:Mobject.set_color_by_rgba_func	0	self	positional_or_keyword	-	-
manimlib.mobject.mobject:Mobject.set_color_by_rgba_func	1	func	positional_or_keyword	Callable[[Vect3Array], Vect4Array]	-
manimlib.mobject.mobject:Mobject.set_color_by_rgba_func	2	recurse	positional_or_keyword	bool	True
manimlib.mobject.mobject:Mobject.set_color_by_xyz_func	0	self	positional_or_keyword	-	-
manimlib.mobject.mobject:Mobject.set_color_by_xyz_func	1	glsl_snippet	positional_or_keyword	str	-
manimlib.mobject.mobject:Mobject.set_color_by_xyz_func	2	min_value	positional_or_keyword	float	-5.0
manimlib.mobject.mobject:Mobject.set_color_by_xyz_func	3	max_value	positional_or_keyword	float	5.0
manimlib.mobject.mobject:Mobject.set_color_by_xyz_func	4	colormap	positional_or_keyword	str	'viridis'
manimlib.mobject.mobject:Mobject.set_coord	0	self	positional_or_keyword	-	-
manimlib.mobject.mobject:Mobject.set_coord	1	value	positional_or_keyword	float	-
manimlib.mobject.mobject:Mobject.set_coord	2	dim	positional_or_keyword	int	-
manimlib.mobject.mobject:Mobject.set_coord	3	direction	positional_or_keyword	Vect3	ORIGIN
manimlib.mobject.mobject:Mobject.set_data	0	self	positional_or_keyword	-	-
manimlib.mobject.mobject:Mobject.set_data	1	data	positional_or_keyword	np.ndarray	-
manimlib.mobject.mobject:Mobject.set_depth	0	self	positional_or_keyword	-	-
manimlib.mobject.mobject:Mobject.set_depth	1	depth	positional_or_keyword	float	-
manimlib.mobject.mobject:Mobject.set_depth	2	stretch	positional_or_keyword	bool	False
manimlib.mobject.mobject:Mobject.set_depth	3	kwargs	var_keyword	-	-
manimlib.mobject.mobject:Mobject.set_gloss	0	self	positional_or_keyword	-	-
manimlib.mobject.mobject:Mobject.set_gloss	1	gloss	positional_or_keyword	float	-
manimlib.mobject.mobject:Mobject.set_gloss	2	recurse	positional_or_keyword	bool	True
manimlib.mobject.mobject:Mobject.set_height	0	self	positional_or_keyword	-	-
manimlib.mobject.mobject:Mobject.set_height	1	height	positional_or_keyword	float	-
manimlib.mobject.mobject:Mobject.set_height	2	stretch	positional_or_keyword	bool	False
manimlib.mobject.mobject:Mobject.set_height	3	kwargs	var_keyword	-	-
manimlib.mobject.mobject:Mobject.set_max_depth	0	self	positional_or_keyword	-	-
manimlib.mobject.mobject:Mobject.set_max_depth	1	max_depth	positional_or_keyword	float	-
manimlib.mobject.mobject:Mobject.set_max_depth	2	kwargs	var_keyword	-	-
manimlib.mobject.mobject:Mobject.set_max_height	0	self	positional_or_keyword	-	-
manimlib.mobject.mobject:Mobject.set_max_height	1	max_height	positional_or_keyword	float	-
manimlib.mobject.mobject:Mobject.set_max_height	2	kwargs	var_keyword	-	-
manimlib.mobject.mobject:Mobject.set_max_width	0	self	positional_or_keyword	-	-
manimlib.mobject.mobject:Mobject.set_max_width	1	max_width	positional_or_keyword	float	-
manimlib.mobject.mobject:Mobject.set_max_width	2	kwargs	var_keyword	-	-
manimlib.mobject.mobject:Mobject.set_min_depth	0	self	positional_or_keyword	-	-
manimlib.mobject.mobject:Mobject.set_min_depth	1	min_depth	positional_or_keyword	float	-
manimlib.mobject.mobject:Mobject.set_min_depth	2	kwargs	var_keyword	-	-
manimlib.mobject.mobject:Mobject.set_min_height	0	self	positional_or_keyword	-	-
manimlib.mobject.mobject:Mobject.set_min_height	1	min_height	positional_or_keyword	float	-
manimlib.mobject.mobject:Mobject.set_min_height	2	kwargs	var_keyword	-	-
manimlib.mobject.mobject:Mobject.set_min_width	0	self	positional_or_keyword	-	-
manimlib.mobject.mobject:Mobject.set_min_width	1	min_width	positional_or_keyword	float	-
manimlib.mobject.mobject:Mobject.set_min_width	2	kwargs	var_keyword	-	-
manimlib.mobject.mobject:Mobject.set_opacity	0	self	positional_or_keyword	-	-
manimlib.mobject.mobject:Mobject.set_opacity	1	opacity	positional_or_keyword	float | Iterable[float] | None	-
manimlib.mobject.mobject:Mobject.set_opacity	2	recurse	positional_or_keyword	bool	True
manimlib.mobject.mobject:Mobject.set_points	0	self	positional_or_keyword	-	-
manimlib.mobject.mobject:Mobject.set_points	1	points	positional_or_keyword	Vect3Array | list[Vect3]	-
manimlib.mobject.mobject:Mobject.set_reflectiveness	0	self	positional_or_keyword	-	-
manimlib.mobject.mobject:Mobject.set_reflectiveness	1	reflectiveness	positional_or_keyword	float	-
manimlib.mobject.mobject:Mobject.set_reflectiveness	2	recurse	positional_or_keyword	bool	True
manimlib.mobject.mobject:Mobject.set_rgba_array	0	self	positional_or_keyword	-	-
manimlib.mobject.mobject:Mobject.set_rgba_array	1	rgba_array	positional_or_keyword	npt.ArrayLike	-
manimlib.mobject.mobject:Mobject.set_rgba_array	2	name	positional_or_keyword	str	'rgba'
manimlib.mobject.mobject:Mobject.set_rgba_array	3	recurse	positional_or_keyword	bool	False
manimlib.mobject.mobject:Mobject.set_rgba_array_by_color	0	self	positional_or_keyword	-	-
manimlib.mobject.mobject:Mobject.set_rgba_array_by_color	1	color	positional_or_keyword	ManimColor | Iterable[ManimColor] | None	None
manimlib.mobject.mobject:Mobject.set_rgba_array_by_color	2	opacity	positional_or_keyword	float | Iterable[float] | None	None
manimlib.mobject.mobject:Mobject.set_rgba_array_by_color	3	name	positional_or_keyword	str	'rgba'
manimlib.mobject.mobject:Mobject.set_rgba_array_by_color	4	recurse	positional_or_keyword	bool	True
manimlib.mobject.mobject:Mobject.set_shading	0	self	positional_or_keyword	-	-
manimlib.mobject.mobject:Mobject.set_shading	1	reflectiveness	positional_or_keyword	float | None	None
manimlib.mobject.mobject:Mobject.set_shading	2	gloss	positional_or_keyword	float | None	None
manimlib.mobject.mobject:Mobject.set_shading	3	shadow	positional_or_keyword	float | None	None
manimlib.mobject.mobject:Mobject.set_shading	4	recurse	positional_or_keyword	bool	True
manimlib.mobject.mobject:Mobject.set_shadow	0	self	positional_or_keyword	-	-
manimlib.mobject.mobject:Mobject.set_shadow	1	shadow	positional_or_keyword	float	-
manimlib.mobject.mobject:Mobject.set_shadow	2	recurse	positional_or_keyword	bool	True
manimlib.mobject.mobject:Mobject.set_shape	0	self	positional_or_keyword	-	-
manimlib.mobject.mobject:Mobject.set_shape	1	width	positional_or_keyword	Optional[float]	None
manimlib.mobject.mobject:Mobject.set_shape	2	height	positional_or_keyword	Optional[float]	None
manimlib.mobject.mobject:Mobject.set_shape	3	depth	positional_or_keyword	Optional[float]	None
manimlib.mobject.mobject:Mobject.set_shape	4	kwargs	var_keyword	-	-
manimlib.mobject.mobject:Mobject.set_submobject_colors_by_gradient	0	self	positional_or_keyword	-	-
manimlib.mobject.mobject:Mobject.set_submobject_colors_by_gradient	1	colors	var_positional	ManimColor	-
manimlib.mobject.mobject:Mobject.set_submobject_colors_by_gradient	2	interp_by_hsl	keyword_only	-	False
manimlib.mobject.mobject:Mobject.set_submobjects	0	self	positional_or_keyword	-	-
manimlib.mobject.mobject:Mobject.set_submobjects	1	submobject_list	positional_or_keyword	list[Mobject]	-
manimlib.mobject.mobject:Mobject.set_uniform	0	self	positional_or_keyword	-	-
manimlib.mobject.mobject:Mobject.set_uniform	1	recurse	positional_or_keyword	bool	True
manimlib.mobject.mobject:Mobject.set_uniform	2	new_uniforms	var_keyword	-	-
manimlib.mobject.mobject:Mobject.set_uniforms	0	self	positional_or_keyword	-	-
manimlib.mobject.mobject:Mobject.set_uniforms	1	uniforms	positional_or_keyword	dict	-
manimlib.mobject.mobject:Mobject.set_width	0	self	positional_or_keyword	-	-
manimlib.mobject.mobject:Mobject.set_width	1	width	positional_or_keyword	float	-
manimlib.mobject.mobject:Mobject.set_width	2	stretch	positional_or_keyword	bool	False
manimlib.mobject.mobject:Mobject.set_width	3	kwargs	var_keyword	-	-
manimlib.mobject.mobject:Mobject.set_x	0	self	positional_or_keyword	-	-
manimlib.mobject.mobject:Mobject.set_x	1	x	positional_or_keyword	float	-
manimlib.mobject.mobject:Mobject.set_x	2	direction	positional_or_keyword	Vect3	ORIGIN
manimlib.mobject.mobject:Mobject.set_y	0	self	positional_or_keyword	-	-
manimlib.mobject.mobject:Mobject.set_y	1	y	positional_or_keyword	float	-
manimlib.mobject.mobject:Mobject.set_y	2	direction	positional_or_keyword	Vect3	ORIGIN
manimlib.mobject.mobject:Mobject.set_z	0	self	positional_or_keyword	-	-
manimlib.mobject.mobject:Mobject.set_z	1	z	positional_or_keyword	float	-
manimlib.mobject.mobject:Mobject.set_z	2	direction	positional_or_keyword	Vect3	ORIGIN
manimlib.mobject.mobject:Mobject.set_z_index	0	self	positional_or_keyword	-	-
manimlib.mobject.mobject:Mobject.set_z_index	1	z_index	positional_or_keyword	int	-
manimlib.mobject.mobject:Mobject.set_z_index	2	recurse	positional_or_keyword	-	True
manimlib.mobject.mobject:Mobject.shift	0	self	positional_or_keyword	-	-
manimlib.mobject.mobject:Mobject.shift	1	vector	positional_or_keyword	Vect3	-
manimlib.mobject.mobject:Mobject.shift_onto_screen	0	self	positional_or_keyword	-	-
manimlib.mobject.mobject:Mobject.shift_onto_screen	1	kwargs	var_keyword	-	-
manimlib.mobject.mobject:Mobject.shuffle	0	self	positional_or_keyword	-	-
manimlib.mobject.mobject:Mobject.shuffle	1	recurse	positional_or_keyword	bool	False
manimlib.mobject.mobject:Mobject.sort	0	self	positional_or_keyword	-	-
manimlib.mobject.mobject:Mobject.sort	1	point_to_num_func	positional_or_keyword	Callable[[np.ndarray], float]	lambda p: p[0]
manimlib.mobject.mobject:Mobject.sort	2	submob_func	positional_or_keyword	Callable[[Mobject]] | None	None
manimlib.mobject.mobject:Mobject.space_out_submobjects	0	self	positional_or_keyword	-	-
manimlib.mobject.mobject:Mobject.space_out_submobjects	1	factor	positional_or_keyword	float	1.5
manimlib.mobject.mobject:Mobject.space_out_submobjects	2	kwargs	var_keyword	-	-
manimlib.mobject.mobject:Mobject.split	0	self	positional_or_keyword	-	-
manimlib.mobject.mobject:Mobject.stash_mobject_pointers	0	func	positional_or_keyword	Callable[..., T]	-
manimlib.mobject.mobject:Mobject.stretch	0	self	positional_or_keyword	-	-
manimlib.mobject.mobject:Mobject.stretch	1	factor	positional_or_keyword	float	-
manimlib.mobject.mobject:Mobject.stretch	2	dim	positional_or_keyword	int	-
manimlib.mobject.mobject:Mobject.stretch	3	kwargs	var_keyword	-	-
manimlib.mobject.mobject:Mobject.stretch_about_point	0	self	positional_or_keyword	-	-
manimlib.mobject.mobject:Mobject.stretch_about_point	1	factor	positional_or_keyword	float	-
manimlib.mobject.mobject:Mobject.stretch_about_point	2	dim	positional_or_keyword	int	-
manimlib.mobject.mobject:Mobject.stretch_about_point	3	point	positional_or_keyword	Vect3	-
manimlib.mobject.mobject:Mobject.stretch_in_place	0	self	positional_or_keyword	-	-
manimlib.mobject.mobject:Mobject.stretch_in_place	1	factor	positional_or_keyword	float	-
manimlib.mobject.mobject:Mobject.stretch_in_place	2	dim	positional_or_keyword	int	-
manimlib.mobject.mobject:Mobject.stretch_to_fit_depth	0	self	positional_or_keyword	-	-
manimlib.mobject.mobject:Mobject.stretch_to_fit_depth	1	depth	positional_or_keyword	float	-
manimlib.mobject.mobject:Mobject.stretch_to_fit_depth	2	kwargs	var_keyword	-	-
manimlib.mobject.mobject:Mobject.stretch_to_fit_height	0	self	positional_or_keyword	-	-
manimlib.mobject.mobject:Mobject.stretch_to_fit_height	1	height	positional_or_keyword	float	-
manimlib.mobject.mobject:Mobject.stretch_to_fit_height	2	kwargs	var_keyword	-	-
manimlib.mobject.mobject:Mobject.stretch_to_fit_width	0	self	positional_or_keyword	-	-
manimlib.mobject.mobject:Mobject.stretch_to_fit_width	1	width	positional_or_keyword	float	-
manimlib.mobject.mobject:Mobject.stretch_to_fit_width	2	kwargs	var_keyword	-	-
manimlib.mobject.mobject:Mobject.surround	0	self	positional_or_keyword	-	-
manimlib.mobject.mobject:Mobject.surround	1	mobject	positional_or_keyword	Mobject	-
manimlib.mobject.mobject:Mobject.surround	2	dim_to_match	positional_or_keyword	int	0
manimlib.mobject.mobject:Mobject.surround	3	stretch	positional_or_keyword	bool	False
manimlib.mobject.mobject:Mobject.surround	4	buff	positional_or_keyword	float	MED_SMALL_BUFF
manimlib.mobject.mobject:Mobject.suspend_updating	0	self	positional_or_keyword	-	-
manimlib.mobject.mobject:Mobject.suspend_updating	1	recurse	positional_or_keyword	bool	True
manimlib.mobject.mobject:Mobject.throw_error_if_no_points	0	self	positional_or_keyword	-	-
manimlib.mobject.mobject:Mobject.to_corner	0	self	positional_or_keyword	-	-
manimlib.mobject.mobject:Mobject.to_corner	1	corner	positional_or_keyword	Vect3	LEFT + DOWN
manimlib.mobject.mobject:Mobject.to_corner	2	buff	positional_or_keyword	float	DEFAULT_MOBJECT_TO_EDGE_BUFF
manimlib.mobject.mobject:Mobject.to_edge	0	self	positional_or_keyword	-	-
manimlib.mobject.mobject:Mobject.to_edge	1	edge	positional_or_keyword	Vect3	LEFT
manimlib.mobject.mobject:Mobject.to_edge	2	buff	positional_or_keyword	float	DEFAULT_MOBJECT_TO_EDGE_BUFF
manimlib.mobject.mobject:Mobject.unfix_from_frame	0	self	positional_or_keyword	-	-
manimlib.mobject.mobject:Mobject.unfix_from_frame	1	recurse	positional_or_keyword	bool	True
manimlib.mobject.mobject:Mobject.unlock_data	0	self	positional_or_keyword	-	-
manimlib.mobject.mobject:Mobject.update	0	self	positional_or_keyword	-	-
manimlib.mobject.mobject:Mobject.update	1	dt	positional_or_keyword	float	0
manimlib.mobject.mobject:Mobject.update	2	recurse	positional_or_keyword	bool	True
manimlib.mobject.mobject:Mobject.wag	0	self	positional_or_keyword	-	-
manimlib.mobject.mobject:Mobject.wag	1	direction	positional_or_keyword	Vect3	RIGHT
manimlib.mobject.mobject:Mobject.wag	2	axis	positional_or_keyword	Vect3	DOWN
manimlib.mobject.mobject:Mobject.wag	3	wag_factor	positional_or_keyword	float	1.0
manimlib.mobject.mobject:Point.__init__	0	self	positional_or_keyword	-	-
manimlib.mobject.mobject:Point.__init__	1	location	positional_or_keyword	Vect3	ORIGIN
manimlib.mobject.mobject:Point.__init__	2	artificial_width	positional_or_keyword	float	1e-06
manimlib.mobject.mobject:Point.__init__	3	artificial_height	positional_or_keyword	float	1e-06
manimlib.mobject.mobject:Point.__init__	4	kwargs	var_keyword	-	-
manimlib.mobject.mobject:Point.get_bounding_box_point	0	self	positional_or_keyword	-	-
manimlib.mobject.mobject:Point.get_bounding_box_point	1	args	var_positional	-	-
manimlib.mobject.mobject:Point.get_bounding_box_point	2	kwargs	var_keyword	-	-
manimlib.mobject.mobject:Point.get_height	0	self	positional_or_keyword	-	-
manimlib.mobject.mobject:Point.get_location	0	self	positional_or_keyword	-	-
manimlib.mobject.mobject:Point.get_width	0	self	positional_or_keyword	-	-
manimlib.mobject.mobject:Point.set_location	0	self	positional_or_keyword	-	-
manimlib.mobject.mobject:Point.set_location	1	new_loc	positional_or_keyword	npt.ArrayLike	-
manimlib.mobject.mobject:_AnimationBuilder.__init__	0	self	positional_or_keyword	-	-
manimlib.mobject.mobject:_AnimationBuilder.__init__	1	mobject	positional_or_keyword	Mobject	-
manimlib.mobject.mobject:_AnimationBuilder.build	0	self	positional_or_keyword	-	-
manimlib.mobject.mobject:_AnimationBuilder.set_anim_args	0	self	positional_or_keyword	-	-
manimlib.mobject.mobject:_AnimationBuilder.set_anim_args	1	kwargs	var_keyword	-	-
manimlib.mobject.mobject:_FunctionalUpdaterBuilder.__init__	0	self	positional_or_keyword	-	-
manimlib.mobject.mobject:_FunctionalUpdaterBuilder.__init__	1	mobject	positional_or_keyword	Mobject	-
manimlib.mobject.mobject:_UpdaterBuilder.__init__	0	self	positional_or_keyword	-	-
manimlib.mobject.mobject:_UpdaterBuilder.__init__	1	mobject	positional_or_keyword	Mobject	-
manimlib.mobject.mobject:override_animate	0	method	positional_or_keyword	-	-
manimlib.mobject.mobject_update_utils:always	0	method	positional_or_keyword	-	-
manimlib.mobject.mobject_update_utils:always	1	args	var_positional	-	-
manimlib.mobject.mobject_update_utils:always	2	kwargs	var_keyword	-	-
manimlib.mobject.mobject_update_utils:always_redraw	0	func	positional_or_keyword	Callable[..., Mobject]	-
manimlib.mobject.mobject_update_utils:always_redraw	1	args	var_positional	-	-
manimlib.mobject.mobject_update_utils:always_redraw	2	kwargs	var_keyword	-	-
manimlib.mobject.mobject_update_utils:always_rotate	0	mobject	positional_or_keyword	Mobject	-
manimlib.mobject.mobject_update_utils:always_rotate	1	rate	positional_or_keyword	float	20 * DEG
manimlib.mobject.mobject_update_utils:always_rotate	2	kwargs	var_keyword	-	-
manimlib.mobject.mobject_update_utils:always_shift	0	mobject	positional_or_keyword	Mobject	-
manimlib.mobject.mobject_update_utils:always_shift	1	direction	positional_or_keyword	np.ndarray	RIGHT
manimlib.mobject.mobject_update_utils:always_shift	2	rate	positional_or_keyword	float	0.1
manimlib.mobject.mobject_update_utils:assert_is_mobject_method	0	method	positional_or_keyword	-	-
manimlib.mobject.mobject_update_utils:cycle_animation	0	animation	positional_or_keyword	Animation	-
manimlib.mobject.mobject_update_utils:cycle_animation	1	kwargs	var_keyword	-	-
manimlib.mobject.mobject_update_utils:f_always	0	method	positional_or_keyword	-	-
manimlib.mobject.mobject_update_utils:f_always	1	arg_generators	var_positional	-	-
manimlib.mobject.mobject_update_utils:f_always	2	kwargs	var_keyword	-	-
manimlib.mobject.mobject_update_utils:turn_animation_into_updater	0	animation	positional_or_keyword	Animation	-
manimlib.mobject.mobject_update_utils:turn_animation_into_updater	1	cycle	positional_or_keyword	bool	False
manimlib.mobject.mobject_update_utils:turn_animation_into_updater	2	kwargs	var_keyword	-	-
manimlib.mobject.number_line:NumberLine.__init__	0	self	positional_or_keyword	-	-
manimlib.mobject.number_line:NumberLine.__init__	1	x_range	positional_or_keyword	RangeSpecifier	(-8, 8, 1)
manimlib.mobject.number_line:NumberLine.__init__	2	color	positional_or_keyword	ManimColor	DEFAULT_LIGHT_COLOR
manimlib.mobject.number_line:NumberLine.__init__	3	stroke_width	positional_or_keyword	float	2.0
manimlib.mobject.number_line:NumberLine.__init__	4	unit_size	positional_or_keyword	float	1.0
manimlib.mobject.number_line:NumberLine.__init__	5	width	positional_or_keyword	Optional[float]	None
manimlib.mobject.number_line:NumberLine.__init__	6	include_ticks	positional_or_keyword	bool	True
manimlib.mobject.number_line:NumberLine.__init__	7	tick_size	positional_or_keyword	float	0.1
manimlib.mobject.number_line:NumberLine.__init__	8	longer_tick_multiple	positional_or_keyword	float	1.5
manimlib.mobject.number_line:NumberLine.__init__	9	tick_offset	positional_or_keyword	float	0.0
manimlib.mobject.number_line:NumberLine.__init__	10	big_tick_spacing	positional_or_keyword	Optional[float]	None
manimlib.mobject.number_line:NumberLine.__init__	11	big_tick_numbers	positional_or_keyword	list[float]	[]
manimlib.mobject.number_line:NumberLine.__init__	12	include_numbers	positional_or_keyword	bool	False
manimlib.mobject.number_line:NumberLine.__init__	13	line_to_number_direction	positional_or_keyword	Vect3	DOWN
manimlib.mobject.number_line:NumberLine.__init__	14	line_to_number_buff	positional_or_keyword	float	MED_SMALL_BUFF
manimlib.mobject.number_line:NumberLine.__init__	15	include_tip	positional_or_keyword	bool	False
manimlib.mobject.number_line:NumberLine.__init__	16	tip_config	positional_or_keyword	dict	dict(width=0.25, length=0.25)
manimlib.mobject.number_line:NumberLine.__init__	17	decimal_number_config	positional_or_keyword	dict	dict(num_decimal_places=0, font_size=36)
manimlib.mobject.number_line:NumberLine.__init__	18	numbers_to_exclude	positional_or_keyword	list | None	None
manimlib.mobject.number_line:NumberLine.__init__	19	kwargs	var_keyword	-	-
manimlib.mobject.number_line:NumberLine.add_numbers	0	self	positional_or_keyword	-	-
manimlib.mobject.number_line:NumberLine.add_numbers	1	x_values	positional_or_keyword	Iterable[float] | None	None
manimlib.mobject.number_line:NumberLine.add_numbers	2	excluding	positional_or_keyword	Iterable[float] | None	None
manimlib.mobject.number_line:NumberLine.add_numbers	3	font_size	positional_or_keyword	int	24
manimlib.mobject.number_line:NumberLine.add_numbers	4	kwargs	var_keyword	-	-
manimlib.mobject.number_line:NumberLine.add_ticks	0	self	positional_or_keyword	-	-
manimlib.mobject.number_line:NumberLine.get_number_mobject	0	self	positional_or_keyword	-	-
manimlib.mobject.number_line:NumberLine.get_number_mobject	1	x	positional_or_keyword	float	-
manimlib.mobject.number_line:NumberLine.get_number_mobject	2	direction	positional_or_keyword	Vect3 | None	None
manimlib.mobject.number_line:NumberLine.get_number_mobject	3	buff	positional_or_keyword	float | None	None
manimlib.mobject.number_line:NumberLine.get_number_mobject	4	unit	positional_or_keyword	float	1.0
manimlib.mobject.number_line:NumberLine.get_number_mobject	5	unit_tex	positional_or_keyword	str	''
manimlib.mobject.number_line:NumberLine.get_number_mobject	6	number_config	var_keyword	-	-
manimlib.mobject.number_line:NumberLine.get_tick	0	self	positional_or_keyword	-	-
manimlib.mobject.number_line:NumberLine.get_tick	1	x	positional_or_keyword	float	-
manimlib.mobject.number_line:NumberLine.get_tick	2	size	positional_or_keyword	float | None	None
manimlib.mobject.number_line:NumberLine.get_tick_marks	0	self	positional_or_keyword	-	-
manimlib.mobject.number_line:NumberLine.get_tick_range	0	self	positional_or_keyword	-	-
manimlib.mobject.number_line:NumberLine.get_unit_size	0	self	positional_or_keyword	-	-
manimlib.mobject.number_line:NumberLine.n2p	0	self	positional_or_keyword	-	-
manimlib.mobject.number_line:NumberLine.n2p	1	number	positional_or_keyword	float | VectN	-
manimlib.mobject.number_line:NumberLine.number_to_point	0	self	positional_or_keyword	-	-
manimlib.mobject.number_line:NumberLine.number_to_point	1	number	positional_or_keyword	float | VectN	-
manimlib.mobject.number_line:NumberLine.p2n	0	self	positional_or_keyword	-	-
manimlib.mobject.number_line:NumberLine.p2n	1	point	positional_or_keyword	Vect3 | Vect3Array	-
manimlib.mobject.number_line:NumberLine.point_to_number	0	self	positional_or_keyword	-	-
manimlib.mobject.number_line:NumberLine.point_to_number	1	point	positional_or_keyword	Vect3 | Vect3Array	-
manimlib.mobject.number_line:Slider.__init__	0	self	positional_or_keyword	-	-
manimlib.mobject.number_line:Slider.__init__	1	value_tracker	positional_or_keyword	ValueTracker	-
manimlib.mobject.number_line:Slider.__init__	2	x_range	positional_or_keyword	Tuple[float, float]	(-5, 5)
manimlib.mobject.number_line:Slider.__init__	3	var_name	positional_or_keyword	Optional[str]	None
manimlib.mobject.number_line:Slider.__init__	4	width	positional_or_keyword	float	3
manimlib.mobject.number_line:Slider.__init__	5	unit_size	positional_or_keyword	float	1
manimlib.mobject.number_line:Slider.__init__	6	arrow_width	positional_or_keyword	float	0.15
manimlib.mobject.number_line:Slider.__init__	7	arrow_length	positional_or_keyword	float	0.15
manimlib.mobject.number_line:Slider.__init__	8	arrow_color	positional_or_keyword	ManimColor	YELLOW
manimlib.mobject.number_line:Slider.__init__	9	font_size	positional_or_keyword	int	24
manimlib.mobject.number_line:Slider.__init__	10	label_buff	positional_or_keyword	float	SMALL_BUFF
manimlib.mobject.number_line:Slider.__init__	11	num_decimal_places	positional_or_keyword	int	2
manimlib.mobject.number_line:Slider.__init__	12	tick_size	positional_or_keyword	float	0.05
manimlib.mobject.number_line:Slider.__init__	13	number_line_config	positional_or_keyword	Dict[str, Any]	dict()
manimlib.mobject.number_line:Slider.__init__	14	arrow_tip_config	positional_or_keyword	Dict[str, Any]	dict()
manimlib.mobject.number_line:Slider.__init__	15	decimal_config	positional_or_keyword	Dict[str, Any]	dict()
manimlib.mobject.number_line:Slider.__init__	16	angle	positional_or_keyword	float	0
manimlib.mobject.number_line:Slider.__init__	17	label_direction	positional_or_keyword	Optional[np.ndarray]	None
manimlib.mobject.number_line:Slider.__init__	18	add_tick_labels	positional_or_keyword	bool	True
manimlib.mobject.number_line:Slider.__init__	19	tick_label_font_size	positional_or_keyword	int	16
manimlib.mobject.number_line:UnitInterval.__init__	0	self	positional_or_keyword	-	-
manimlib.mobject.number_line:UnitInterval.__init__	1	x_range	positional_or_keyword	RangeSpecifier	(0, 1, 0.1)
manimlib.mobject.number_line:UnitInterval.__init__	2	unit_size	positional_or_keyword	float	10
manimlib.mobject.number_line:UnitInterval.__init__	3	big_tick_numbers	positional_or_keyword	list[float]	[0, 1]
manimlib.mobject.number_line:UnitInterval.__init__	4	decimal_number_config	positional_or_keyword	dict	dict(num_decimal_places=1)
manimlib.mobject.number_line:UnitInterval.__init__	5	kwargs	var_keyword	-	-
manimlib.mobject.numbers:DecimalNumber.__init__	0	self	positional_or_keyword	-	-
manimlib.mobject.numbers:DecimalNumber.__init__	1	number	positional_or_keyword	float | complex	0
manimlib.mobject.numbers:DecimalNumber.__init__	2	color	positional_or_keyword	ManimColor	DEFAULT_MOBJECT_COLOR
manimlib.mobject.numbers:DecimalNumber.__init__	3	stroke_width	positional_or_keyword	float	0
manimlib.mobject.numbers:DecimalNumber.__init__	4	fill_opacity	positional_or_keyword	float	1.0
manimlib.mobject.numbers:DecimalNumber.__init__	5	fill_border_width	positional_or_keyword	float	0.5
manimlib.mobject.numbers:DecimalNumber.__init__	6	num_decimal_places	positional_or_keyword	int	2
manimlib.mobject.numbers:DecimalNumber.__init__	7	min_total_width	positional_or_keyword	Optional[int]	0
manimlib.mobject.numbers:DecimalNumber.__init__	8	include_sign	positional_or_keyword	bool	False
manimlib.mobject.numbers:DecimalNumber.__init__	9	group_with_commas	positional_or_keyword	bool	True
manimlib.mobject.numbers:DecimalNumber.__init__	10	digit_buff_per_font_unit	positional_or_keyword	float	0.001
manimlib.mobject.numbers:DecimalNumber.__init__	11	show_ellipsis	positional_or_keyword	bool	False
manimlib.mobject.numbers:DecimalNumber.__init__	12	unit	positional_or_keyword	str | None	None
manimlib.mobject.numbers:DecimalNumber.__init__	13	include_background_rectangle	positional_or_keyword	bool	False
manimlib.mobject.numbers:DecimalNumber.__init__	14	hide_zero_components_on_complex	positional_or_keyword	bool	True
manimlib.mobject.numbers:DecimalNumber.__init__	15	edge_to_fix	positional_or_keyword	Vect3	LEFT
manimlib.mobject.numbers:DecimalNumber.__init__	16	font_size	positional_or_keyword	float	48
manimlib.mobject.numbers:DecimalNumber.__init__	17	text_config	positional_or_keyword	dict	dict()
manimlib.mobject.numbers:DecimalNumber.__init__	18	kwargs	var_keyword	-	-
manimlib.mobject.numbers:DecimalNumber.char_to_mob	0	self	positional_or_keyword	-	-
manimlib.mobject.numbers:DecimalNumber.char_to_mob	1	char	positional_or_keyword	str	-
manimlib.mobject.numbers:DecimalNumber.get_complex_formatter	0	self	positional_or_keyword	-	-
manimlib.mobject.numbers:DecimalNumber.get_complex_formatter	1	kwargs	var_keyword	-	-
manimlib.mobject.numbers:DecimalNumber.get_font_size	0	self	positional_or_keyword	-	-
manimlib.mobject.numbers:DecimalNumber.get_formatter	0	self	positional_or_keyword	-	-
manimlib.mobject.numbers:DecimalNumber.get_formatter	1	kwargs	var_keyword	-	-
manimlib.mobject.numbers:DecimalNumber.get_num_string	0	self	positional_or_keyword	-	-
manimlib.mobject.numbers:DecimalNumber.get_num_string	1	number	positional_or_keyword	float | complex	-
manimlib.mobject.numbers:DecimalNumber.get_tex	0	self	positional_or_keyword	-	-
manimlib.mobject.numbers:DecimalNumber.get_value	0	self	positional_or_keyword	-	-
manimlib.mobject.numbers:DecimalNumber.increment_value	0	self	positional_or_keyword	-	-
manimlib.mobject.numbers:DecimalNumber.increment_value	1	delta_t	positional_or_keyword	float | complex	1
manimlib.mobject.numbers:DecimalNumber.interpolate	0	self	positional_or_keyword	-	-
manimlib.mobject.numbers:DecimalNumber.interpolate	1	mobject1	positional_or_keyword	Mobject	-
manimlib.mobject.numbers:DecimalNumber.interpolate	2	mobject2	positional_or_keyword	Mobject	-
manimlib.mobject.numbers:DecimalNumber.interpolate	3	alpha	positional_or_keyword	float	-
manimlib.mobject.numbers:DecimalNumber.interpolate	4	path_func	positional_or_keyword	Callable[[np.ndarray, np.ndarray, float], np.ndarray]	straight_path
manimlib.mobject.numbers:DecimalNumber.set_submobjects_from_number	0	self	positional_or_keyword	-	-
manimlib.mobject.numbers:DecimalNumber.set_submobjects_from_number	1	number	positional_or_keyword	float | complex	-
manimlib.mobject.numbers:DecimalNumber.set_value	0	self	positional_or_keyword	-	-
manimlib.mobject.numbers:DecimalNumber.set_value	1	number	positional_or_keyword	float | complex	-
manimlib.mobject.numbers:Integer.__init__	0	self	positional_or_keyword	-	-
manimlib.mobject.numbers:Integer.__init__	1	number	positional_or_keyword	int	0
manimlib.mobject.numbers:Integer.__init__	2	num_decimal_places	positional_or_keyword	int	0
manimlib.mobject.numbers:Integer.__init__	3	kwargs	var_keyword	-	-
manimlib.mobject.numbers:Integer.get_value	0	self	positional_or_keyword	-	-
manimlib.mobject.numbers:char_to_cahced_mob	0	char	positional_or_keyword	str	-
manimlib.mobject.numbers:char_to_cahced_mob	1	text_config	var_keyword	-	-
manimlib.mobject.probability:BarChart.__init__	0	self	positional_or_keyword	-	-
manimlib.mobject.probability:BarChart.__init__	1	values	positional_or_keyword	Iterable[float]	-
manimlib.mobject.probability:BarChart.__init__	2	height	positional_or_keyword	float	4
manimlib.mobject.probability:BarChart.__init__	3	width	positional_or_keyword	float	6
manimlib.mobject.probability:BarChart.__init__	4	n_ticks	positional_or_keyword	int	4
manimlib.mobject.probability:BarChart.__init__	5	include_x_ticks	positional_or_keyword	bool	False
manimlib.mobject.probability:BarChart.__init__	6	tick_width	positional_or_keyword	float	0.2
manimlib.mobject.probability:BarChart.__init__	7	tick_height	positional_or_keyword	float	0.15
manimlib.mobject.probability:BarChart.__init__	8	label_y_axis	positional_or_keyword	bool	True
manimlib.mobject.probability:BarChart.__init__	9	y_axis_label_height	positional_or_keyword	float	0.25
manimlib.mobject.probability:BarChart.__init__	10	max_value	positional_or_keyword	float	1
manimlib.mobject.probability:BarChart.__init__	11	bar_colors	positional_or_keyword	list[ManimColor]	[BLUE, YELLOW]
manimlib.mobject.probability:BarChart.__init__	12	bar_fill_opacity	positional_or_keyword	float	0.8
manimlib.mobject.probability:BarChart.__init__	13	bar_stroke_width	positional_or_keyword	float	3
manimlib.mobject.probability:BarChart.__init__	14	bar_names	positional_or_keyword	list[str]	[]
manimlib.mobject.probability:BarChart.__init__	15	bar_label_scale_val	positional_or_keyword	float	0.75
manimlib.mobject.probability:BarChart.__init__	16	kwargs	var_keyword	-	-
manimlib.mobject.probability:BarChart.add_axes	0	self	positional_or_keyword	-	-
manimlib.mobject.probability:BarChart.add_bars	0	self	positional_or_keyword	-	-
manimlib.mobject.probability:BarChart.add_bars	1	values	positional_or_keyword	Iterable[float]	-
manimlib.mobject.probability:BarChart.change_bar_values	0	self	positional_or_keyword	-	-
manimlib.mobject.probability:BarChart.change_bar_values	1	values	positional_or_keyword	Iterable[float]	-
manimlib.mobject.probability:SampleSpace.__init__	0	self	positional_or_keyword	-	-
manimlib.mobject.probability:SampleSpace.__init__	1	width	positional_or_keyword	float	3
manimlib.mobject.probability:SampleSpace.__init__	2	height	positional_or_keyword	float	3
manimlib.mobject.probability:SampleSpace.__init__	3	fill_color	positional_or_keyword	ManimColor	GREY_D
manimlib.mobject.probability:SampleSpace.__init__	4	fill_opacity	positional_or_keyword	float	1
manimlib.mobject.probability:SampleSpace.__init__	5	stroke_width	positional_or_keyword	float	0.5
manimlib.mobject.probability:SampleSpace.__init__	6	stroke_color	positional_or_keyword	ManimColor	GREY_B
manimlib.mobject.probability:SampleSpace.__init__	7	default_label_scale_val	positional_or_keyword	float	1
manimlib.mobject.probability:SampleSpace.__init__	8	kwargs	var_keyword	-	-
manimlib.mobject.probability:SampleSpace.add_braces_and_labels	0	self	positional_or_keyword	-	-
manimlib.mobject.probability:SampleSpace.add_label	0	self	positional_or_keyword	-	-
manimlib.mobject.probability:SampleSpace.add_label	1	label	positional_or_keyword	str	-
manimlib.mobject.probability:SampleSpace.add_title	0	self	positional_or_keyword	-	-
manimlib.mobject.probability:SampleSpace.add_title	1	title	positional_or_keyword	str	'Sample space'
manimlib.mobject.probability:SampleSpace.add_title	2	buff	positional_or_keyword	float	MED_SMALL_BUFF
manimlib.mobject.probability:SampleSpace.complete_p_list	0	self	positional_or_keyword	-	-
manimlib.mobject.probability:SampleSpace.complete_p_list	1	p_list	positional_or_keyword	list[float]	-
manimlib.mobject.probability:SampleSpace.divide_horizontally	0	self	positional_or_keyword	-	-
manimlib.mobject.probability:SampleSpace.divide_horizontally	1	args	var_positional	-	-
manimlib.mobject.probability:SampleSpace.divide_horizontally	2	kwargs	var_keyword	-	-
manimlib.mobject.probability:SampleSpace.divide_vertically	0	self	positional_or_keyword	-	-
manimlib.mobject.probability:SampleSpace.divide_vertically	1	args	var_positional	-	-
manimlib.mobject.probability:SampleSpace.divide_vertically	2	kwargs	var_keyword	-	-
manimlib.mobject.probability:SampleSpace.get_bottom_braces_and_labels	0	self	positional_or_keyword	-	-
manimlib.mobject.probability:SampleSpace.get_bottom_braces_and_labels	1	labels	positional_or_keyword	str	-
manimlib.mobject.probability:SampleSpace.get_bottom_braces_and_labels	2	kwargs	var_keyword	-	-
manimlib.mobject.probability:SampleSpace.get_division_along_dimension	0	self	positional_or_keyword	-	-
manimlib.mobject.probability:SampleSpace.get_division_along_dimension	1	p_list	positional_or_keyword	list[float]	-
manimlib.mobject.probability:SampleSpace.get_division_along_dimension	2	dim	positional_or_keyword	int	-
manimlib.mobject.probability:SampleSpace.get_division_along_dimension	3	colors	positional_or_keyword	Iterable[ManimColor]	-
manimlib.mobject.probability:SampleSpace.get_division_along_dimension	4	vect	positional_or_keyword	np.ndarray	-
manimlib.mobject.probability:SampleSpace.get_horizontal_division	0	self	positional_or_keyword	-	-
manimlib.mobject.probability:SampleSpace.get_horizontal_division	1	p_list	positional_or_keyword	list[float]	-
manimlib.mobject.probability:SampleSpace.get_horizontal_division	2	colors	positional_or_keyword	Iterable[ManimColor]	[GREEN_E, BLUE_E]
manimlib.mobject.probability:SampleSpace.get_horizontal_division	3	vect	positional_or_keyword	np.ndarray	DOWN
manimlib.mobject.probability:SampleSpace.get_side_braces_and_labels	0	self	positional_or_keyword	-	-
manimlib.mobject.probability:SampleSpace.get_side_braces_and_labels	1	labels	positional_or_keyword	str	-
manimlib.mobject.probability:SampleSpace.get_side_braces_and_labels	2	direction	positional_or_keyword	np.ndarray	LEFT
manimlib.mobject.probability:SampleSpace.get_side_braces_and_labels	3	kwargs	var_keyword	-	-
manimlib.mobject.probability:SampleSpace.get_subdivision_braces_and_labels	0	self	positional_or_keyword	-	-
manimlib.mobject.probability:SampleSpace.get_subdivision_braces_and_labels	1	parts	positional_or_keyword	VGroup	-
manimlib.mobject.probability:SampleSpace.get_subdivision_braces_and_labels	2	labels	positional_or_keyword	str	-
manimlib.mobject.probability:SampleSpace.get_subdivision_braces_and_labels	3	direction	positional_or_keyword	np.ndarray	-
manimlib.mobject.probability:SampleSpace.get_subdivision_braces_and_labels	4	buff	positional_or_keyword	float	SMALL_BUFF
manimlib.mobject.probability:SampleSpace.get_top_braces_and_labels	0	self	positional_or_keyword	-	-
manimlib.mobject.probability:SampleSpace.get_top_braces_and_labels	1	labels	positional_or_keyword	str	-
manimlib.mobject.probability:SampleSpace.get_top_braces_and_labels	2	kwargs	var_keyword	-	-
manimlib.mobject.probability:SampleSpace.get_vertical_division	0	self	positional_or_keyword	-	-
manimlib.mobject.probability:SampleSpace.get_vertical_division	1	p_list	positional_or_keyword	list[float]	-
manimlib.mobject.probability:SampleSpace.get_vertical_division	2	colors	positional_or_keyword	Iterable[ManimColor]	[MAROON_B, YELLOW]
manimlib.mobject.probability:SampleSpace.get_vertical_division	3	vect	positional_or_keyword	np.ndarray	RIGHT
manimlib.mobject.shape_matchers:BackgroundRectangle.__init__	0	self	positional_or_keyword	-	-
manimlib.mobject.shape_matchers:BackgroundRectangle.__init__	1	mobject	positional_or_keyword	Mobject	-
manimlib.mobject.shape_matchers:BackgroundRectangle.__init__	2	color	positional_or_keyword	ManimColor	None
manimlib.mobject.shape_matchers:BackgroundRectangle.__init__	3	stroke_width	positional_or_keyword	float	0
manimlib.mobject.shape_matchers:BackgroundRectangle.__init__	4	stroke_opacity	positional_or_keyword	float	0
manimlib.mobject.shape_matchers:BackgroundRectangle.__init__	5	fill_opacity	positional_or_keyword	float	0.75
manimlib.mobject.shape_matchers:BackgroundRectangle.__init__	6	buff	positional_or_keyword	float	0
manimlib.mobject.shape_matchers:BackgroundRectangle.__init__	7	kwargs	var_keyword	-	-
manimlib.mobject.shape_matchers:BackgroundRectangle.get_fill_color	0	self	positional_or_keyword	-	-
manimlib.mobject.shape_matchers:BackgroundRectangle.pointwise_become_partial	0	self	positional_or_keyword	-	-
manimlib.mobject.shape_matchers:BackgroundRectangle.pointwise_become_partial	1	mobject	positional_or_keyword	Mobject	-
manimlib.mobject.shape_matchers:BackgroundRectangle.pointwise_become_partial	2	a	positional_or_keyword	float	-
manimlib.mobject.shape_matchers:BackgroundRectangle.pointwise_become_partial	3	b	positional_or_keyword	float	-
manimlib.mobject.shape_matchers:BackgroundRectangle.set_style	0	self	positional_or_keyword	-	-
manimlib.mobject.shape_matchers:BackgroundRectangle.set_style	1	stroke_color	positional_or_keyword	ManimColor | None	None
manimlib.mobject.shape_matchers:BackgroundRectangle.set_style	2	stroke_width	positional_or_keyword	float | None	None
manimlib.mobject.shape_matchers:BackgroundRectangle.set_style	3	fill_color	positional_or_keyword	ManimColor | None	None
manimlib.mobject.shape_matchers:BackgroundRectangle.set_style	4	fill_opacity	positional_or_keyword	float | None	None
manimlib.mobject.shape_matchers:BackgroundRectangle.set_style	5	family	positional_or_keyword	bool	True
manimlib.mobject.shape_matchers:BackgroundRectangle.set_style	6	kwargs	var_keyword	-	-
manimlib.mobject.shape_matchers:Cross.__init__	0	self	positional_or_keyword	-	-
manimlib.mobject.shape_matchers:Cross.__init__	1	mobject	positional_or_keyword	Mobject	-
manimlib.mobject.shape_matchers:Cross.__init__	2	stroke_color	positional_or_keyword	ManimColor	RED
manimlib.mobject.shape_matchers:Cross.__init__	3	stroke_width	positional_or_keyword	float | Sequence[float]	[0, 6, 0]
manimlib.mobject.shape_matchers:Cross.__init__	4	kwargs	var_keyword	-	-
manimlib.mobject.shape_matchers:SurroundingRectangle.__init__	0	self	positional_or_keyword	-	-
manimlib.mobject.shape_matchers:SurroundingRectangle.__init__	1	mobject	positional_or_keyword	Mobject	-
manimlib.mobject.shape_matchers:SurroundingRectangle.__init__	2	buff	positional_or_keyword	float	SMALL_BUFF
manimlib.mobject.shape_matchers:SurroundingRectangle.__init__	3	color	positional_or_keyword	ManimColor	YELLOW
manimlib.mobject.shape_matchers:SurroundingRectangle.__init__	4	kwargs	var_keyword	-	-
manimlib.mobject.shape_matchers:SurroundingRectangle.set_buff	0	self	positional_or_keyword	-	-
manimlib.mobject.shape_matchers:SurroundingRectangle.set_buff	1	buff	positional_or_keyword	-	-
manimlib.mobject.shape_matchers:SurroundingRectangle.surround	0	self	positional_or_keyword	-	-
manimlib.mobject.shape_matchers:SurroundingRectangle.surround	1	mobject	positional_or_keyword	-	-
manimlib.mobject.shape_matchers:SurroundingRectangle.surround	2	buff	positional_or_keyword	-	None
manimlib.mobject.shape_matchers:Underline.__init__	0	self	positional_or_keyword	-	-
manimlib.mobject.shape_matchers:Underline.__init__	1	mobject	positional_or_keyword	Mobject	-
manimlib.mobject.shape_matchers:Underline.__init__	2	buff	positional_or_keyword	float	SMALL_BUFF
manimlib.mobject.shape_matchers:Underline.__init__	3	stroke_color	positional_or_keyword	-	DEFAULT_MOBJECT_COLOR
manimlib.mobject.shape_matchers:Underline.__init__	4	stroke_width	positional_or_keyword	float | Sequence[float]	[0, 3, 3, 0]
manimlib.mobject.shape_matchers:Underline.__init__	5	stretch_factor	positional_or_keyword	-	1.2
manimlib.mobject.shape_matchers:Underline.__init__	6	kwargs	var_keyword	-	-
manimlib.mobject.svg.brace:Brace.__init__	0	self	positional_or_keyword	-	-
manimlib.mobject.svg.brace:Brace.__init__	1	mobject	positional_or_keyword	Mobject	-
manimlib.mobject.svg.brace:Brace.__init__	2	direction	positional_or_keyword	Vect3	DOWN
manimlib.mobject.svg.brace:Brace.__init__	3	buff	positional_or_keyword	float	0.2
manimlib.mobject.svg.brace:Brace.__init__	4	tex_string	positional_or_keyword	str	'\\underbrace{\\qquad}'
manimlib.mobject.svg.brace:Brace.__init__	5	kwargs	var_keyword	-	-
manimlib.mobject.svg.brace:Brace.get_direction	0	self	positional_or_keyword	-	-
manimlib.mobject.svg.brace:Brace.get_tex	0	self	positional_or_keyword	-	-
manimlib.mobject.svg.brace:Brace.get_tex	1	tex	var_positional	str	-
manimlib.mobject.svg.brace:Brace.get_tex	2	kwargs	var_keyword	-	-
manimlib.mobject.svg.brace:Brace.get_text	0	self	positional_or_keyword	-	-
manimlib.mobject.svg.brace:Brace.get_text	1	text	positional_or_keyword	str	-
manimlib.mobject.svg.brace:Brace.get_text	2	kwargs	var_keyword	-	-
manimlib.mobject.svg.brace:Brace.get_tip	0	self	positional_or_keyword	-	-
manimlib.mobject.svg.brace:Brace.put_at_tip	0	self	positional_or_keyword	-	-
manimlib.mobject.svg.brace:Brace.put_at_tip	1	mob	positional_or_keyword	Mobject	-
manimlib.mobject.svg.brace:Brace.put_at_tip	2	use_next_to	positional_or_keyword	bool	True
manimlib.mobject.svg.brace:Brace.put_at_tip	3	kwargs	var_keyword	-	-
manimlib.mobject.svg.brace:Brace.set_initial_width	0	self	positional_or_keyword	-	-
manimlib.mobject.svg.brace:Brace.set_initial_width	1	width	positional_or_keyword	float	-
manimlib.mobject.svg.brace:BraceLabel.__init__	0	self	positional_or_keyword	-	-
manimlib.mobject.svg.brace:BraceLabel.__init__	1	obj	positional_or_keyword	VMobject | list[VMobject]	-
manimlib.mobject.svg.brace:BraceLabel.__init__	2	text	positional_or_keyword	str | Iterable[str]	-
manimlib.mobject.svg.brace:BraceLabel.__init__	3	brace_direction	positional_or_keyword	np.ndarray	DOWN
manimlib.mobject.svg.brace:BraceLabel.__init__	4	label_scale	positional_or_keyword	float	1.0
manimlib.mobject.svg.brace:BraceLabel.__init__	5	label_buff	positional_or_keyword	float	DEFAULT_MOBJECT_TO_MOBJECT_BUFF
manimlib.mobject.svg.brace:BraceLabel.__init__	6	kwargs	var_keyword	-	-
manimlib.mobject.svg.brace:BraceLabel.change_brace_label	0	self	positional_or_keyword	-	-
manimlib.mobject.svg.brace:BraceLabel.change_brace_label	1	obj	positional_or_keyword	VMobject | list[VMobject]	-
manimlib.mobject.svg.brace:BraceLabel.change_brace_label	2	text	var_positional	str	-
manimlib.mobject.svg.brace:BraceLabel.change_label	0	self	positional_or_keyword	-	-
manimlib.mobject.svg.brace:BraceLabel.change_label	1	text	var_positional	str	-
manimlib.mobject.svg.brace:BraceLabel.change_label	2	kwargs	var_keyword	-	-
manimlib.mobject.svg.brace:BraceLabel.copy	0	self	positional_or_keyword	-	-
manimlib.mobject.svg.brace:BraceLabel.creation_anim	0	self	positional_or_keyword	-	-
manimlib.mobject.svg.brace:BraceLabel.creation_anim	1	label_anim	positional_or_keyword	Animation	FadeIn
manimlib.mobject.svg.brace:BraceLabel.creation_anim	2	brace_anim	positional_or_keyword	Animation	GrowFromCenter
manimlib.mobject.svg.brace:BraceLabel.shift_brace	0	self	positional_or_keyword	-	-
manimlib.mobject.svg.brace:BraceLabel.shift_brace	1	obj	positional_or_keyword	VMobject | list[VMobject]	-
manimlib.mobject.svg.brace:BraceLabel.shift_brace	2	kwargs	var_keyword	-	-
manimlib.mobject.svg.brace:LineBrace.__init__	0	self	positional_or_keyword	-	-
manimlib.mobject.svg.brace:LineBrace.__init__	1	line	positional_or_keyword	Line	-
manimlib.mobject.svg.brace:LineBrace.__init__	2	direction	positional_or_keyword	-	UP
manimlib.mobject.svg.brace:LineBrace.__init__	3	kwargs	var_keyword	-	-
manimlib.mobject.svg.drawings:Bubble.__init__	0	self	positional_or_keyword	-	-
manimlib.mobject.svg.drawings:Bubble.__init__	1	content	positional_or_keyword	str | VMobject | None	None
manimlib.mobject.svg.drawings:Bubble.__init__	2	buff	positional_or_keyword	float	1.0
manimlib.mobject.svg.drawings:Bubble.__init__	3	filler_shape	positional_or_keyword	Tuple[float, float]	(3.0, 2.0)
manimlib.mobject.svg.drawings:Bubble.__init__	4	pin_point	positional_or_keyword	Vect3 | None	None
manimlib.mobject.svg.drawings:Bubble.__init__	5	direction	positional_or_keyword	Vect3	LEFT
manimlib.mobject.svg.drawings:Bubble.__init__	6	add_content	positional_or_keyword	bool	True
manimlib.mobject.svg.drawings:Bubble.__init__	7	fill_color	positional_or_keyword	ManimColor	BLACK
manimlib.mobject.svg.drawings:Bubble.__init__	8	fill_opacity	positional_or_keyword	float	0.8
manimlib.mobject.svg.drawings:Bubble.__init__	9	stroke_color	positional_or_keyword	ManimColor	WHITE
manimlib.mobject.svg.drawings:Bubble.__init__	10	stroke_width	positional_or_keyword	float	3.0
manimlib.mobject.svg.drawings:Bubble.__init__	11	kwargs	var_keyword	-	-
manimlib.mobject.svg.drawings:Bubble.add_content	0	self	positional_or_keyword	-	-
manimlib.mobject.svg.drawings:Bubble.add_content	1	mobject	positional_or_keyword	-	-
manimlib.mobject.svg.drawings:Bubble.clear	0	self	positional_or_keyword	-	-
manimlib.mobject.svg.drawings:Bubble.flip	0	self	positional_or_keyword	-	-
manimlib.mobject.svg.drawings:Bubble.flip	1	axis	positional_or_keyword	-	UP
manimlib.mobject.svg.drawings:Bubble.flip	2	only_body	positional_or_keyword	-	True
manimlib.mobject.svg.drawings:Bubble.flip	3	kwargs	var_keyword	-	-
manimlib.mobject.svg.drawings:Bubble.get_body	0	self	positional_or_keyword	-	-
manimlib.mobject.svg.drawings:Bubble.get_body	1	content	positional_or_keyword	VMobject	-
manimlib.mobject.svg.drawings:Bubble.get_body	2	direction	positional_or_keyword	Vect3	-
manimlib.mobject.svg.drawings:Bubble.get_body	3	buff	positional_or_keyword	float	-
manimlib.mobject.svg.drawings:Bubble.get_bubble_center	0	self	positional_or_keyword	-	-
manimlib.mobject.svg.drawings:Bubble.get_tip	0	self	positional_or_keyword	-	-
manimlib.mobject.svg.drawings:Bubble.move_tip_to	0	self	positional_or_keyword	-	-
manimlib.mobject.svg.drawings:Bubble.move_tip_to	1	point	positional_or_keyword	-	-
manimlib.mobject.svg.drawings:Bubble.pin_to	0	self	positional_or_keyword	-	-
manimlib.mobject.svg.drawings:Bubble.pin_to	1	mobject	positional_or_keyword	-	-
manimlib.mobject.svg.drawings:Bubble.pin_to	2	auto_flip	positional_or_keyword	-	False
manimlib.mobject.svg.drawings:Bubble.position_mobject_inside	0	self	positional_or_keyword	-	-
manimlib.mobject.svg.drawings:Bubble.position_mobject_inside	1	mobject	positional_or_keyword	-	-
manimlib.mobject.svg.drawings:Bubble.position_mobject_inside	2	buff	positional_or_keyword	-	MED_LARGE_BUFF
manimlib.mobject.svg.drawings:Bubble.resize_to_content	0	self	positional_or_keyword	-	-
manimlib.mobject.svg.drawings:Bubble.resize_to_content	1	buff	positional_or_keyword	-	1.0
manimlib.mobject.svg.drawings:Bubble.write	0	self	positional_or_keyword	-	-
manimlib.mobject.svg.drawings:Bubble.write	1	text	positional_or_keyword	-	-
manimlib.mobject.svg.drawings:Clock.__init__	0	self	positional_or_keyword	-	-
manimlib.mobject.svg.drawings:Clock.__init__	1	stroke_color	positional_or_keyword	ManimColor	WHITE
manimlib.mobject.svg.drawings:Clock.__init__	2	stroke_width	positional_or_keyword	float	3.0
manimlib.mobject.svg.drawings:Clock.__init__	3	hour_hand_height	positional_or_keyword	float	0.3
manimlib.mobject.svg.drawings:Clock.__init__	4	minute_hand_height	positional_or_keyword	float	0.6
manimlib.mobject.svg.drawings:Clock.__init__	5	tick_length	positional_or_keyword	float	0.1
manimlib.mobject.svg.drawings:Clock.__init__	6	kwargs	var_keyword	-	-
manimlib.mobject.svg.drawings:ClockPassesTime.__init__	0	self	positional_or_keyword	-	-
manimlib.mobject.svg.drawings:ClockPassesTime.__init__	1	clock	positional_or_keyword	Clock	-
manimlib.mobject.svg.drawings:ClockPassesTime.__init__	2	run_time	positional_or_keyword	float	5.0
manimlib.mobject.svg.drawings:ClockPassesTime.__init__	3	hours_passed	positional_or_keyword	float	12.0
manimlib.mobject.svg.drawings:ClockPassesTime.__init__	4	rate_func	positional_or_keyword	Callable[[float], float]	linear
manimlib.mobject.svg.drawings:ClockPassesTime.__init__	5	kwargs	var_keyword	-	-
manimlib.mobject.svg.drawings:Dartboard.__init__	0	self	positional_or_keyword	-	-
manimlib.mobject.svg.drawings:Dartboard.__init__	1	kwargs	var_keyword	-	-
manimlib.mobject.svg.drawings:DieFace.__init__	0	self	positional_or_keyword	-	-
manimlib.mobject.svg.drawings:DieFace.__init__	1	value	positional_or_keyword	int	-
manimlib.mobject.svg.drawings:DieFace.__init__	2	side_length	positional_or_keyword	float	1.0
manimlib.mobject.svg.drawings:DieFace.__init__	3	corner_radius	positional_or_keyword	float	0.15
manimlib.mobject.svg.drawings:DieFace.__init__	4	stroke_color	positional_or_keyword	ManimColor	WHITE
manimlib.mobject.svg.drawings:DieFace.__init__	5	stroke_width	positional_or_keyword	float	2.0
manimlib.mobject.svg.drawings:DieFace.__init__	6	fill_color	positional_or_keyword	ManimColor	GREY_E
manimlib.mobject.svg.drawings:DieFace.__init__	7	dot_radius	positional_or_keyword	float	0.08
manimlib.mobject.svg.drawings:DieFace.__init__	8	dot_color	positional_or_keyword	ManimColor	WHITE
manimlib.mobject.svg.drawings:DieFace.__init__	9	dot_coalesce_factor	positional_or_keyword	float	0.5
manimlib.mobject.svg.drawings:Laptop.__init__	0	self	positional_or_keyword	-	-
manimlib.mobject.svg.drawings:Laptop.__init__	1	width	positional_or_keyword	float	3
manimlib.mobject.svg.drawings:Laptop.__init__	2	body_dimensions	positional_or_keyword	Tuple[float, float, float]	(4.0, 3.0, 0.05)
manimlib.mobject.svg.drawings:Laptop.__init__	3	screen_thickness	positional_or_keyword	float	0.01
manimlib.mobject.svg.drawings:Laptop.__init__	4	keyboard_width_to_body_width	positional_or_keyword	float	0.9
manimlib.mobject.svg.drawings:Laptop.__init__	5	keyboard_height_to_body_height	positional_or_keyword	float	0.5
manimlib.mobject.svg.drawings:Laptop.__init__	6	screen_width_to_screen_plate_width	positional_or_keyword	float	0.9
manimlib.mobject.svg.drawings:Laptop.__init__	7	key_color_kwargs	positional_or_keyword	dict	dict(stroke_width=0, fill_color=BLACK, fill_opacity=1)
manimlib.mobject.svg.drawings:Laptop.__init__	8	fill_opacity	positional_or_keyword	float	1.0
manimlib.mobject.svg.drawings:Laptop.__init__	9	stroke_width	positional_or_keyword	float	0.0
manimlib.mobject.svg.drawings:Laptop.__init__	10	body_color	positional_or_keyword	ManimColor	GREY_B
manimlib.mobject.svg.drawings:Laptop.__init__	11	shaded_body_color	positional_or_keyword	ManimColor	GREY
manimlib.mobject.svg.drawings:Laptop.__init__	12	open_angle	positional_or_keyword	float	np.pi / 4
manimlib.mobject.svg.drawings:Laptop.__init__	13	kwargs	var_keyword	-	-
manimlib.mobject.svg.drawings:Lightbulb.__init__	0	self	positional_or_keyword	-	-
manimlib.mobject.svg.drawings:Lightbulb.__init__	1	height	positional_or_keyword	float	1.0
manimlib.mobject.svg.drawings:Lightbulb.__init__	2	color	positional_or_keyword	ManimColor	YELLOW
manimlib.mobject.svg.drawings:Lightbulb.__init__	3	stroke_width	positional_or_keyword	float	3.0
manimlib.mobject.svg.drawings:Lightbulb.__init__	4	fill_opacity	positional_or_keyword	float	0.0
manimlib.mobject.svg.drawings:Lightbulb.__init__	5	kwargs	var_keyword	-	-
manimlib.mobject.svg.drawings:OldThoughtBubble.get_body	0	self	positional_or_keyword	-	-
manimlib.mobject.svg.drawings:OldThoughtBubble.get_body	1	content	positional_or_keyword	VMobject	-
manimlib.mobject.svg.drawings:OldThoughtBubble.get_body	2	direction	positional_or_keyword	Vect3	-
manimlib.mobject.svg.drawings:OldThoughtBubble.get_body	3	buff	positional_or_keyword	float	-
manimlib.mobject.svg.drawings:OldThoughtBubble.make_green_screen	0	self	positional_or_keyword	-	-
manimlib.mobject.svg.drawings:Piano.__init__	0	self	positional_or_keyword	-	-
manimlib.mobject.svg.drawings:Piano.__init__	1	n_white_keys	positional_or_keyword	-	52
manimlib.mobject.svg.drawings:Piano.__init__	2	black_pattern	positional_or_keyword	-	[0, 2, 3, 5, 6]
manimlib.mobject.svg.drawings:Piano.__init__	3	white_keys_per_octave	positional_or_keyword	-	7
manimlib.mobject.svg.drawings:Piano.__init__	4	white_key_dims	positional_or_keyword	-	(0.15, 1.0)
manimlib.mobject.svg.drawings:Piano.__init__	5	black_key_dims	positional_or_keyword	-	(0.1, 0.66)
manimlib.mobject.svg.drawings:Piano.__init__	6	key_buff	positional_or_keyword	-	0.02
manimlib.mobject.svg.drawings:Piano.__init__	7	white_key_color	positional_or_keyword	-	WHITE
manimlib.mobject.svg.drawings:Piano.__init__	8	black_key_color	positional_or_keyword	-	GREY_E
manimlib.mobject.svg.drawings:Piano.__init__	9	total_width	positional_or_keyword	-	13
manimlib.mobject.svg.drawings:Piano.__init__	10	kwargs	var_keyword	-	-
manimlib.mobject.svg.drawings:Piano.add_black_keys	0	self	positional_or_keyword	-	-
manimlib.mobject.svg.drawings:Piano.add_white_keys	0	self	positional_or_keyword	-	-
manimlib.mobject.svg.drawings:Piano.sort_keys	0	self	positional_or_keyword	-	-
manimlib.mobject.svg.drawings:Piano3D.__init__	0	self	positional_or_keyword	-	-
manimlib.mobject.svg.drawings:Piano3D.__init__	1	shading	positional_or_keyword	Tuple[float, float, float]	(1.0, 0.2, 0.2)
manimlib.mobject.svg.drawings:Piano3D.__init__	2	stroke_width	positional_or_keyword	float	0.25
manimlib.mobject.svg.drawings:Piano3D.__init__	3	stroke_color	positional_or_keyword	ManimColor	BLACK
manimlib.mobject.svg.drawings:Piano3D.__init__	4	key_depth	positional_or_keyword	float	0.1
manimlib.mobject.svg.drawings:Piano3D.__init__	5	black_key_shift	positional_or_keyword	float	0.05
manimlib.mobject.svg.drawings:Piano3D.__init__	6	piano_2d_config	positional_or_keyword	dict	dict(white_key_color=GREY_A, key_buff=0.001)
manimlib.mobject.svg.drawings:Piano3D.__init__	7	kwargs	var_keyword	-	-
manimlib.mobject.svg.drawings:SpeechBubble.__init__	0	self	positional_or_keyword	-	-
manimlib.mobject.svg.drawings:SpeechBubble.__init__	1	content	positional_or_keyword	str | VMobject | None	None
manimlib.mobject.svg.drawings:SpeechBubble.__init__	2	buff	positional_or_keyword	float	MED_SMALL_BUFF
manimlib.mobject.svg.drawings:SpeechBubble.__init__	3	filler_shape	positional_or_keyword	Tuple[float, float]	(2.0, 1.0)
manimlib.mobject.svg.drawings:SpeechBubble.__init__	4	stem_height_to_bubble_height	positional_or_keyword	float	0.5
manimlib.mobject.svg.drawings:SpeechBubble.__init__	5	stem_top_x_props	positional_or_keyword	Tuple[float, float]	(0.2, 0.3)
manimlib.mobject.svg.drawings:SpeechBubble.__init__	6	kwargs	var_keyword	-	-
manimlib.mobject.svg.drawings:SpeechBubble.get_body	0	self	positional_or_keyword	-	-
manimlib.mobject.svg.drawings:SpeechBubble.get_body	1	content	positional_or_keyword	VMobject	-
manimlib.mobject.svg.drawings:SpeechBubble.get_body	2	direction	positional_or_keyword	Vect3	-
manimlib.mobject.svg.drawings:SpeechBubble.get_body	3	buff	positional_or_keyword	float	-
manimlib.mobject.svg.drawings:Speedometer.__init__	0	self	positional_or_keyword	-	-
manimlib.mobject.svg.drawings:Speedometer.__init__	1	arc_angle	positional_or_keyword	float	4 * PI / 3
manimlib.mobject.svg.drawings:Speedometer.__init__	2	num_ticks	positional_or_keyword	int	8
manimlib.mobject.svg.drawings:Speedometer.__init__	3	tick_length	positional_or_keyword	float	0.2
manimlib.mobject.svg.drawings:Speedometer.__init__	4	needle_width	positional_or_keyword	float	0.1
manimlib.mobject.svg.drawings:Speedometer.__init__	5	needle_height	positional_or_keyword	float	0.8
manimlib.mobject.svg.drawings:Speedometer.__init__	6	needle_color	positional_or_keyword	ManimColor	YELLOW
manimlib.mobject.svg.drawings:Speedometer.__init__	7	kwargs	var_keyword	-	-
manimlib.mobject.svg.drawings:Speedometer.get_center	0	self	positional_or_keyword	-	-
manimlib.mobject.svg.drawings:Speedometer.get_needle_angle	0	self	positional_or_keyword	-	-
manimlib.mobject.svg.drawings:Speedometer.get_needle_tip	0	self	positional_or_keyword	-	-
manimlib.mobject.svg.drawings:Speedometer.move_needle_to_velocity	0	self	positional_or_keyword	-	-
manimlib.mobject.svg.drawings:Speedometer.move_needle_to_velocity	1	velocity	positional_or_keyword	-	-
manimlib.mobject.svg.drawings:Speedometer.rotate_needle	0	self	positional_or_keyword	-	-
manimlib.mobject.svg.drawings:Speedometer.rotate_needle	1	angle	positional_or_keyword	-	-
manimlib.mobject.svg.drawings:ThoughtBubble.__init__	0	self	positional_or_keyword	-	-
manimlib.mobject.svg.drawings:ThoughtBubble.__init__	1	content	positional_or_keyword	str | VMobject | None	None
manimlib.mobject.svg.drawings:ThoughtBubble.__init__	2	buff	positional_or_keyword	float	SMALL_BUFF
manimlib.mobject.svg.drawings:ThoughtBubble.__init__	3	filler_shape	positional_or_keyword	Tuple[float, float]	(2.0, 1.0)
manimlib.mobject.svg.drawings:ThoughtBubble.__init__	4	bulge_radius	positional_or_keyword	float	0.35
manimlib.mobject.svg.drawings:ThoughtBubble.__init__	5	bulge_overlap	positional_or_keyword	float	0.25
manimlib.mobject.svg.drawings:ThoughtBubble.__init__	6	noise_factor	positional_or_keyword	float	0.1
manimlib.mobject.svg.drawings:ThoughtBubble.__init__	7	circle_radii	positional_or_keyword	list[float]	[0.1, 0.15, 0.2]
manimlib.mobject.svg.drawings:ThoughtBubble.__init__	8	kwargs	var_keyword	-	-
manimlib.mobject.svg.drawings:ThoughtBubble.get_body	0	self	positional_or_keyword	-	-
manimlib.mobject.svg.drawings:ThoughtBubble.get_body	1	content	positional_or_keyword	VMobject	-
manimlib.mobject.svg.drawings:ThoughtBubble.get_body	2	direction	positional_or_keyword	Vect3	-
manimlib.mobject.svg.drawings:ThoughtBubble.get_body	3	buff	positional_or_keyword	float	-
manimlib.mobject.svg.drawings:VectorizedEarth.__init__	0	self	positional_or_keyword	-	-
manimlib.mobject.svg.drawings:VectorizedEarth.__init__	1	height	positional_or_keyword	float	2.0
manimlib.mobject.svg.drawings:VectorizedEarth.__init__	2	kwargs	var_keyword	-	-
manimlib.mobject.svg.drawings:VideoIcon.__init__	0	self	positional_or_keyword	-	-
manimlib.mobject.svg.drawings:VideoIcon.__init__	1	width	positional_or_keyword	float	1.2
manimlib.mobject.svg.drawings:VideoIcon.__init__	2	color	positional_or_keyword	-	BLUE_A
manimlib.mobject.svg.drawings:VideoIcon.__init__	3	kwargs	var_keyword	-	-
manimlib.mobject.svg.drawings:VideoSeries.__init__	0	self	positional_or_keyword	-	-
manimlib.mobject.svg.drawings:VideoSeries.__init__	1	num_videos	positional_or_keyword	int	11
manimlib.mobject.svg.drawings:VideoSeries.__init__	2	gradient_colors	positional_or_keyword	Sequence[ManimColor]	[BLUE_B, BLUE_D]
manimlib.mobject.svg.drawings:VideoSeries.__init__	3	width	positional_or_keyword	float	FRAME_WIDTH - MED_LARGE_BUFF
manimlib.mobject.svg.drawings:VideoSeries.__init__	4	kwargs	var_keyword	-	-
manimlib.mobject.svg.old_tex_mobject:OldTex.__init__	0	self	positional_or_keyword	-	-
manimlib.mobject.svg.old_tex_mobject:OldTex.__init__	1	tex_strings	var_positional	str	-
manimlib.mobject.svg.old_tex_mobject:OldTex.__init__	2	arg_separator	keyword_only	str	''
manimlib.mobject.svg.old_tex_mobject:OldTex.__init__	3	isolate	keyword_only	List[str]	[]
manimlib.mobject.svg.old_tex_mobject:OldTex.__init__	4	tex_to_color_map	keyword_only	Dict[str, ManimColor]	{}
manimlib.mobject.svg.old_tex_mobject:OldTex.__init__	5	kwargs	var_keyword	-	-
manimlib.mobject.svg.old_tex_mobject:OldTex.break_up_by_substrings	0	self	positional_or_keyword	-	-
manimlib.mobject.svg.old_tex_mobject:OldTex.break_up_by_substrings	1	tex_strings	positional_or_keyword	Iterable[str]	-
manimlib.mobject.svg.old_tex_mobject:OldTex.break_up_tex_strings	0	self	positional_or_keyword	-	-
manimlib.mobject.svg.old_tex_mobject:OldTex.break_up_tex_strings	1	tex_strings	positional_or_keyword	Iterable[str]	-
manimlib.mobject.svg.old_tex_mobject:OldTex.break_up_tex_strings	2	substrings_to_isolate	positional_or_keyword	List[str]	[]
manimlib.mobject.svg.old_tex_mobject:OldTex.get_part_by_tex	0	self	positional_or_keyword	-	-
manimlib.mobject.svg.old_tex_mobject:OldTex.get_part_by_tex	1	tex	positional_or_keyword	str	-
manimlib.mobject.svg.old_tex_mobject:OldTex.get_part_by_tex	2	kwargs	var_keyword	-	-
manimlib.mobject.svg.old_tex_mobject:OldTex.get_parts_by_tex	0	self	positional_or_keyword	-	-
manimlib.mobject.svg.old_tex_mobject:OldTex.get_parts_by_tex	1	tex	positional_or_keyword	str	-
manimlib.mobject.svg.old_tex_mobject:OldTex.get_parts_by_tex	2	substring	positional_or_keyword	bool	True
manimlib.mobject.svg.old_tex_mobject:OldTex.get_parts_by_tex	3	case_sensitive	positional_or_keyword	bool	True
manimlib.mobject.svg.old_tex_mobject:OldTex.index_of_part	0	self	positional_or_keyword	-	-
manimlib.mobject.svg.old_tex_mobject:OldTex.index_of_part	1	part	positional_or_keyword	SingleStringTex	-
manimlib.mobject.svg.old_tex_mobject:OldTex.index_of_part	2	start	positional_or_keyword	int	0
manimlib.mobject.svg.old_tex_mobject:OldTex.index_of_part_by_tex	0	self	positional_or_keyword	-	-
manimlib.mobject.svg.old_tex_mobject:OldTex.index_of_part_by_tex	1	tex	positional_or_keyword	str	-
manimlib.mobject.svg.old_tex_mobject:OldTex.index_of_part_by_tex	2	start	positional_or_keyword	int	0
manimlib.mobject.svg.old_tex_mobject:OldTex.index_of_part_by_tex	3	kwargs	var_keyword	-	-
manimlib.mobject.svg.old_tex_mobject:OldTex.set_bstroke	0	self	positional_or_keyword	-	-
manimlib.mobject.svg.old_tex_mobject:OldTex.set_bstroke	1	color	positional_or_keyword	ManimColor	BLACK
manimlib.mobject.svg.old_tex_mobject:OldTex.set_bstroke	2	width	positional_or_keyword	float	4
manimlib.mobject.svg.old_tex_mobject:OldTex.set_color_by_tex	0	self	positional_or_keyword	-	-
manimlib.mobject.svg.old_tex_mobject:OldTex.set_color_by_tex	1	tex	positional_or_keyword	str	-
manimlib.mobject.svg.old_tex_mobject:OldTex.set_color_by_tex	2	color	positional_or_keyword	ManimColor	-
manimlib.mobject.svg.old_tex_mobject:OldTex.set_color_by_tex	3	kwargs	var_keyword	-	-
manimlib.mobject.svg.old_tex_mobject:OldTex.set_color_by_tex_to_color_map	0	self	positional_or_keyword	-	-
manimlib.mobject.svg.old_tex_mobject:OldTex.set_color_by_tex_to_color_map	1	tex_to_color_map	positional_or_keyword	dict[str, ManimColor]	-
manimlib.mobject.svg.old_tex_mobject:OldTex.set_color_by_tex_to_color_map	2	kwargs	var_keyword	-	-
manimlib.mobject.svg.old_tex_mobject:OldTex.slice_by_tex	0	self	positional_or_keyword	-	-
manimlib.mobject.svg.old_tex_mobject:OldTex.slice_by_tex	1	start_tex	positional_or_keyword	str | None	None
manimlib.mobject.svg.old_tex_mobject:OldTex.slice_by_tex	2	stop_tex	positional_or_keyword	str | None	None
manimlib.mobject.svg.old_tex_mobject:OldTex.slice_by_tex	3	kwargs	var_keyword	-	-
manimlib.mobject.svg.old_tex_mobject:OldTex.sort_alphabetically	0	self	positional_or_keyword	-	-
manimlib.mobject.svg.old_tex_mobject:OldTexText.__init__	0	self	positional_or_keyword	-	-
manimlib.mobject.svg.old_tex_mobject:OldTexText.__init__	1	tex_strings	var_positional	str	-
manimlib.mobject.svg.old_tex_mobject:OldTexText.__init__	2	math_mode	keyword_only	bool	False
manimlib.mobject.svg.old_tex_mobject:OldTexText.__init__	3	arg_separator	keyword_only	str	''
manimlib.mobject.svg.old_tex_mobject:OldTexText.__init__	4	kwargs	var_keyword	-	-
manimlib.mobject.svg.old_tex_mobject:SingleStringTex.__init__	0	self	positional_or_keyword	-	-
manimlib.mobject.svg.old_tex_mobject:SingleStringTex.__init__	1	tex_string	positional_or_keyword	str	-
manimlib.mobject.svg.old_tex_mobject:SingleStringTex.__init__	2	height	positional_or_keyword	float | None	None
manimlib.mobject.svg.old_tex_mobject:SingleStringTex.__init__	3	fill_color	positional_or_keyword	ManimColor	DEFAULT_MOBJECT_COLOR
manimlib.mobject.svg.old_tex_mobject:SingleStringTex.__init__	4	fill_opacity	positional_or_keyword	float	1.0
manimlib.mobject.svg.old_tex_mobject:SingleStringTex.__init__	5	stroke_width	positional_or_keyword	float	0
manimlib.mobject.svg.old_tex_mobject:SingleStringTex.__init__	6	svg_default	positional_or_keyword	dict	dict(fill_color=DEFAULT_MOBJECT_COLOR)
manimlib.mobject.svg.old_tex_mobject:SingleStringTex.__init__	7	path_string_config	positional_or_keyword	dict	dict()
manimlib.mobject.svg.old_tex_mobject:SingleStringTex.__init__	8	font_size	positional_or_keyword	int	48
manimlib.mobject.svg.old_tex_mobject:SingleStringTex.__init__	9	alignment	positional_or_keyword	str	'\\centering'
manimlib.mobject.svg.old_tex_mobject:SingleStringTex.__init__	10	math_mode	positional_or_keyword	bool	True
manimlib.mobject.svg.old_tex_mobject:SingleStringTex.__init__	11	organize_left_to_right	positional_or_keyword	bool	False
manimlib.mobject.svg.old_tex_mobject:SingleStringTex.__init__	12	template	positional_or_keyword	str	''
manimlib.mobject.svg.old_tex_mobject:SingleStringTex.__init__	13	additional_preamble	positional_or_keyword	str	''
manimlib.mobject.svg.old_tex_mobject:SingleStringTex.__init__	14	kwargs	var_keyword	-	-
manimlib.mobject.svg.old_tex_mobject:SingleStringTex.balance_braces	0	self	positional_or_keyword	-	-
manimlib.mobject.svg.old_tex_mobject:SingleStringTex.balance_braces	1	tex	positional_or_keyword	str	-
manimlib.mobject.svg.old_tex_mobject:SingleStringTex.get_modified_expression	0	self	positional_or_keyword	-	-
manimlib.mobject.svg.old_tex_mobject:SingleStringTex.get_modified_expression	1	tex_string	positional_or_keyword	str	-
manimlib.mobject.svg.old_tex_mobject:SingleStringTex.get_svg_string_by_content	0	self	positional_or_keyword	-	-
manimlib.mobject.svg.old_tex_mobject:SingleStringTex.get_svg_string_by_content	1	content	positional_or_keyword	str	-
manimlib.mobject.svg.old_tex_mobject:SingleStringTex.get_tex	0	self	positional_or_keyword	-	-
manimlib.mobject.svg.old_tex_mobject:SingleStringTex.get_tex_file_body	0	self	positional_or_keyword	-	-
manimlib.mobject.svg.old_tex_mobject:SingleStringTex.get_tex_file_body	1	tex_string	positional_or_keyword	str	-
manimlib.mobject.svg.old_tex_mobject:SingleStringTex.hash_seed	0	self	positional_or_keyword	-	-
manimlib.mobject.svg.old_tex_mobject:SingleStringTex.modify_special_strings	0	self	positional_or_keyword	-	-
manimlib.mobject.svg.old_tex_mobject:SingleStringTex.modify_special_strings	1	tex	positional_or_keyword	str	-
manimlib.mobject.svg.old_tex_mobject:SingleStringTex.organize_submobjects_left_to_right	0	self	positional_or_keyword	-	-
manimlib.mobject.svg.special_tex:BulletedList.__init__	0	self	positional_or_keyword	-	-
manimlib.mobject.svg.special_tex:BulletedList.__init__	1	items	var_positional	str	-
manimlib.mobject.svg.special_tex:BulletedList.__init__	2	buff	keyword_only	float	MED_LARGE_BUFF
manimlib.mobject.svg.special_tex:BulletedList.__init__	3	aligned_edge	keyword_only	Vect3	LEFT
manimlib.mobject.svg.special_tex:BulletedList.__init__	4	numbered	keyword_only	bool	False
manimlib.mobject.svg.special_tex:BulletedList.__init__	5	kwargs	var_keyword	-	-
manimlib.mobject.svg.special_tex:BulletedList.fade_all_but	0	self	positional_or_keyword	-	-
manimlib.mobject.svg.special_tex:BulletedList.fade_all_but	1	index	positional_or_keyword	int	-
manimlib.mobject.svg.special_tex:BulletedList.fade_all_but	2	opacity	positional_or_keyword	float	0.25
manimlib.mobject.svg.special_tex:BulletedList.fade_all_but	3	scale_factor	positional_or_keyword	-	0.7
manimlib.mobject.svg.special_tex:TexTextFromPresetString.__init__	0	self	positional_or_keyword	-	-
manimlib.mobject.svg.special_tex:TexTextFromPresetString.__init__	1	kwargs	var_keyword	-	-
manimlib.mobject.svg.special_tex:Title.__init__	0	self	positional_or_keyword	-	-
manimlib.mobject.svg.special_tex:Title.__init__	1	text_parts	var_positional	str	-
manimlib.mobject.svg.special_tex:Title.__init__	2	font_size	keyword_only	int	72
manimlib.mobject.svg.special_tex:Title.__init__	3	include_underline	keyword_only	bool	True
manimlib.mobject.svg.special_tex:Title.__init__	4	underline_width	keyword_only	float	FRAME_WIDTH - 2
manimlib.mobject.svg.special_tex:Title.__init__	5	match_underline_width_to_text	keyword_only	bool	False
manimlib.mobject.svg.special_tex:Title.__init__	6	underline_buff	keyword_only	float	SMALL_BUFF
manimlib.mobject.svg.special_tex:Title.__init__	7	underline_style	keyword_only	dict	dict(stroke_width=2, stroke_color=GREY_C)
manimlib.mobject.svg.special_tex:Title.__init__	8	kwargs	var_keyword	-	-
manimlib.mobject.svg.string_mobject:StringMobject.__init__	0	self	positional_or_keyword	-	-
manimlib.mobject.svg.string_mobject:StringMobject.__init__	1	string	positional_or_keyword	str	-
manimlib.mobject.svg.string_mobject:StringMobject.__init__	2	fill_color	positional_or_keyword	ManimColor	DEFAULT_MOBJECT_COLOR
manimlib.mobject.svg.string_mobject:StringMobject.__init__	3	fill_border_width	positional_or_keyword	float	0.5
manimlib.mobject.svg.string_mobject:StringMobject.__init__	4	stroke_color	positional_or_keyword	ManimColor	DEFAULT_MOBJECT_COLOR
manimlib.mobject.svg.string_mobject:StringMobject.__init__	5	stroke_width	positional_or_keyword	float	0
manimlib.mobject.svg.string_mobject:StringMobject.__init__	6	base_color	positional_or_keyword	ManimColor	DEFAULT_MOBJECT_COLOR
manimlib.mobject.svg.string_mobject:StringMobject.__init__	7	isolate	positional_or_keyword	Selector	()
manimlib.mobject.svg.string_mobject:StringMobject.__init__	8	protect	positional_or_keyword	Selector	()
manimlib.mobject.svg.string_mobject:StringMobject.__init__	9	use_labelled_svg	positional_or_keyword	bool	False
manimlib.mobject.svg.string_mobject:StringMobject.__init__	10	kwargs	var_keyword	-	-
manimlib.mobject.svg.string_mobject:StringMobject.assign_labels_by_color	0	self	positional_or_keyword	-	-
manimlib.mobject.svg.string_mobject:StringMobject.assign_labels_by_color	1	mobjects	positional_or_keyword	list[VMobject]	-
manimlib.mobject.svg.string_mobject:StringMobject.build_groups	0	self	positional_or_keyword	-	-
manimlib.mobject.svg.string_mobject:StringMobject.build_parts_from_indices_lists	0	self	positional_or_keyword	-	-
manimlib.mobject.svg.string_mobject:StringMobject.build_parts_from_indices_lists	1	indices_lists	positional_or_keyword	list[list[int]]	-
manimlib.mobject.svg.string_mobject:StringMobject.find_spans_by_selector	0	self	positional_or_keyword	-	-
manimlib.mobject.svg.string_mobject:StringMobject.find_spans_by_selector	1	selector	positional_or_keyword	Selector	-
manimlib.mobject.svg.string_mobject:StringMobject.get_attr_dict_from_command_pair	0	open_command	positional_or_keyword	re.Match	-
manimlib.mobject.svg.string_mobject:StringMobject.get_attr_dict_from_command_pair	1	close_command	positional_or_keyword	re.Match	-
manimlib.mobject.svg.string_mobject:StringMobject.get_command_flag	0	match_obj	positional_or_keyword	re.Match	-
manimlib.mobject.svg.string_mobject:StringMobject.get_command_matches	0	string	positional_or_keyword	str	-
manimlib.mobject.svg.string_mobject:StringMobject.get_command_string	0	attr_dict	positional_or_keyword	dict[str, str]	-
manimlib.mobject.svg.string_mobject:StringMobject.get_command_string	1	is_end	positional_or_keyword	bool	-
manimlib.mobject.svg.string_mobject:StringMobject.get_command_string	2	label_hex	positional_or_keyword	str | None	-
manimlib.mobject.svg.string_mobject:StringMobject.get_configured_items	0	self	positional_or_keyword	-	-
manimlib.mobject.svg.string_mobject:StringMobject.get_content	0	self	positional_or_keyword	-	-
manimlib.mobject.svg.string_mobject:StringMobject.get_content	1	is_labelled	positional_or_keyword	bool	-
manimlib.mobject.svg.string_mobject:StringMobject.get_content_prefix_and_suffix	0	self	positional_or_keyword	-	-
manimlib.mobject.svg.string_mobject:StringMobject.get_content_prefix_and_suffix	1	is_labelled	positional_or_keyword	bool	-
manimlib.mobject.svg.string_mobject:StringMobject.get_group_part_items	0	self	positional_or_keyword	-	-
manimlib.mobject.svg.string_mobject:StringMobject.get_specified_part_items	0	self	positional_or_keyword	-	-
manimlib.mobject.svg.string_mobject:StringMobject.get_specified_substrings	0	self	positional_or_keyword	-	-
manimlib.mobject.svg.string_mobject:StringMobject.get_string	0	self	positional_or_keyword	-	-
manimlib.mobject.svg.string_mobject:StringMobject.get_submob_indices_list_by_span	0	self	positional_or_keyword	-	-
manimlib.mobject.svg.string_mobject:StringMobject.get_submob_indices_list_by_span	1	arbitrary_span	positional_or_keyword	Span	-
manimlib.mobject.svg.string_mobject:StringMobject.get_submob_indices_lists_by_selector	0	self	positional_or_keyword	-	-
manimlib.mobject.svg.string_mobject:StringMobject.get_submob_indices_lists_by_selector	1	selector	positional_or_keyword	Selector	-
manimlib.mobject.svg.string_mobject:StringMobject.get_svg_string	0	self	positional_or_keyword	-	-
manimlib.mobject.svg.string_mobject:StringMobject.get_svg_string	1	is_labelled	positional_or_keyword	bool	False
manimlib.mobject.svg.string_mobject:StringMobject.get_svg_string_by_content	0	self	positional_or_keyword	-	-
manimlib.mobject.svg.string_mobject:StringMobject.get_svg_string_by_content	1	content	positional_or_keyword	str	-
manimlib.mobject.svg.string_mobject:StringMobject.get_symbol_substrings	0	self	positional_or_keyword	-	-
manimlib.mobject.svg.string_mobject:StringMobject.mobjects_from_svg_string	0	self	positional_or_keyword	-	-
manimlib.mobject.svg.string_mobject:StringMobject.mobjects_from_svg_string	1	svg_string	positional_or_keyword	str	-
manimlib.mobject.svg.string_mobject:StringMobject.parse	0	self	positional_or_keyword	-	-
manimlib.mobject.svg.string_mobject:StringMobject.rearrange_submobjects_by_positions	0	self	positional_or_keyword	-	-
manimlib.mobject.svg.string_mobject:StringMobject.rearrange_submobjects_by_positions	1	labelled_submobs	positional_or_keyword	list[VMobject]	-
manimlib.mobject.svg.string_mobject:StringMobject.rearrange_submobjects_by_positions	2	unlabelled_submobs	positional_or_keyword	list[VMobject]	-
manimlib.mobject.svg.string_mobject:StringMobject.replace_for_content	0	match_obj	positional_or_keyword	re.Match	-
manimlib.mobject.svg.string_mobject:StringMobject.replace_for_matching	0	match_obj	positional_or_keyword	re.Match	-
manimlib.mobject.svg.string_mobject:StringMobject.select_part	0	self	positional_or_keyword	-	-
manimlib.mobject.svg.string_mobject:StringMobject.select_part	1	selector	positional_or_keyword	Selector	-
manimlib.mobject.svg.string_mobject:StringMobject.select_part	2	index	positional_or_keyword	int	0
manimlib.mobject.svg.string_mobject:StringMobject.select_parts	0	self	positional_or_keyword	-	-
manimlib.mobject.svg.string_mobject:StringMobject.select_parts	1	selector	positional_or_keyword	Selector	-
manimlib.mobject.svg.string_mobject:StringMobject.select_unisolated_substring	0	self	positional_or_keyword	-	-
manimlib.mobject.svg.string_mobject:StringMobject.select_unisolated_substring	1	pattern	positional_or_keyword	str | re.Pattern	-
manimlib.mobject.svg.string_mobject:StringMobject.set_parts_color	0	self	positional_or_keyword	-	-
manimlib.mobject.svg.string_mobject:StringMobject.set_parts_color	1	selector	positional_or_keyword	Selector	-
manimlib.mobject.svg.string_mobject:StringMobject.set_parts_color	2	color	positional_or_keyword	ManimColor	-
manimlib.mobject.svg.string_mobject:StringMobject.set_parts_color_by_dict	0	self	positional_or_keyword	-	-
manimlib.mobject.svg.string_mobject:StringMobject.set_parts_color_by_dict	1	color_map	positional_or_keyword	dict[Selector, ManimColor]	-
manimlib.mobject.svg.string_mobject:StringMobject.span_contains	0	span_0	positional_or_keyword	Span	-
manimlib.mobject.svg.string_mobject:StringMobject.span_contains	1	span_1	positional_or_keyword	Span	-
manimlib.mobject.svg.string_mobject:StringMobject.substr_to_path_count	0	self	positional_or_keyword	-	-
manimlib.mobject.svg.string_mobject:StringMobject.substr_to_path_count	1	substr	positional_or_keyword	str	-
manimlib.mobject.svg.svg_mobject:SVGMobject.__init__	0	self	positional_or_keyword	-	-
manimlib.mobject.svg.svg_mobject:SVGMobject.__init__	1	file_name	positional_or_keyword	str	''
manimlib.mobject.svg.svg_mobject:SVGMobject.__init__	2	svg_string	positional_or_keyword	str	''
manimlib.mobject.svg.svg_mobject:SVGMobject.__init__	3	should_center	positional_or_keyword	bool	True
manimlib.mobject.svg.svg_mobject:SVGMobject.__init__	4	height	positional_or_keyword	float | None	None
manimlib.mobject.svg.svg_mobject:SVGMobject.__init__	5	width	positional_or_keyword	float | None	None
manimlib.mobject.svg.svg_mobject:SVGMobject.__init__	6	color	positional_or_keyword	ManimColor	None
manimlib.mobject.svg.svg_mobject:SVGMobject.__init__	7	fill_color	positional_or_keyword	ManimColor	None
manimlib.mobject.svg.svg_mobject:SVGMobject.__init__	8	fill_opacity	positional_or_keyword	float | None	None
manimlib.mobject.svg.svg_mobject:SVGMobject.__init__	9	stroke_width	positional_or_keyword	float | None	0.0
manimlib.mobject.svg.svg_mobject:SVGMobject.__init__	10	stroke_color	positional_or_keyword	ManimColor	None
manimlib.mobject.svg.svg_mobject:SVGMobject.__init__	11	stroke_opacity	positional_or_keyword	float | None	None
manimlib.mobject.svg.svg_mobject:SVGMobject.__init__	12	svg_default	positional_or_keyword	dict	dict(color=None, opacity=None, fill_color=None, fill_opacity=None, stroke_width=None, stroke_color=None, stroke_opacity=None)
manimlib.mobject.svg.svg_mobject:SVGMobject.__init__	13	path_string_config	positional_or_keyword	dict	dict()
manimlib.mobject.svg.svg_mobject:SVGMobject.__init__	14	kwargs	var_keyword	-	-
manimlib.mobject.svg.svg_mobject:SVGMobject.apply_style_to_mobject	0	mob	positional_or_keyword	VMobject	-
manimlib.mobject.svg.svg_mobject:SVGMobject.apply_style_to_mobject	1	shape	positional_or_keyword	se.GraphicObject	-
manimlib.mobject.svg.svg_mobject:SVGMobject.ellipse_to_mobject	0	self	positional_or_keyword	-	-
manimlib.mobject.svg.svg_mobject:SVGMobject.ellipse_to_mobject	1	ellipse	positional_or_keyword	se.Circle | se.Ellipse	-
manimlib.mobject.svg.svg_mobject:SVGMobject.file_name_to_svg_string	0	self	positional_or_keyword	-	-
manimlib.mobject.svg.svg_mobject:SVGMobject.file_name_to_svg_string	1	file_name	positional_or_keyword	str	-
manimlib.mobject.svg.svg_mobject:SVGMobject.generate_config_style_dict	0	self	positional_or_keyword	-	-
manimlib.mobject.svg.svg_mobject:SVGMobject.handle_transform	0	mob	positional_or_keyword	VMobject	-
manimlib.mobject.svg.svg_mobject:SVGMobject.handle_transform	1	matrix	positional_or_keyword	se.Matrix	-
manimlib.mobject.svg.svg_mobject:SVGMobject.hash_seed	0	self	positional_or_keyword	-	-
manimlib.mobject.svg.svg_mobject:SVGMobject.init_svg_mobject	0	self	positional_or_keyword	-	-
manimlib.mobject.svg.svg_mobject:SVGMobject.line_to_mobject	0	self	positional_or_keyword	-	-
manimlib.mobject.svg.svg_mobject:SVGMobject.line_to_mobject	1	line	positional_or_keyword	se.SimpleLine	-
manimlib.mobject.svg.svg_mobject:SVGMobject.mobjects_from_svg	0	self	positional_or_keyword	-	-
manimlib.mobject.svg.svg_mobject:SVGMobject.mobjects_from_svg	1	svg	positional_or_keyword	se.SVG	-
manimlib.mobject.svg.svg_mobject:SVGMobject.mobjects_from_svg_string	0	self	positional_or_keyword	-	-
manimlib.mobject.svg.svg_mobject:SVGMobject.mobjects_from_svg_string	1	svg_string	positional_or_keyword	str	-
manimlib.mobject.svg.svg_mobject:SVGMobject.modify_xml_tree	0	self	positional_or_keyword	-	-
manimlib.mobject.svg.svg_mobject:SVGMobject.modify_xml_tree	1	element_tree	positional_or_keyword	ET.ElementTree	-
manimlib.mobject.svg.svg_mobject:SVGMobject.path_to_mobject	0	self	positional_or_keyword	-	-
manimlib.mobject.svg.svg_mobject:SVGMobject.path_to_mobject	1	path	positional_or_keyword	se.Path	-
manimlib.mobject.svg.svg_mobject:SVGMobject.path_to_mobject	2	svg	positional_or_keyword	se.SVG	-
manimlib.mobject.svg.svg_mobject:SVGMobject.polygon_to_mobject	0	self	positional_or_keyword	-	-
manimlib.mobject.svg.svg_mobject:SVGMobject.polygon_to_mobject	1	polygon	positional_or_keyword	se.Polygon	-
manimlib.mobject.svg.svg_mobject:SVGMobject.polyline_to_mobject	0	self	positional_or_keyword	-	-
manimlib.mobject.svg.svg_mobject:SVGMobject.polyline_to_mobject	1	polyline	positional_or_keyword	se.Polyline	-
manimlib.mobject.svg.svg_mobject:SVGMobject.rect_to_mobject	0	self	positional_or_keyword	-	-
manimlib.mobject.svg.svg_mobject:SVGMobject.rect_to_mobject	1	rect	positional_or_keyword	se.Rect	-
manimlib.mobject.svg.svg_mobject:SVGMobject.text_to_mobject	0	self	positional_or_keyword	-	-
manimlib.mobject.svg.svg_mobject:SVGMobject.text_to_mobject	1	text	positional_or_keyword	se.Text	-
manimlib.mobject.svg.svg_mobject:VMobjectFromSVGPath.__init__	0	self	positional_or_keyword	-	-
manimlib.mobject.svg.svg_mobject:VMobjectFromSVGPath.__init__	1	path_obj	positional_or_keyword	se.Path	-
manimlib.mobject.svg.svg_mobject:VMobjectFromSVGPath.__init__	2	kwargs	var_keyword	-	-
manimlib.mobject.svg.svg_mobject:VMobjectFromSVGPath.handle_arc	0	self	positional_or_keyword	-	-
manimlib.mobject.svg.svg_mobject:VMobjectFromSVGPath.handle_arc	1	arc	positional_or_keyword	se.Arc	-
manimlib.mobject.svg.svg_mobject:VMobjectFromSVGPath.handle_commands	0	self	positional_or_keyword	-	-
manimlib.mobject.svg.svg_mobject:VMobjectFromSVGPath.init_points	0	self	positional_or_keyword	-	-
manimlib.mobject.svg.svg_mobject:_convert_point_to_3d	0	x	positional_or_keyword	float	-
manimlib.mobject.svg.svg_mobject:_convert_point_to_3d	1	y	positional_or_keyword	float	-
manimlib.mobject.svg.svg_mobject:get_svg_content_height	0	svg_string	positional_or_keyword	str	-
manimlib.mobject.svg.tex_mobject:Tex.__init__	0	self	positional_or_keyword	-	-
manimlib.mobject.svg.tex_mobject:Tex.__init__	1	tex_strings	var_positional	str	-
manimlib.mobject.svg.tex_mobject:Tex.__init__	2	font_size	keyword_only	int	48
manimlib.mobject.svg.tex_mobject:Tex.__init__	3	alignment	keyword_only	str	'\\centering'
manimlib.mobject.svg.tex_mobject:Tex.__init__	4	template	keyword_only	str	''
manimlib.mobject.svg.tex_mobject:Tex.__init__	5	additional_preamble	keyword_only	str	''
manimlib.mobject.svg.tex_mobject:Tex.__init__	6	tex_to_color_map	keyword_only	dict	dict()
manimlib.mobject.svg.tex_mobject:Tex.__init__	7	t2c	keyword_only	dict	dict()
manimlib.mobject.svg.tex_mobject:Tex.__init__	8	isolate	keyword_only	Selector	[]
manimlib.mobject.svg.tex_mobject:Tex.__init__	9	use_labelled_svg	keyword_only	bool	True
manimlib.mobject.svg.tex_mobject:Tex.__init__	10	kwargs	var_keyword	-	-
manimlib.mobject.svg.tex_mobject:Tex.get_attr_dict_from_command_pair	0	open_command	positional_or_keyword	re.Match	-
manimlib.mobject.svg.tex_mobject:Tex.get_attr_dict_from_command_pair	1	close_command	positional_or_keyword	re.Match	-
manimlib.mobject.svg.tex_mobject:Tex.get_color_command	0	rgb_hex	positional_or_keyword	str	-
manimlib.mobject.svg.tex_mobject:Tex.get_command_flag	0	match_obj	positional_or_keyword	re.Match	-
manimlib.mobject.svg.tex_mobject:Tex.get_command_matches	0	string	positional_or_keyword	str	-
manimlib.mobject.svg.tex_mobject:Tex.get_command_string	0	attr_dict	positional_or_keyword	dict[str, str]	-
manimlib.mobject.svg.tex_mobject:Tex.get_command_string	1	is_end	positional_or_keyword	bool	-
manimlib.mobject.svg.tex_mobject:Tex.get_command_string	2	label_hex	positional_or_keyword	str | None	-
manimlib.mobject.svg.tex_mobject:Tex.get_configured_items	0	self	positional_or_keyword	-	-
manimlib.mobject.svg.tex_mobject:Tex.get_content_prefix_and_suffix	0	self	positional_or_keyword	-	-
manimlib.mobject.svg.tex_mobject:Tex.get_content_prefix_and_suffix	1	is_labelled	positional_or_keyword	bool	-
manimlib.mobject.svg.tex_mobject:Tex.get_part_by_tex	0	self	positional_or_keyword	-	-
manimlib.mobject.svg.tex_mobject:Tex.get_part_by_tex	1	selector	positional_or_keyword	Selector	-
manimlib.mobject.svg.tex_mobject:Tex.get_part_by_tex	2	index	positional_or_keyword	int	0
manimlib.mobject.svg.tex_mobject:Tex.get_parts_by_tex	0	self	positional_or_keyword	-	-
manimlib.mobject.svg.tex_mobject:Tex.get_parts_by_tex	1	selector	positional_or_keyword	Selector	-
manimlib.mobject.svg.tex_mobject:Tex.get_svg_string_by_content	0	self	positional_or_keyword	-	-
manimlib.mobject.svg.tex_mobject:Tex.get_svg_string_by_content	1	content	positional_or_keyword	str	-
manimlib.mobject.svg.tex_mobject:Tex.get_symbol_substrings	0	self	positional_or_keyword	-	-
manimlib.mobject.svg.tex_mobject:Tex.get_tex	0	self	positional_or_keyword	-	-
manimlib.mobject.svg.tex_mobject:Tex.make_number_changeable	0	self	positional_or_keyword	-	-
manimlib.mobject.svg.tex_mobject:Tex.make_number_changeable	1	value	positional_or_keyword	float | int | str	-
manimlib.mobject.svg.tex_mobject:Tex.make_number_changeable	2	index	positional_or_keyword	int	0
manimlib.mobject.svg.tex_mobject:Tex.make_number_changeable	3	replace_all	positional_or_keyword	bool	False
manimlib.mobject.svg.tex_mobject:Tex.make_number_changeable	4	config	var_keyword	-	-
manimlib.mobject.svg.tex_mobject:Tex.replace_for_content	0	match_obj	positional_or_keyword	re.Match	-
manimlib.mobject.svg.tex_mobject:Tex.replace_for_matching	0	match_obj	positional_or_keyword	re.Match	-
manimlib.mobject.svg.tex_mobject:Tex.set_color_by_tex	0	self	positional_or_keyword	-	-
manimlib.mobject.svg.tex_mobject:Tex.set_color_by_tex	1	selector	positional_or_keyword	Selector	-
manimlib.mobject.svg.tex_mobject:Tex.set_color_by_tex	2	color	positional_or_keyword	ManimColor	-
manimlib.mobject.svg.tex_mobject:Tex.set_color_by_tex_to_color_map	0	self	positional_or_keyword	-	-
manimlib.mobject.svg.tex_mobject:Tex.set_color_by_tex_to_color_map	1	color_map	positional_or_keyword	dict[Selector, ManimColor]	-
manimlib.mobject.svg.tex_mobject:Tex.substr_to_path_count	0	self	positional_or_keyword	-	-
manimlib.mobject.svg.tex_mobject:Tex.substr_to_path_count	1	substr	positional_or_keyword	str	-
manimlib.mobject.svg.text_mobject:Code.__init__	0	self	positional_or_keyword	-	-
manimlib.mobject.svg.text_mobject:Code.__init__	1	code	positional_or_keyword	str	-
manimlib.mobject.svg.text_mobject:Code.__init__	2	font	positional_or_keyword	str	'Consolas'
manimlib.mobject.svg.text_mobject:Code.__init__	3	font_size	positional_or_keyword	int	24
manimlib.mobject.svg.text_mobject:Code.__init__	4	lsh	positional_or_keyword	float	1.0
manimlib.mobject.svg.text_mobject:Code.__init__	5	fill_color	positional_or_keyword	ManimColor	None
manimlib.mobject.svg.text_mobject:Code.__init__	6	stroke_color	positional_or_keyword	ManimColor	None
manimlib.mobject.svg.text_mobject:Code.__init__	7	language	positional_or_keyword	str	'python'
manimlib.mobject.svg.text_mobject:Code.__init__	8	code_style	positional_or_keyword	str	'monokai'
manimlib.mobject.svg.text_mobject:Code.__init__	9	kwargs	var_keyword	-	-
manimlib.mobject.svg.text_mobject:MarkupText.__init__	0	self	positional_or_keyword	-	-
manimlib.mobject.svg.text_mobject:MarkupText.__init__	1	text	positional_or_keyword	str	-
manimlib.mobject.svg.text_mobject:MarkupText.__init__	2	font_size	positional_or_keyword	int	48
manimlib.mobject.svg.text_mobject:MarkupText.__init__	3	height	positional_or_keyword	float | None	None
manimlib.mobject.svg.text_mobject:MarkupText.__init__	4	justify	positional_or_keyword	bool	False
manimlib.mobject.svg.text_mobject:MarkupText.__init__	5	indent	positional_or_keyword	float	0
manimlib.mobject.svg.text_mobject:MarkupText.__init__	6	alignment	positional_or_keyword	str	''
manimlib.mobject.svg.text_mobject:MarkupText.__init__	7	line_width	positional_or_keyword	float | None	None
manimlib.mobject.svg.text_mobject:MarkupText.__init__	8	font	positional_or_keyword	str	''
manimlib.mobject.svg.text_mobject:MarkupText.__init__	9	slant	positional_or_keyword	str	NORMAL
manimlib.mobject.svg.text_mobject:MarkupText.__init__	10	weight	positional_or_keyword	str	NORMAL
manimlib.mobject.svg.text_mobject:MarkupText.__init__	11	gradient	positional_or_keyword	Iterable[ManimColor] | None	None
manimlib.mobject.svg.text_mobject:MarkupText.__init__	12	line_spacing_height	positional_or_keyword	float | None	None
manimlib.mobject.svg.text_mobject:MarkupText.__init__	13	text2color	positional_or_keyword	dict	{}
manimlib.mobject.svg.text_mobject:MarkupText.__init__	14	text2font	positional_or_keyword	dict	{}
manimlib.mobject.svg.text_mobject:MarkupText.__init__	15	text2gradient	positional_or_keyword	dict	{}
manimlib.mobject.svg.text_mobject:MarkupText.__init__	16	text2slant	positional_or_keyword	dict	{}
manimlib.mobject.svg.text_mobject:MarkupText.__init__	17	text2weight	positional_or_keyword	dict	{}
manimlib.mobject.svg.text_mobject:MarkupText.__init__	18	lsh	positional_or_keyword	float | None	None
manimlib.mobject.svg.text_mobject:MarkupText.__init__	19	t2c	positional_or_keyword	dict	{}
manimlib.mobject.svg.text_mobject:MarkupText.__init__	20	t2f	positional_or_keyword	dict	{}
manimlib.mobject.svg.text_mobject:MarkupText.__init__	21	t2g	positional_or_keyword	dict	{}
manimlib.mobject.svg.text_mobject:MarkupText.__init__	22	t2s	positional_or_keyword	dict	{}
manimlib.mobject.svg.text_mobject:MarkupText.__init__	23	t2w	positional_or_keyword	dict	{}
manimlib.mobject.svg.text_mobject:MarkupText.__init__	24	global_config	positional_or_keyword	dict	{}
manimlib.mobject.svg.text_mobject:MarkupText.__init__	25	local_configs	positional_or_keyword	dict	{}
manimlib.mobject.svg.text_mobject:MarkupText.__init__	26	disable_ligatures	positional_or_keyword	bool	True
manimlib.mobject.svg.text_mobject:MarkupText.__init__	27	isolate	positional_or_keyword	Selector	re.compile('\\w+', re.U)
manimlib.mobject.svg.text_mobject:MarkupText.__init__	28	kwargs	var_keyword	-	-
manimlib.mobject.svg.text_mobject:MarkupText.escape_markup_char	0	substr	positional_or_keyword	str	-
manimlib.mobject.svg.text_mobject:MarkupText.get_attr_dict_from_command_pair	0	open_command	positional_or_keyword	re.Match	-
manimlib.mobject.svg.text_mobject:MarkupText.get_attr_dict_from_command_pair	1	close_command	positional_or_keyword	re.Match	-
manimlib.mobject.svg.text_mobject:MarkupText.get_command_flag	0	match_obj	positional_or_keyword	re.Match	-
manimlib.mobject.svg.text_mobject:MarkupText.get_command_matches	0	string	positional_or_keyword	str	-
manimlib.mobject.svg.text_mobject:MarkupText.get_command_string	0	attr_dict	positional_or_keyword	dict[str, str]	-
manimlib.mobject.svg.text_mobject:MarkupText.get_command_string	1	is_end	positional_or_keyword	bool	-
manimlib.mobject.svg.text_mobject:MarkupText.get_command_string	2	label_hex	positional_or_keyword	str | None	-
manimlib.mobject.svg.text_mobject:MarkupText.get_configured_items	0	self	positional_or_keyword	-	-
manimlib.mobject.svg.text_mobject:MarkupText.get_content_prefix_and_suffix	0	self	positional_or_keyword	-	-
manimlib.mobject.svg.text_mobject:MarkupText.get_content_prefix_and_suffix	1	is_labelled	positional_or_keyword	bool	-
manimlib.mobject.svg.text_mobject:MarkupText.get_part_by_text	0	self	positional_or_keyword	-	-
manimlib.mobject.svg.text_mobject:MarkupText.get_part_by_text	1	selector	positional_or_keyword	Selector	-
manimlib.mobject.svg.text_mobject:MarkupText.get_part_by_text	2	kwargs	var_keyword	-	-
manimlib.mobject.svg.text_mobject:MarkupText.get_parts_by_text	0	self	positional_or_keyword	-	-
manimlib.mobject.svg.text_mobject:MarkupText.get_parts_by_text	1	selector	positional_or_keyword	Selector	-
manimlib.mobject.svg.text_mobject:MarkupText.get_svg_string_by_content	0	self	positional_or_keyword	-	-
manimlib.mobject.svg.text_mobject:MarkupText.get_svg_string_by_content	1	content	positional_or_keyword	str	-
manimlib.mobject.svg.text_mobject:MarkupText.get_text	0	self	positional_or_keyword	-	-
manimlib.mobject.svg.text_mobject:MarkupText.replace_for_content	0	match_obj	positional_or_keyword	re.Match	-
manimlib.mobject.svg.text_mobject:MarkupText.replace_for_matching	0	match_obj	positional_or_keyword	re.Match	-
manimlib.mobject.svg.text_mobject:MarkupText.set_color_by_text	0	self	positional_or_keyword	-	-
manimlib.mobject.svg.text_mobject:MarkupText.set_color_by_text	1	selector	positional_or_keyword	Selector	-
manimlib.mobject.svg.text_mobject:MarkupText.set_color_by_text	2	color	positional_or_keyword	ManimColor	-
manimlib.mobject.svg.text_mobject:MarkupText.set_color_by_text_to_color_map	0	self	positional_or_keyword	-	-
manimlib.mobject.svg.text_mobject:MarkupText.set_color_by_text_to_color_map	1	color_map	positional_or_keyword	dict[Selector, ManimColor]	-
manimlib.mobject.svg.text_mobject:MarkupText.unescape_markup_char	0	substr	positional_or_keyword	str	-
manimlib.mobject.svg.text_mobject:Text.__init__	0	self	positional_or_keyword	-	-
manimlib.mobject.svg.text_mobject:Text.__init__	1	text	positional_or_keyword	str	-
manimlib.mobject.svg.text_mobject:Text.__init__	2	isolate	positional_or_keyword	Selector	(re.compile('\\w+', re.U), re.compile('\\S+', re.U))
manimlib.mobject.svg.text_mobject:Text.__init__	3	use_labelled_svg	positional_or_keyword	bool	True
manimlib.mobject.svg.text_mobject:Text.__init__	4	path_string_config	positional_or_keyword	dict	dict(use_simple_quadratic_approx=True)
manimlib.mobject.svg.text_mobject:Text.__init__	5	kwargs	var_keyword	-	-
manimlib.mobject.svg.text_mobject:Text.get_command_flag	0	match_obj	positional_or_keyword	re.Match	-
manimlib.mobject.svg.text_mobject:Text.get_command_matches	0	string	positional_or_keyword	str	-
manimlib.mobject.svg.text_mobject:Text.replace_for_content	0	match_obj	positional_or_keyword	re.Match	-
manimlib.mobject.svg.text_mobject:Text.replace_for_matching	0	match_obj	positional_or_keyword	re.Match	-
manimlib.mobject.svg.text_mobject:_Alignment.__init__	0	self	positional_or_keyword	-	-
manimlib.mobject.svg.text_mobject:_Alignment.__init__	1	s	positional_or_keyword	str	-
manimlib.mobject.svg.text_mobject:markup_to_svg	0	markup_str	positional_or_keyword	str	-
manimlib.mobject.svg.text_mobject:markup_to_svg	1	justify	positional_or_keyword	bool	False
manimlib.mobject.svg.text_mobject:markup_to_svg	2	indent	positional_or_keyword	float	0
manimlib.mobject.svg.text_mobject:markup_to_svg	3	alignment	positional_or_keyword	str	'CENTER'
manimlib.mobject.svg.text_mobject:markup_to_svg	4	line_width	positional_or_keyword	float | None	None
manimlib.mobject.svg.text_mobject:register_font	0	font_file	positional_or_keyword	str | Path	-
manimlib.mobject.three_dimensions:Cone.__init__	0	self	positional_or_keyword	-	-
manimlib.mobject.three_dimensions:Cone.__init__	1	u_range	positional_or_keyword	Tuple[float, float]	(0, TAU)
manimlib.mobject.three_dimensions:Cone.__init__	2	v_range	positional_or_keyword	Tuple[float, float]	(0, 1)
manimlib.mobject.three_dimensions:Cone.__init__	3	args	var_positional	-	-
manimlib.mobject.three_dimensions:Cone.__init__	4	kwargs	var_keyword	-	-
manimlib.mobject.three_dimensions:Cone.uv_func	0	self	positional_or_keyword	-	-
manimlib.mobject.three_dimensions:Cone.uv_func	1	u	positional_or_keyword	float	-
manimlib.mobject.three_dimensions:Cone.uv_func	2	v	positional_or_keyword	float	-
manimlib.mobject.three_dimensions:Cube.__init__	0	self	positional_or_keyword	-	-
manimlib.mobject.three_dimensions:Cube.__init__	1	color	positional_or_keyword	ManimColor	BLUE
manimlib.mobject.three_dimensions:Cube.__init__	2	opacity	positional_or_keyword	float	1
manimlib.mobject.three_dimensions:Cube.__init__	3	shading	positional_or_keyword	Tuple[float, float, float]	(0.1, 0.5, 0.1)
manimlib.mobject.three_dimensions:Cube.__init__	4	square_resolution	positional_or_keyword	Tuple[int, int]	(2, 2)
manimlib.mobject.three_dimensions:Cube.__init__	5	side_length	positional_or_keyword	float	2
manimlib.mobject.three_dimensions:Cube.__init__	6	kwargs	var_keyword	-	-
manimlib.mobject.three_dimensions:Cylinder.__init__	0	self	positional_or_keyword	-	-
manimlib.mobject.three_dimensions:Cylinder.__init__	1	u_range	positional_or_keyword	Tuple[float, float]	(0, TAU)
manimlib.mobject.three_dimensions:Cylinder.__init__	2	v_range	positional_or_keyword	Tuple[float, float]	(-1, 1)
manimlib.mobject.three_dimensions:Cylinder.__init__	3	resolution	positional_or_keyword	Tuple[int, int]	(101, 11)
manimlib.mobject.three_dimensions:Cylinder.__init__	4	height	positional_or_keyword	float	2
manimlib.mobject.three_dimensions:Cylinder.__init__	5	radius	positional_or_keyword	float	1
manimlib.mobject.three_dimensions:Cylinder.__init__	6	axis	positional_or_keyword	Vect3	OUT
manimlib.mobject.three_dimensions:Cylinder.__init__	7	kwargs	var_keyword	-	-
manimlib.mobject.three_dimensions:Cylinder.init_points	0	self	positional_or_keyword	-	-
manimlib.mobject.three_dimensions:Cylinder.uv_func	0	self	positional_or_keyword	-	-
manimlib.mobject.three_dimensions:Cylinder.uv_func	1	u	positional_or_keyword	float	-
manimlib.mobject.three_dimensions:Cylinder.uv_func	2	v	positional_or_keyword	float	-
manimlib.mobject.three_dimensions:Disk3D.__init__	0	self	positional_or_keyword	-	-
manimlib.mobject.three_dimensions:Disk3D.__init__	1	radius	positional_or_keyword	float	1
manimlib.mobject.three_dimensions:Disk3D.__init__	2	u_range	positional_or_keyword	Tuple[float, float]	(0, 1)
manimlib.mobject.three_dimensions:Disk3D.__init__	3	v_range	positional_or_keyword	Tuple[float, float]	(0, TAU)
manimlib.mobject.three_dimensions:Disk3D.__init__	4	resolution	positional_or_keyword	Tuple[int, int]	(2, 100)
manimlib.mobject.three_dimensions:Disk3D.__init__	5	kwargs	var_keyword	-	-
manimlib.mobject.three_dimensions:Disk3D.uv_func	0	self	positional_or_keyword	-	-
manimlib.mobject.three_dimensions:Disk3D.uv_func	1	u	positional_or_keyword	float	-
manimlib.mobject.three_dimensions:Disk3D.uv_func	2	v	positional_or_keyword	float	-
manimlib.mobject.three_dimensions:Dodecahedron.__init__	0	self	positional_or_keyword	-	-
manimlib.mobject.three_dimensions:Dodecahedron.__init__	1	fill_color	positional_or_keyword	ManimColor	BLUE_E
manimlib.mobject.three_dimensions:Dodecahedron.__init__	2	fill_opacity	positional_or_keyword	float	1
manimlib.mobject.three_dimensions:Dodecahedron.__init__	3	stroke_color	positional_or_keyword	ManimColor	BLUE_E
manimlib.mobject.three_dimensions:Dodecahedron.__init__	4	stroke_width	positional_or_keyword	float	1
manimlib.mobject.three_dimensions:Dodecahedron.__init__	5	shading	positional_or_keyword	Tuple[float, float, float]	(0.2, 0.2, 0.2)
manimlib.mobject.three_dimensions:Dodecahedron.__init__	6	kwargs	var_keyword	-	-
manimlib.mobject.three_dimensions:Line3D.__init__	0	self	positional_or_keyword	-	-
manimlib.mobject.three_dimensions:Line3D.__init__	1	start	positional_or_keyword	Vect3	-
manimlib.mobject.three_dimensions:Line3D.__init__	2	end	positional_or_keyword	Vect3	-
manimlib.mobject.three_dimensions:Line3D.__init__	3	width	positional_or_keyword	float	0.05
manimlib.mobject.three_dimensions:Line3D.__init__	4	resolution	positional_or_keyword	Tuple[int, int]	(21, 25)
manimlib.mobject.three_dimensions:Line3D.__init__	5	kwargs	var_keyword	-	-
manimlib.mobject.three_dimensions:Prism.__init__	0	self	positional_or_keyword	-	-
manimlib.mobject.three_dimensions:Prism.__init__	1	width	positional_or_keyword	float	3.0
manimlib.mobject.three_dimensions:Prism.__init__	2	height	positional_or_keyword	float	2.0
manimlib.mobject.three_dimensions:Prism.__init__	3	depth	positional_or_keyword	float	1.0
manimlib.mobject.three_dimensions:Prism.__init__	4	kwargs	var_keyword	-	-
manimlib.mobject.three_dimensions:Prismify.__init__	0	self	positional_or_keyword	-	-
manimlib.mobject.three_dimensions:Prismify.__init__	1	vmobject	positional_or_keyword	-	-
manimlib.mobject.three_dimensions:Prismify.__init__	2	depth	positional_or_keyword	-	1.0
manimlib.mobject.three_dimensions:Prismify.__init__	3	direction	positional_or_keyword	-	IN
manimlib.mobject.three_dimensions:Prismify.__init__	4	kwargs	var_keyword	-	-
manimlib.mobject.three_dimensions:Sphere.__init__	0	self	positional_or_keyword	-	-
manimlib.mobject.three_dimensions:Sphere.__init__	1	u_range	positional_or_keyword	Tuple[float, float]	(0, TAU)
manimlib.mobject.three_dimensions:Sphere.__init__	2	v_range	positional_or_keyword	Tuple[float, float]	(0, PI)
manimlib.mobject.three_dimensions:Sphere.__init__	3	resolution	positional_or_keyword	Tuple[int, int]	(101, 51)
manimlib.mobject.three_dimensions:Sphere.__init__	4	radius	positional_or_keyword	float	1.0
manimlib.mobject.three_dimensions:Sphere.__init__	5	true_normals	positional_or_keyword	bool	True
manimlib.mobject.three_dimensions:Sphere.__init__	6	clockwise	positional_or_keyword	-	False
manimlib.mobject.three_dimensions:Sphere.__init__	7	kwargs	var_keyword	-	-
manimlib.mobject.three_dimensions:Sphere.uv_func	0	self	positional_or_keyword	-	-
manimlib.mobject.three_dimensions:Sphere.uv_func	1	u	positional_or_keyword	float	-
manimlib.mobject.three_dimensions:Sphere.uv_func	2	v	positional_or_keyword	float	-
manimlib.mobject.three_dimensions:Square3D.__init__	0	self	positional_or_keyword	-	-
manimlib.mobject.three_dimensions:Square3D.__init__	1	side_length	positional_or_keyword	float	2.0
manimlib.mobject.three_dimensions:Square3D.__init__	2	u_range	positional_or_keyword	Tuple[float, float]	(-1, 1)
manimlib.mobject.three_dimensions:Square3D.__init__	3	v_range	positional_or_keyword	Tuple[float, float]	(-1, 1)
manimlib.mobject.three_dimensions:Square3D.__init__	4	resolution	positional_or_keyword	Tuple[int, int]	(2, 2)
manimlib.mobject.three_dimensions:Square3D.__init__	5	kwargs	var_keyword	-	-
manimlib.mobject.three_dimensions:Square3D.uv_func	0	self	positional_or_keyword	-	-
manimlib.mobject.three_dimensions:Square3D.uv_func	1	u	positional_or_keyword	float	-
manimlib.mobject.three_dimensions:Square3D.uv_func	2	v	positional_or_keyword	float	-
manimlib.mobject.three_dimensions:SurfaceMesh.__init__	0	self	positional_or_keyword	-	-
manimlib.mobject.three_dimensions:SurfaceMesh.__init__	1	uv_surface	positional_or_keyword	Surface	-
manimlib.mobject.three_dimensions:SurfaceMesh.__init__	2	resolution	positional_or_keyword	Tuple[int, int]	(21, 11)
manimlib.mobject.three_dimensions:SurfaceMesh.__init__	3	stroke_width	positional_or_keyword	float	1
manimlib.mobject.three_dimensions:SurfaceMesh.__init__	4	stroke_color	positional_or_keyword	ManimColor	GREY_A
manimlib.mobject.three_dimensions:SurfaceMesh.__init__	5	normal_nudge	positional_or_keyword	float	0.01
manimlib.mobject.three_dimensions:SurfaceMesh.__init__	6	depth_test	positional_or_keyword	bool	True
manimlib.mobject.three_dimensions:SurfaceMesh.__init__	7	joint_type	positional_or_keyword	str	'no_joint'
manimlib.mobject.three_dimensions:SurfaceMesh.__init__	8	kwargs	var_keyword	-	-
manimlib.mobject.three_dimensions:SurfaceMesh.init_points	0	self	positional_or_keyword	-	-
manimlib.mobject.three_dimensions:Torus.__init__	0	self	positional_or_keyword	-	-
manimlib.mobject.three_dimensions:Torus.__init__	1	u_range	positional_or_keyword	Tuple[float, float]	(0, TAU)
manimlib.mobject.three_dimensions:Torus.__init__	2	v_range	positional_or_keyword	Tuple[float, float]	(0, TAU)
manimlib.mobject.three_dimensions:Torus.__init__	3	r1	positional_or_keyword	float	3.0
manimlib.mobject.three_dimensions:Torus.__init__	4	r2	positional_or_keyword	float	1.0
manimlib.mobject.three_dimensions:Torus.__init__	5	kwargs	var_keyword	-	-
manimlib.mobject.three_dimensions:Torus.uv_func	0	self	positional_or_keyword	-	-
manimlib.mobject.three_dimensions:Torus.uv_func	1	u	positional_or_keyword	float	-
manimlib.mobject.three_dimensions:Torus.uv_func	2	v	positional_or_keyword	float	-
manimlib.mobject.three_dimensions:VCube.__init__	0	self	positional_or_keyword	-	-
manimlib.mobject.three_dimensions:VCube.__init__	1	side_length	positional_or_keyword	float	2.0
manimlib.mobject.three_dimensions:VCube.__init__	2	fill_color	positional_or_keyword	ManimColor	BLUE_D
manimlib.mobject.three_dimensions:VCube.__init__	3	fill_opacity	positional_or_keyword	float	1
manimlib.mobject.three_dimensions:VCube.__init__	4	stroke_width	positional_or_keyword	float	0
manimlib.mobject.three_dimensions:VCube.__init__	5	kwargs	var_keyword	-	-
manimlib.mobject.three_dimensions:VGroup3D.__init__	0	self	positional_or_keyword	-	-
manimlib.mobject.three_dimensions:VGroup3D.__init__	1	vmobjects	var_positional	VMobject	-
manimlib.mobject.three_dimensions:VGroup3D.__init__	2	depth_test	keyword_only	bool	True
manimlib.mobject.three_dimensions:VGroup3D.__init__	3	shading	keyword_only	Tuple[float, float, float]	(0.2, 0.2, 0.2)
manimlib.mobject.three_dimensions:VGroup3D.__init__	4	joint_type	keyword_only	str	'no_joint'
manimlib.mobject.three_dimensions:VGroup3D.__init__	5	kwargs	var_keyword	-	-
manimlib.mobject.three_dimensions:VPrism.__init__	0	self	positional_or_keyword	-	-
manimlib.mobject.three_dimensions:VPrism.__init__	1	width	positional_or_keyword	float	3.0
manimlib.mobject.three_dimensions:VPrism.__init__	2	height	positional_or_keyword	float	2.0
manimlib.mobject.three_dimensions:VPrism.__init__	3	depth	positional_or_keyword	float	1.0
manimlib.mobject.three_dimensions:VPrism.__init__	4	kwargs	var_keyword	-	-
manimlib.mobject.three_dimensions:square_to_cube_faces	0	square	positional_or_keyword	T	-
manimlib.mobject.types.dot_cloud:DotCloud.__init__	0	self	positional_or_keyword	-	-
manimlib.mobject.types.dot_cloud:DotCloud.__init__	1	points	positional_or_keyword	Vect3Array	NULL_POINTS
manimlib.mobject.types.dot_cloud:DotCloud.__init__	2	color	positional_or_keyword	ManimColor	GREY_C
manimlib.mobject.types.dot_cloud:DotCloud.__init__	3	opacity	positional_or_keyword	float	1.0
manimlib.mobject.types.dot_cloud:DotCloud.__init__	4	radius	positional_or_keyword	float	DEFAULT_DOT_RADIUS
manimlib.mobject.types.dot_cloud:DotCloud.__init__	5	glow_factor	positional_or_keyword	float	0.0
manimlib.mobject.types.dot_cloud:DotCloud.__init__	6	anti_alias_width	positional_or_keyword	float	2.0
manimlib.mobject.types.dot_cloud:DotCloud.__init__	7	kwargs	var_keyword	-	-
manimlib.mobject.types.dot_cloud:DotCloud.compute_bounding_box	0	self	positional_or_keyword	-	-
manimlib.mobject.types.dot_cloud:DotCloud.get_glow_factor	0	self	positional_or_keyword	-	-
manimlib.mobject.types.dot_cloud:DotCloud.get_radii	0	self	positional_or_keyword	-	-
manimlib.mobject.types.dot_cloud:DotCloud.get_radius	0	self	positional_or_keyword	-	-
manimlib.mobject.types.dot_cloud:DotCloud.init_uniforms	0	self	positional_or_keyword	-	-
manimlib.mobject.types.dot_cloud:DotCloud.make_3d	0	self	positional_or_keyword	-	-
manimlib.mobject.types.dot_cloud:DotCloud.make_3d	1	reflectiveness	positional_or_keyword	float	0.5
manimlib.mobject.types.dot_cloud:DotCloud.make_3d	2	gloss	positional_or_keyword	float	0.1
manimlib.mobject.types.dot_cloud:DotCloud.make_3d	3	shadow	positional_or_keyword	float	0.2
manimlib.mobject.types.dot_cloud:DotCloud.scale	0	self	positional_or_keyword	-	-
manimlib.mobject.types.dot_cloud:DotCloud.scale	1	scale_factor	positional_or_keyword	float | npt.ArrayLike	-
manimlib.mobject.types.dot_cloud:DotCloud.scale	2	scale_radii	positional_or_keyword	bool	True
manimlib.mobject.types.dot_cloud:DotCloud.scale	3	kwargs	var_keyword	-	-
manimlib.mobject.types.dot_cloud:DotCloud.scale_radii	0	self	positional_or_keyword	-	-
manimlib.mobject.types.dot_cloud:DotCloud.scale_radii	1	scale_factor	positional_or_keyword	float	-
manimlib.mobject.types.dot_cloud:DotCloud.set_glow_factor	0	self	positional_or_keyword	-	-
manimlib.mobject.types.dot_cloud:DotCloud.set_glow_factor	1	glow_factor	positional_or_keyword	float	-
manimlib.mobject.types.dot_cloud:DotCloud.set_radii	0	self	positional_or_keyword	-	-
manimlib.mobject.types.dot_cloud:DotCloud.set_radii	1	radii	positional_or_keyword	npt.ArrayLike	-
manimlib.mobject.types.dot_cloud:DotCloud.set_radius	0	self	positional_or_keyword	-	-
manimlib.mobject.types.dot_cloud:DotCloud.set_radius	1	radius	positional_or_keyword	float	-
manimlib.mobject.types.dot_cloud:DotCloud.to_grid	0	self	positional_or_keyword	-	-
manimlib.mobject.types.dot_cloud:DotCloud.to_grid	1	n_rows	positional_or_keyword	int	-
manimlib.mobject.types.dot_cloud:DotCloud.to_grid	2	n_cols	positional_or_keyword	int	-
manimlib.mobject.types.dot_cloud:DotCloud.to_grid	3	n_layers	positional_or_keyword	int	1
manimlib.mobject.types.dot_cloud:DotCloud.to_grid	4	buff_ratio	positional_or_keyword	float | None	None
manimlib.mobject.types.dot_cloud:DotCloud.to_grid	5	h_buff_ratio	positional_or_keyword	float	1.0
manimlib.mobject.types.dot_cloud:DotCloud.to_grid	6	v_buff_ratio	positional_or_keyword	float	1.0
manimlib.mobject.types.dot_cloud:DotCloud.to_grid	7	d_buff_ratio	positional_or_keyword	float	1.0
manimlib.mobject.types.dot_cloud:DotCloud.to_grid	8	height	positional_or_keyword	float	DEFAULT_GRID_HEIGHT
manimlib.mobject.types.dot_cloud:GlowDot.__init__	0	self	positional_or_keyword	-	-
manimlib.mobject.types.dot_cloud:GlowDot.__init__	1	center	positional_or_keyword	Vect3	ORIGIN
manimlib.mobject.types.dot_cloud:GlowDot.__init__	2	kwargs	var_keyword	-	-
manimlib.mobject.types.dot_cloud:GlowDots.__init__	0	self	positional_or_keyword	-	-
manimlib.mobject.types.dot_cloud:GlowDots.__init__	1	points	positional_or_keyword	Vect3Array	NULL_POINTS
manimlib.mobject.types.dot_cloud:GlowDots.__init__	2	color	positional_or_keyword	ManimColor	YELLOW
manimlib.mobject.types.dot_cloud:GlowDots.__init__	3	radius	positional_or_keyword	float	DEFAULT_GLOW_DOT_RADIUS
manimlib.mobject.types.dot_cloud:GlowDots.__init__	4	glow_factor	positional_or_keyword	float	2.0
manimlib.mobject.types.dot_cloud:GlowDots.__init__	5	kwargs	var_keyword	-	-
manimlib.mobject.types.dot_cloud:TrueDot.__init__	0	self	positional_or_keyword	-	-
manimlib.mobject.types.dot_cloud:TrueDot.__init__	1	center	positional_or_keyword	Vect3	ORIGIN
manimlib.mobject.types.dot_cloud:TrueDot.__init__	2	kwargs	var_keyword	-	-
manimlib.mobject.types.image_mobject:ImageMobject.__init__	0	self	positional_or_keyword	-	-
manimlib.mobject.types.image_mobject:ImageMobject.__init__	1	filename	positional_or_keyword	str	-
manimlib.mobject.types.image_mobject:ImageMobject.__init__	2	height	positional_or_keyword	float	4.0
manimlib.mobject.types.image_mobject:ImageMobject.__init__	3	kwargs	var_keyword	-	-
manimlib.mobject.types.image_mobject:ImageMobject.init_data	0	self	positional_or_keyword	-	-
manimlib.mobject.types.image_mobject:ImageMobject.init_points	0	self	positional_or_keyword	-	-
manimlib.mobject.types.image_mobject:ImageMobject.point_to_rgb	0	self	positional_or_keyword	-	-
manimlib.mobject.types.image_mobject:ImageMobject.point_to_rgb	1	point	positional_or_keyword	Vect3	-
manimlib.mobject.types.image_mobject:ImageMobject.set_color	0	self	positional_or_keyword	-	-
manimlib.mobject.types.image_mobject:ImageMobject.set_color	1	color	positional_or_keyword	-	-
manimlib.mobject.types.image_mobject:ImageMobject.set_color	2	opacity	positional_or_keyword	-	None
manimlib.mobject.types.image_mobject:ImageMobject.set_color	3	recurse	positional_or_keyword	-	None
manimlib.mobject.types.image_mobject:ImageMobject.set_opacity	0	self	positional_or_keyword	-	-
manimlib.mobject.types.image_mobject:ImageMobject.set_opacity	1	opacity	positional_or_keyword	float	-
manimlib.mobject.types.image_mobject:ImageMobject.set_opacity	2	recurse	positional_or_keyword	bool	True
manimlib.mobject.types.point_cloud_mobject:PGroup.__init__	0	self	positional_or_keyword	-	-
manimlib.mobject.types.point_cloud_mobject:PGroup.__init__	1	pmobs	var_positional	PMobject	-
manimlib.mobject.types.point_cloud_mobject:PGroup.__init__	2	kwargs	var_keyword	-	-
manimlib.mobject.types.point_cloud_mobject:PMobject.add_point	0	self	positional_or_keyword	-	-
manimlib.mobject.types.point_cloud_mobject:PMobject.add_point	1	point	positional_or_keyword	Vect3	-
manimlib.mobject.types.point_cloud_mobject:PMobject.add_point	2	rgba	positional_or_keyword	-	None
manimlib.mobject.types.point_cloud_mobject:PMobject.add_point	3	color	positional_or_keyword	-	None
manimlib.mobject.types.point_cloud_mobject:PMobject.add_point	4	opacity	positional_or_keyword	-	None
manimlib.mobject.types.point_cloud_mobject:PMobject.add_points	0	self	positional_or_keyword	-	-
manimlib.mobject.types.point_cloud_mobject:PMobject.add_points	1	points	positional_or_keyword	Vect3Array	-
manimlib.mobject.types.point_cloud_mobject:PMobject.add_points	2	rgbas	positional_or_keyword	Vect4Array | None	None
manimlib.mobject.types.point_cloud_mobject:PMobject.add_points	3	color	positional_or_keyword	ManimColor | None	None
manimlib.mobject.types.point_cloud_mobject:PMobject.add_points	4	opacity	positional_or_keyword	float | None	None
manimlib.mobject.types.point_cloud_mobject:PMobject.filter_out	0	self	positional_or_keyword	-	-
manimlib.mobject.types.point_cloud_mobject:PMobject.filter_out	1	condition	positional_or_keyword	Callable[[np.ndarray], bool]	-
manimlib.mobject.types.point_cloud_mobject:PMobject.ingest_submobjects	0	self	positional_or_keyword	-	-
manimlib.mobject.types.point_cloud_mobject:PMobject.match_colors	0	self	positional_or_keyword	-	-
manimlib.mobject.types.point_cloud_mobject:PMobject.match_colors	1	pmobject	positional_or_keyword	PMobject	-
manimlib.mobject.types.point_cloud_mobject:PMobject.point_from_proportion	0	self	positional_or_keyword	-	-
manimlib.mobject.types.point_cloud_mobject:PMobject.point_from_proportion	1	alpha	positional_or_keyword	float	-
manimlib.mobject.types.point_cloud_mobject:PMobject.pointwise_become_partial	0	self	positional_or_keyword	-	-
manimlib.mobject.types.point_cloud_mobject:PMobject.pointwise_become_partial	1	pmobject	positional_or_keyword	PMobject	-
manimlib.mobject.types.point_cloud_mobject:PMobject.pointwise_become_partial	2	a	positional_or_keyword	float	-
manimlib.mobject.types.point_cloud_mobject:PMobject.pointwise_become_partial	3	b	positional_or_keyword	float	-
manimlib.mobject.types.point_cloud_mobject:PMobject.set_color_by_gradient	0	self	positional_or_keyword	-	-
manimlib.mobject.types.point_cloud_mobject:PMobject.set_color_by_gradient	1	colors	var_positional	ManimColor	-
manimlib.mobject.types.point_cloud_mobject:PMobject.set_points	0	self	positional_or_keyword	-	-
manimlib.mobject.types.point_cloud_mobject:PMobject.set_points	1	points	positional_or_keyword	Vect3Array	-
manimlib.mobject.types.point_cloud_mobject:PMobject.sort_points	0	self	positional_or_keyword	-	-
manimlib.mobject.types.point_cloud_mobject:PMobject.sort_points	1	function	positional_or_keyword	Callable[[Vect3], None]	lambda p: p[0]
manimlib.mobject.types.surface:ParametricSurface.__init__	0	self	positional_or_keyword	-	-
manimlib.mobject.types.surface:ParametricSurface.__init__	1	uv_func	positional_or_keyword	Callable[[float, float], Iterable[float]]	-
manimlib.mobject.types.surface:ParametricSurface.__init__	2	u_range	positional_or_keyword	tuple[float, float]	(0, 1)
manimlib.mobject.types.surface:ParametricSurface.__init__	3	v_range	positional_or_keyword	tuple[float, float]	(0, 1)
manimlib.mobject.types.surface:ParametricSurface.__init__	4	kwargs	var_keyword	-	-
manimlib.mobject.types.surface:ParametricSurface.uv_func	0	self	positional_or_keyword	-	-
manimlib.mobject.types.surface:ParametricSurface.uv_func	1	u	positional_or_keyword	-	-
manimlib.mobject.types.surface:ParametricSurface.uv_func	2	v	positional_or_keyword	-	-
manimlib.mobject.types.surface:SGroup.__init__	0	self	positional_or_keyword	-	-
manimlib.mobject.types.surface:SGroup.__init__	1	parametric_surfaces	var_positional	Surface	-
manimlib.mobject.types.surface:SGroup.__init__	2	kwargs	var_keyword	-	-
manimlib.mobject.types.surface:SGroup.init_points	0	self	positional_or_keyword	-	-
manimlib.mobject.types.surface:Surface.__init__	0	self	positional_or_keyword	-	-
manimlib.mobject.types.surface:Surface.__init__	1	color	positional_or_keyword	ManimColor	GREY
manimlib.mobject.types.surface:Surface.__init__	2	shading	positional_or_keyword	Tuple[float, float, float]	(0.3, 0.2, 0.4)
manimlib.mobject.types.surface:Surface.__init__	3	depth_test	positional_or_keyword	bool	True
manimlib.mobject.types.surface:Surface.__init__	4	u_range	positional_or_keyword	Tuple[float, float]	(0.0, 1.0)
manimlib.mobject.types.surface:Surface.__init__	5	v_range	positional_or_keyword	Tuple[float, float]	(0.0, 1.0)
manimlib.mobject.types.surface:Surface.__init__	6	resolution	positional_or_keyword	Tuple[int, int]	(101, 101)
manimlib.mobject.types.surface:Surface.__init__	7	preferred_creation_axis	positional_or_keyword	int	1
manimlib.mobject.types.surface:Surface.__init__	8	epsilon	positional_or_keyword	float	0.001
manimlib.mobject.types.surface:Surface.__init__	9	normal_nudge	positional_or_keyword	float	0.001
manimlib.mobject.types.surface:Surface.__init__	10	kwargs	var_keyword	-	-
manimlib.mobject.types.surface:Surface.always_sort_to_camera	0	self	positional_or_keyword	-	-
manimlib.mobject.types.surface:Surface.always_sort_to_camera	1	camera	positional_or_keyword	Camera	-
manimlib.mobject.types.surface:Surface.apply_points_function	0	self	positional_or_keyword	-	-
manimlib.mobject.types.surface:Surface.apply_points_function	1	args	var_positional	-	-
manimlib.mobject.types.surface:Surface.apply_points_function	2	kwargs	var_keyword	-	-
manimlib.mobject.types.surface:Surface.color_by_uv_function	0	self	positional_or_keyword	-	-
manimlib.mobject.types.surface:Surface.color_by_uv_function	1	uv_to_color	positional_or_keyword	Callable[[Vect2], Color]	-
manimlib.mobject.types.surface:Surface.compute_triangle_indices	0	self	positional_or_keyword	-	-
manimlib.mobject.types.surface:Surface.get_partial_points_array	0	self	positional_or_keyword	-	-
manimlib.mobject.types.surface:Surface.get_partial_points_array	1	points	positional_or_keyword	Vect3Array	-
manimlib.mobject.types.surface:Surface.get_partial_points_array	2	a	positional_or_keyword	float	-
manimlib.mobject.types.surface:Surface.get_partial_points_array	3	b	positional_or_keyword	float	-
manimlib.mobject.types.surface:Surface.get_partial_points_array	4	resolution	positional_or_keyword	Sequence[int]	-
manimlib.mobject.types.surface:Surface.get_partial_points_array	5	axis	positional_or_keyword	int	-
manimlib.mobject.types.surface:Surface.get_shader_vert_indices	0	self	positional_or_keyword	-	-
manimlib.mobject.types.surface:Surface.get_triangle_indices	0	self	positional_or_keyword	-	-
manimlib.mobject.types.surface:Surface.get_unit_normals	0	self	positional_or_keyword	-	-
manimlib.mobject.types.surface:Surface.get_uv_grid	0	self	positional_or_keyword	-	-
manimlib.mobject.types.surface:Surface.init_points	0	self	positional_or_keyword	-	-
manimlib.mobject.types.surface:Surface.pointwise_become_partial	0	self	positional_or_keyword	-	-
manimlib.mobject.types.surface:Surface.pointwise_become_partial	1	smobject	positional_or_keyword	'Surface'	-
manimlib.mobject.types.surface:Surface.pointwise_become_partial	2	a	positional_or_keyword	float	-
manimlib.mobject.types.surface:Surface.pointwise_become_partial	3	b	positional_or_keyword	float	-
manimlib.mobject.types.surface:Surface.pointwise_become_partial	4	axis	positional_or_keyword	int | None	None
manimlib.mobject.types.surface:Surface.sort_faces_back_to_front	0	self	positional_or_keyword	-	-
manimlib.mobject.types.surface:Surface.sort_faces_back_to_front	1	vect	positional_or_keyword	Vect3	OUT
manimlib.mobject.types.surface:Surface.uv_func	0	self	positional_or_keyword	-	-
manimlib.mobject.types.surface:Surface.uv_func	1	u	positional_or_keyword	float	-
manimlib.mobject.types.surface:Surface.uv_func	2	v	positional_or_keyword	float	-
manimlib.mobject.types.surface:Surface.uv_to_point	0	self	positional_or_keyword	-	-
manimlib.mobject.types.surface:Surface.uv_to_point	1	u	positional_or_keyword	-	-
manimlib.mobject.types.surface:Surface.uv_to_point	2	v	positional_or_keyword	-	-
manimlib.mobject.types.surface:TexturedGeometry.__init__	0	self	positional_or_keyword	-	-
manimlib.mobject.types.surface:TexturedGeometry.__init__	1	geometry	positional_or_keyword	trimesh.base.Trimesh	-
manimlib.mobject.types.surface:TexturedGeometry.__init__	2	texture_file	positional_or_keyword	str	-
manimlib.mobject.types.surface:TexturedGeometry.__init__	3	kwargs	var_keyword	-	-
manimlib.mobject.types.surface:TexturedGeometry.init_points	0	self	positional_or_keyword	-	-
manimlib.mobject.types.surface:TexturedSurface.__init__	0	self	positional_or_keyword	-	-
manimlib.mobject.types.surface:TexturedSurface.__init__	1	uv_surface	positional_or_keyword	Surface	-
manimlib.mobject.types.surface:TexturedSurface.__init__	2	image_file	positional_or_keyword	str	-
manimlib.mobject.types.surface:TexturedSurface.__init__	3	dark_image_file	positional_or_keyword	str | None	None
manimlib.mobject.types.surface:TexturedSurface.__init__	4	kwargs	var_keyword	-	-
manimlib.mobject.types.surface:TexturedSurface.init_points	0	self	positional_or_keyword	-	-
manimlib.mobject.types.surface:TexturedSurface.init_uniforms	0	self	positional_or_keyword	-	-
manimlib.mobject.types.surface:TexturedSurface.pointwise_become_partial	0	self	positional_or_keyword	-	-
manimlib.mobject.types.surface:TexturedSurface.pointwise_become_partial	1	tsmobject	positional_or_keyword	'TexturedSurface'	-
manimlib.mobject.types.surface:TexturedSurface.pointwise_become_partial	2	a	positional_or_keyword	float	-
manimlib.mobject.types.surface:TexturedSurface.pointwise_become_partial	3	b	positional_or_keyword	float	-
manimlib.mobject.types.surface:TexturedSurface.pointwise_become_partial	4	axis	positional_or_keyword	int | None	None
manimlib.mobject.types.surface:TexturedSurface.set_color	0	self	positional_or_keyword	-	-
manimlib.mobject.types.surface:TexturedSurface.set_color	1	color	positional_or_keyword	ManimColor | Iterable[ManimColor] | None	-
manimlib.mobject.types.surface:TexturedSurface.set_color	2	opacity	positional_or_keyword	float | Iterable[float] | None	None
manimlib.mobject.types.surface:TexturedSurface.set_color	3	recurse	positional_or_keyword	bool	True
manimlib.mobject.types.surface:TexturedSurface.set_image_coords_by_uv_func	0	self	positional_or_keyword	-	-
manimlib.mobject.types.surface:TexturedSurface.set_image_coords_by_uv_func	1	uv_func	positional_or_keyword	-	-
manimlib.mobject.types.surface:TexturedSurface.set_opacity	0	self	positional_or_keyword	-	-
manimlib.mobject.types.surface:TexturedSurface.set_opacity	1	opacity	positional_or_keyword	float | Iterable[float]	-
manimlib.mobject.types.surface:TexturedSurface.set_opacity	2	recurse	positional_or_keyword	-	True
manimlib.mobject.types.surface:ThreeDModel.__init__	0	self	positional_or_keyword	-	-
manimlib.mobject.types.surface:ThreeDModel.__init__	1	obj_file	positional_or_keyword	str	-
manimlib.mobject.types.surface:ThreeDModel.__init__	2	height	positional_or_keyword	-	3
manimlib.mobject.types.surface:ThreeDModel.get_textures_from_mtl	0	self	positional_or_keyword	-	-
manimlib.mobject.types.surface:ThreeDModel.get_textures_from_mtl	1	obj_filepath	positional_or_keyword	-	-
manimlib.mobject.types.surface:ThreeDModel.get_textures_from_mtl	2	suppress_warnings	positional_or_keyword	-	True
manimlib.mobject.types.vectorized_mobject:CurvesAsSubmobjects.__init__	0	self	positional_or_keyword	-	-
manimlib.mobject.types.vectorized_mobject:CurvesAsSubmobjects.__init__	1	vmobject	positional_or_keyword	VMobject	-
manimlib.mobject.types.vectorized_mobject:CurvesAsSubmobjects.__init__	2	kwargs	var_keyword	-	-
manimlib.mobject.types.vectorized_mobject:DashedVMobject.__init__	0	self	positional_or_keyword	-	-
manimlib.mobject.types.vectorized_mobject:DashedVMobject.__init__	1	vmobject	positional_or_keyword	VMobject	-
manimlib.mobject.types.vectorized_mobject:DashedVMobject.__init__	2	num_dashes	positional_or_keyword	int	15
manimlib.mobject.types.vectorized_mobject:DashedVMobject.__init__	3	positive_space_ratio	positional_or_keyword	float	0.5
manimlib.mobject.types.vectorized_mobject:DashedVMobject.__init__	4	kwargs	var_keyword	-	-
manimlib.mobject.types.vectorized_mobject:VGroup.__init__	0	self	positional_or_keyword	-	-
manimlib.mobject.types.vectorized_mobject:VGroup.__init__	1	vmobjects	var_positional	SubVmobjectType | Iterable[SubVmobjectType]	-
manimlib.mobject.types.vectorized_mobject:VGroup.__init__	2	kwargs	var_keyword	-	-
manimlib.mobject.types.vectorized_mobject:VHighlight.__init__	0	self	positional_or_keyword	-	-
manimlib.mobject.types.vectorized_mobject:VHighlight.__init__	1	vmobject	positional_or_keyword	VMobject	-
manimlib.mobject.types.vectorized_mobject:VHighlight.__init__	2	n_layers	positional_or_keyword	int	5
manimlib.mobject.types.vectorized_mobject:VHighlight.__init__	3	color_bounds	positional_or_keyword	Tuple[ManimColor]	(GREY_C, GREY_E)
manimlib.mobject.types.vectorized_mobject:VHighlight.__init__	4	max_stroke_addition	positional_or_keyword	float	5.0
manimlib.mobject.types.vectorized_mobject:VMobject.__init__	0	self	positional_or_keyword	-	-
manimlib.mobject.types.vectorized_mobject:VMobject.__init__	1	color	positional_or_keyword	ManimColor	None
manimlib.mobject.types.vectorized_mobject:VMobject.__init__	2	fill_color	positional_or_keyword	ManimColor	None
manimlib.mobject.types.vectorized_mobject:VMobject.__init__	3	fill_opacity	positional_or_keyword	float | Iterable[float] | None	0.0
manimlib.mobject.types.vectorized_mobject:VMobject.__init__	4	stroke_color	positional_or_keyword	ManimColor	None
manimlib.mobject.types.vectorized_mobject:VMobject.__init__	5	stroke_opacity	positional_or_keyword	float | Iterable[float] | None	1.0
manimlib.mobject.types.vectorized_mobject:VMobject.__init__	6	stroke_width	positional_or_keyword	float | Iterable[float] | None	DEFAULT_STROKE_WIDTH
manimlib.mobject.types.vectorized_mobject:VMobject.__init__	7	stroke_behind	positional_or_keyword	bool	False
manimlib.mobject.types.vectorized_mobject:VMobject.__init__	8	background_image_file	positional_or_keyword	str | None	None
manimlib.mobject.types.vectorized_mobject:VMobject.__init__	9	long_lines	positional_or_keyword	bool	False
manimlib.mobject.types.vectorized_mobject:VMobject.__init__	10	joint_type	positional_or_keyword	str	'auto'
manimlib.mobject.types.vectorized_mobject:VMobject.__init__	11	flat_stroke	positional_or_keyword	bool	False
manimlib.mobject.types.vectorized_mobject:VMobject.__init__	12	scale_stroke_with_zoom	positional_or_keyword	bool	False
manimlib.mobject.types.vectorized_mobject:VMobject.__init__	13	use_simple_quadratic_approx	positional_or_keyword	bool	False
manimlib.mobject.types.vectorized_mobject:VMobject.__init__	14	anti_alias_width	positional_or_keyword	float	1.5
manimlib.mobject.types.vectorized_mobject:VMobject.__init__	15	fill_border_width	positional_or_keyword	float	0.0
manimlib.mobject.types.vectorized_mobject:VMobject.__init__	16	kwargs	var_keyword	-	-
manimlib.mobject.types.vectorized_mobject:VMobject.add	0	self	positional_or_keyword	-	-
manimlib.mobject.types.vectorized_mobject:VMobject.add	1	vmobjects	var_positional	VMobject	-
manimlib.mobject.types.vectorized_mobject:VMobject.add_arc_to	0	self	positional_or_keyword	-	-
manimlib.mobject.types.vectorized_mobject:VMobject.add_arc_to	1	point	positional_or_keyword	Vect3	-
manimlib.mobject.types.vectorized_mobject:VMobject.add_arc_to	2	angle	positional_or_keyword	float	-
manimlib.mobject.types.vectorized_mobject:VMobject.add_arc_to	3	n_components	positional_or_keyword	int | None	None
manimlib.mobject.types.vectorized_mobject:VMobject.add_arc_to	4	threshold	positional_or_keyword	float	0.001
manimlib.mobject.types.vectorized_mobject:VMobject.add_cubic_bezier_curve	0	self	positional_or_keyword	-	-
manimlib.mobject.types.vectorized_mobject:VMobject.add_cubic_bezier_curve	1	anchor1	positional_or_keyword	Vect3	-
manimlib.mobject.types.vectorized_mobject:VMobject.add_cubic_bezier_curve	2	handle1	positional_or_keyword	Vect3	-
manimlib.mobject.types.vectorized_mobject:VMobject.add_cubic_bezier_curve	3	handle2	positional_or_keyword	Vect3	-
manimlib.mobject.types.vectorized_mobject:VMobject.add_cubic_bezier_curve	4	anchor2	positional_or_keyword	Vect3	-
manimlib.mobject.types.vectorized_mobject:VMobject.add_cubic_bezier_curve_to	0	self	positional_or_keyword	-	-
manimlib.mobject.types.vectorized_mobject:VMobject.add_cubic_bezier_curve_to	1	handle1	positional_or_keyword	Vect3	-
manimlib.mobject.types.vectorized_mobject:VMobject.add_cubic_bezier_curve_to	2	handle2	positional_or_keyword	Vect3	-
manimlib.mobject.types.vectorized_mobject:VMobject.add_cubic_bezier_curve_to	3	anchor	positional_or_keyword	Vect3	-
manimlib.mobject.types.vectorized_mobject:VMobject.add_line_to	0	self	positional_or_keyword	-	-
manimlib.mobject.types.vectorized_mobject:VMobject.add_line_to	1	point	positional_or_keyword	Vect3	-
manimlib.mobject.types.vectorized_mobject:VMobject.add_line_to	2	allow_null_line	positional_or_keyword	bool	True
manimlib.mobject.types.vectorized_mobject:VMobject.add_points_as_corners	0	self	positional_or_keyword	-	-
manimlib.mobject.types.vectorized_mobject:VMobject.add_points_as_corners	1	points	positional_or_keyword	Iterable[Vect3]	-
manimlib.mobject.types.vectorized_mobject:VMobject.add_quadratic_bezier_curve_to	0	self	positional_or_keyword	-	-
manimlib.mobject.types.vectorized_mobject:VMobject.add_quadratic_bezier_curve_to	1	handle	positional_or_keyword	Vect3	-
manimlib.mobject.types.vectorized_mobject:VMobject.add_quadratic_bezier_curve_to	2	anchor	positional_or_keyword	Vect3	-
manimlib.mobject.types.vectorized_mobject:VMobject.add_quadratic_bezier_curve_to	3	allow_null_curve	positional_or_keyword	-	True
manimlib.mobject.types.vectorized_mobject:VMobject.add_smooth_cubic_curve_to	0	self	positional_or_keyword	-	-
manimlib.mobject.types.vectorized_mobject:VMobject.add_smooth_cubic_curve_to	1	handle	positional_or_keyword	Vect3	-
manimlib.mobject.types.vectorized_mobject:VMobject.add_smooth_cubic_curve_to	2	point	positional_or_keyword	Vect3	-
manimlib.mobject.types.vectorized_mobject:VMobject.add_smooth_curve_to	0	self	positional_or_keyword	-	-
manimlib.mobject.types.vectorized_mobject:VMobject.add_smooth_curve_to	1	point	positional_or_keyword	Vect3	-
manimlib.mobject.types.vectorized_mobject:VMobject.add_subpath	0	self	positional_or_keyword	-	-
manimlib.mobject.types.vectorized_mobject:VMobject.add_subpath	1	points	positional_or_keyword	Vect3Array	-
manimlib.mobject.types.vectorized_mobject:VMobject.align_points	0	self	positional_or_keyword	-	-
manimlib.mobject.types.vectorized_mobject:VMobject.align_points	1	vmobject	positional_or_keyword	VMobject	-
manimlib.mobject.types.vectorized_mobject:VMobject.append_points	0	self	positional_or_keyword	-	-
manimlib.mobject.types.vectorized_mobject:VMobject.append_points	1	points	positional_or_keyword	Vect3Array	-
manimlib.mobject.types.vectorized_mobject:VMobject.append_vectorized_mobject	0	self	positional_or_keyword	-	-
manimlib.mobject.types.vectorized_mobject:VMobject.append_vectorized_mobject	1	vmobject	positional_or_keyword	VMobject	-
manimlib.mobject.types.vectorized_mobject:VMobject.apply_depth_test	0	self	positional_or_keyword	-	-
manimlib.mobject.types.vectorized_mobject:VMobject.apply_depth_test	1	anti_alias_width	positional_or_keyword	float	0
manimlib.mobject.types.vectorized_mobject:VMobject.apply_depth_test	2	recurse	positional_or_keyword	bool	True
manimlib.mobject.types.vectorized_mobject:VMobject.apply_function	0	self	positional_or_keyword	-	-
manimlib.mobject.types.vectorized_mobject:VMobject.apply_function	1	function	positional_or_keyword	Callable[[Vect3], Vect3]	-
manimlib.mobject.types.vectorized_mobject:VMobject.apply_function	2	make_smooth	positional_or_keyword	bool	False
manimlib.mobject.types.vectorized_mobject:VMobject.apply_function	3	kwargs	var_keyword	-	-
manimlib.mobject.types.vectorized_mobject:VMobject.apply_matrix	0	self	positional_or_keyword	-	-
manimlib.mobject.types.vectorized_mobject:VMobject.apply_matrix	1	args	var_positional	-	-
manimlib.mobject.types.vectorized_mobject:VMobject.apply_matrix	2	kwargs	var_keyword	-	-
manimlib.mobject.types.vectorized_mobject:VMobject.change_anchor_mode	0	self	positional_or_keyword	-	-
manimlib.mobject.types.vectorized_mobject:VMobject.change_anchor_mode	1	mode	positional_or_keyword	str	-
manimlib.mobject.types.vectorized_mobject:VMobject.close_path	0	self	positional_or_keyword	-	-
manimlib.mobject.types.vectorized_mobject:VMobject.close_path	1	smooth	positional_or_keyword	bool	False
manimlib.mobject.types.vectorized_mobject:VMobject.consider_points_equal	0	self	positional_or_keyword	-	-
manimlib.mobject.types.vectorized_mobject:VMobject.consider_points_equal	1	p0	positional_or_keyword	Vect3	-
manimlib.mobject.types.vectorized_mobject:VMobject.consider_points_equal	2	p1	positional_or_keyword	Vect3	-
manimlib.mobject.types.vectorized_mobject:VMobject.curve_and_prop_of_partial_point	0	self	positional_or_keyword	-	-
manimlib.mobject.types.vectorized_mobject:VMobject.curve_and_prop_of_partial_point	1	alpha	positional_or_keyword	-	-
manimlib.mobject.types.vectorized_mobject:VMobject.deactivate_depth_test	0	self	positional_or_keyword	-	-
manimlib.mobject.types.vectorized_mobject:VMobject.deactivate_depth_test	1	anti_alias_width	positional_or_keyword	float	1.0
manimlib.mobject.types.vectorized_mobject:VMobject.deactivate_depth_test	2	recurse	positional_or_keyword	bool	True
manimlib.mobject.types.vectorized_mobject:VMobject.ensure_positive_orientation	0	self	positional_or_keyword	-	-
manimlib.mobject.types.vectorized_mobject:VMobject.ensure_positive_orientation	1	recurse	positional_or_keyword	-	True
manimlib.mobject.types.vectorized_mobject:VMobject.fade	0	self	positional_or_keyword	-	-
manimlib.mobject.types.vectorized_mobject:VMobject.fade	1	darkness	positional_or_keyword	float	0.5
manimlib.mobject.types.vectorized_mobject:VMobject.fade	2	recurse	positional_or_keyword	bool	True
manimlib.mobject.types.vectorized_mobject:VMobject.get_anchors	0	self	positional_or_keyword	-	-
manimlib.mobject.types.vectorized_mobject:VMobject.get_anchors_and_handles	0	self	positional_or_keyword	-	-
manimlib.mobject.types.vectorized_mobject:VMobject.get_anti_alias_width	0	self	positional_or_keyword	-	-
manimlib.mobject.types.vectorized_mobject:VMobject.get_arc_length	0	self	positional_or_keyword	-	-
manimlib.mobject.types.vectorized_mobject:VMobject.get_arc_length	1	n_sample_points	positional_or_keyword	int | None	None
manimlib.mobject.types.vectorized_mobject:VMobject.get_area_vector	0	self	positional_or_keyword	-	-
manimlib.mobject.types.vectorized_mobject:VMobject.get_bezier_tuples	0	self	positional_or_keyword	-	-
manimlib.mobject.types.vectorized_mobject:VMobject.get_bezier_tuples_from_points	0	self	positional_or_keyword	-	-
manimlib.mobject.types.vectorized_mobject:VMobject.get_bezier_tuples_from_points	1	points	positional_or_keyword	Vect3Array	-
manimlib.mobject.types.vectorized_mobject:VMobject.get_color	0	self	positional_or_keyword	-	-
manimlib.mobject.types.vectorized_mobject:VMobject.get_end_anchors	0	self	positional_or_keyword	-	-
manimlib.mobject.types.vectorized_mobject:VMobject.get_fill_color	0	self	positional_or_keyword	-	-
manimlib.mobject.types.vectorized_mobject:VMobject.get_fill_colors	0	self	positional_or_keyword	-	-
manimlib.mobject.types.vectorized_mobject:VMobject.get_fill_opacities	0	self	positional_or_keyword	-	-
manimlib.mobject.types.vectorized_mobject:VMobject.get_fill_opacity	0	self	positional_or_keyword	-	-
manimlib.mobject.types.vectorized_mobject:VMobject.get_flat_stroke	0	self	positional_or_keyword	-	-
manimlib.mobject.types.vectorized_mobject:VMobject.get_group_class	0	self	positional_or_keyword	-	-
manimlib.mobject.types.vectorized_mobject:VMobject.get_joint_angles	0	self	positional_or_keyword	-	-
manimlib.mobject.types.vectorized_mobject:VMobject.get_joint_angles	1	refresh	positional_or_keyword	bool	False
manimlib.mobject.types.vectorized_mobject:VMobject.get_joint_type	0	self	positional_or_keyword	-	-
manimlib.mobject.types.vectorized_mobject:VMobject.get_last_point	0	self	positional_or_keyword	-	-
manimlib.mobject.types.vectorized_mobject:VMobject.get_nth_curve_function	0	self	positional_or_keyword	-	-
manimlib.mobject.types.vectorized_mobject:VMobject.get_nth_curve_function	1	n	positional_or_keyword	int	-
manimlib.mobject.types.vectorized_mobject:VMobject.get_nth_curve_points	0	self	positional_or_keyword	-	-
manimlib.mobject.types.vectorized_mobject:VMobject.get_nth_curve_points	1	n	positional_or_keyword	int	-
manimlib.mobject.types.vectorized_mobject:VMobject.get_num_curves	0	self	positional_or_keyword	-	-
manimlib.mobject.types.vectorized_mobject:VMobject.get_opacity	0	self	positional_or_keyword	-	-
manimlib.mobject.types.vectorized_mobject:VMobject.get_outer_vert_indices	0	self	positional_or_keyword	-	-
manimlib.mobject.types.vectorized_mobject:VMobject.get_points_without_null_curves	0	self	positional_or_keyword	-	-
manimlib.mobject.types.vectorized_mobject:VMobject.get_points_without_null_curves	1	atol	positional_or_keyword	float	1e-09
manimlib.mobject.types.vectorized_mobject:VMobject.get_reflection_of_last_handle	0	self	positional_or_keyword	-	-
manimlib.mobject.types.vectorized_mobject:VMobject.get_scale_stroke_with_zoom	0	self	positional_or_keyword	-	-
manimlib.mobject.types.vectorized_mobject:VMobject.get_shader_data	0	self	positional_or_keyword	-	-
manimlib.mobject.types.vectorized_mobject:VMobject.get_shader_vert_indices	0	self	positional_or_keyword	-	-
manimlib.mobject.types.vectorized_mobject:VMobject.get_start_anchors	0	self	positional_or_keyword	-	-
manimlib.mobject.types.vectorized_mobject:VMobject.get_stroke_color	0	self	positional_or_keyword	-	-
manimlib.mobject.types.vectorized_mobject:VMobject.get_stroke_colors	0	self	positional_or_keyword	-	-
manimlib.mobject.types.vectorized_mobject:VMobject.get_stroke_opacities	0	self	positional_or_keyword	-	-
manimlib.mobject.types.vectorized_mobject:VMobject.get_stroke_opacity	0	self	positional_or_keyword	-	-
manimlib.mobject.types.vectorized_mobject:VMobject.get_stroke_width	0	self	positional_or_keyword	-	-
manimlib.mobject.types.vectorized_mobject:VMobject.get_stroke_widths	0	self	positional_or_keyword	-	-
manimlib.mobject.types.vectorized_mobject:VMobject.get_style	0	self	positional_or_keyword	-	-
manimlib.mobject.types.vectorized_mobject:VMobject.get_subcurve	0	self	positional_or_keyword	-	-
manimlib.mobject.types.vectorized_mobject:VMobject.get_subcurve	1	a	positional_or_keyword	float	-
manimlib.mobject.types.vectorized_mobject:VMobject.get_subcurve	2	b	positional_or_keyword	float	-
manimlib.mobject.types.vectorized_mobject:VMobject.get_subpath_end_indices	0	self	positional_or_keyword	-	-
manimlib.mobject.types.vectorized_mobject:VMobject.get_subpath_end_indices_from_points	0	self	positional_or_keyword	-	-
manimlib.mobject.types.vectorized_mobject:VMobject.get_subpath_end_indices_from_points	1	points	positional_or_keyword	Vect3Array	-
manimlib.mobject.types.vectorized_mobject:VMobject.get_subpaths	0	self	positional_or_keyword	-	-
manimlib.mobject.types.vectorized_mobject:VMobject.get_subpaths_from_points	0	self	positional_or_keyword	-	-
manimlib.mobject.types.vectorized_mobject:VMobject.get_subpaths_from_points	1	points	positional_or_keyword	Vect3Array	-
manimlib.mobject.types.vectorized_mobject:VMobject.get_triangulation	0	self	positional_or_keyword	-	-
manimlib.mobject.types.vectorized_mobject:VMobject.get_unit_normal	0	self	positional_or_keyword	-	-
manimlib.mobject.types.vectorized_mobject:VMobject.get_unit_normal	1	refresh	positional_or_keyword	bool	False
manimlib.mobject.types.vectorized_mobject:VMobject.has_fill	0	self	positional_or_keyword	-	-
manimlib.mobject.types.vectorized_mobject:VMobject.has_new_path_started	0	self	positional_or_keyword	-	-
manimlib.mobject.types.vectorized_mobject:VMobject.has_stroke	0	self	positional_or_keyword	-	-
manimlib.mobject.types.vectorized_mobject:VMobject.init_colors	0	self	positional_or_keyword	-	-
manimlib.mobject.types.vectorized_mobject:VMobject.init_shader_wrapper	0	self	positional_or_keyword	-	-
manimlib.mobject.types.vectorized_mobject:VMobject.init_shader_wrapper	1	ctx	positional_or_keyword	Context	-
manimlib.mobject.types.vectorized_mobject:VMobject.init_uniforms	0	self	positional_or_keyword	-	-
manimlib.mobject.types.vectorized_mobject:VMobject.insert_n_curves	0	self	positional_or_keyword	-	-
manimlib.mobject.types.vectorized_mobject:VMobject.insert_n_curves	1	n	positional_or_keyword	int	-
manimlib.mobject.types.vectorized_mobject:VMobject.insert_n_curves	2	recurse	positional_or_keyword	bool	True
manimlib.mobject.types.vectorized_mobject:VMobject.insert_n_curves_to_point_list	0	self	positional_or_keyword	-	-
manimlib.mobject.types.vectorized_mobject:VMobject.insert_n_curves_to_point_list	1	n	positional_or_keyword	int	-
manimlib.mobject.types.vectorized_mobject:VMobject.insert_n_curves_to_point_list	2	points	positional_or_keyword	Vect3Array	-
manimlib.mobject.types.vectorized_mobject:VMobject.is_closed	0	self	positional_or_keyword	-	-
manimlib.mobject.types.vectorized_mobject:VMobject.is_smooth	0	self	positional_or_keyword	-	-
manimlib.mobject.types.vectorized_mobject:VMobject.is_smooth	1	angle_tol	positional_or_keyword	-	1 * DEG
manimlib.mobject.types.vectorized_mobject:VMobject.lock_matching_data	0	self	positional_or_keyword	-	-
manimlib.mobject.types.vectorized_mobject:VMobject.lock_matching_data	1	vmobject1	positional_or_keyword	VMobject	-
manimlib.mobject.types.vectorized_mobject:VMobject.lock_matching_data	2	vmobject2	positional_or_keyword	VMobject	-
manimlib.mobject.types.vectorized_mobject:VMobject.make_approximately_smooth	0	self	positional_or_keyword	-	-
manimlib.mobject.types.vectorized_mobject:VMobject.make_approximately_smooth	1	recurse	positional_or_keyword	-	True
manimlib.mobject.types.vectorized_mobject:VMobject.make_jagged	0	self	positional_or_keyword	-	-
manimlib.mobject.types.vectorized_mobject:VMobject.make_jagged	1	recurse	positional_or_keyword	-	True
manimlib.mobject.types.vectorized_mobject:VMobject.make_smooth	0	self	positional_or_keyword	-	-
manimlib.mobject.types.vectorized_mobject:VMobject.make_smooth	1	approx	positional_or_keyword	-	True
manimlib.mobject.types.vectorized_mobject:VMobject.make_smooth	2	recurse	positional_or_keyword	-	True
manimlib.mobject.types.vectorized_mobject:VMobject.match_style	0	self	positional_or_keyword	-	-
manimlib.mobject.types.vectorized_mobject:VMobject.match_style	1	vmobject	positional_or_keyword	VMobject	-
manimlib.mobject.types.vectorized_mobject:VMobject.match_style	2	recurse	positional_or_keyword	bool	True
manimlib.mobject.types.vectorized_mobject:VMobject.point_from_proportion	0	self	positional_or_keyword	-	-
manimlib.mobject.types.vectorized_mobject:VMobject.point_from_proportion	1	alpha	positional_or_keyword	float	-
manimlib.mobject.types.vectorized_mobject:VMobject.pointwise_become_partial	0	self	positional_or_keyword	-	-
manimlib.mobject.types.vectorized_mobject:VMobject.pointwise_become_partial	1	vmobject	positional_or_keyword	VMobject	-
manimlib.mobject.types.vectorized_mobject:VMobject.pointwise_become_partial	2	a	positional_or_keyword	float	-
manimlib.mobject.types.vectorized_mobject:VMobject.pointwise_become_partial	3	b	positional_or_keyword	float	-
manimlib.mobject.types.vectorized_mobject:VMobject.quick_point_from_proportion	0	self	positional_or_keyword	-	-
manimlib.mobject.types.vectorized_mobject:VMobject.quick_point_from_proportion	1	alpha	positional_or_keyword	float	-
manimlib.mobject.types.vectorized_mobject:VMobject.refresh_joint_angles	0	self	positional_or_keyword	-	-
manimlib.mobject.types.vectorized_mobject:VMobject.refresh_shader_wrapper_id	0	self	positional_or_keyword	-	-
manimlib.mobject.types.vectorized_mobject:VMobject.refresh_unit_normal	0	self	positional_or_keyword	-	-
manimlib.mobject.types.vectorized_mobject:VMobject.replace_shader_code	0	self	positional_or_keyword	-	-
manimlib.mobject.types.vectorized_mobject:VMobject.replace_shader_code	1	old	positional_or_keyword	str	-
manimlib.mobject.types.vectorized_mobject:VMobject.replace_shader_code	2	new	positional_or_keyword	str	-
manimlib.mobject.types.vectorized_mobject:VMobject.replace_shader_code	3	program_type	positional_or_keyword	str | None	None
manimlib.mobject.types.vectorized_mobject:VMobject.reverse_points	0	self	positional_or_keyword	-	-
manimlib.mobject.types.vectorized_mobject:VMobject.reverse_points	1	recurse	positional_or_keyword	bool	True
manimlib.mobject.types.vectorized_mobject:VMobject.rotate	0	self	positional_or_keyword	-	-
manimlib.mobject.types.vectorized_mobject:VMobject.rotate	0	self	positional_or_keyword	-	-
manimlib.mobject.types.vectorized_mobject:VMobject.rotate	1	angle	positional_or_keyword	float	-
manimlib.mobject.types.vectorized_mobject:VMobject.rotate	1	angle	positional_or_keyword	float	-
manimlib.mobject.types.vectorized_mobject:VMobject.rotate	2	axis	positional_or_keyword	Vect3	OUT
manimlib.mobject.types.vectorized_mobject:VMobject.rotate	2	axis	positional_or_keyword	Vect3	OUT
manimlib.mobject.types.vectorized_mobject:VMobject.rotate	3	about_point	positional_or_keyword	Vect3 | None	None
manimlib.mobject.types.vectorized_mobject:VMobject.rotate	3	about_point	positional_or_keyword	Vect3 | None	None
manimlib.mobject.types.vectorized_mobject:VMobject.rotate	4	kwargs	var_keyword	-	-
manimlib.mobject.types.vectorized_mobject:VMobject.rotate	4	kwargs	var_keyword	-	-
manimlib.mobject.types.vectorized_mobject:VMobject.set_anchors_and_handles	0	self	positional_or_keyword	-	-
manimlib.mobject.types.vectorized_mobject:VMobject.set_anchors_and_handles	1	anchors	positional_or_keyword	Vect3Array	-
manimlib.mobject.types.vectorized_mobject:VMobject.set_anchors_and_handles	2	handles	positional_or_keyword	Vect3Array	-
manimlib.mobject.types.vectorized_mobject:VMobject.set_animating_status	0	self	positional_or_keyword	-	-
manimlib.mobject.types.vectorized_mobject:VMobject.set_animating_status	1	is_animating	positional_or_keyword	bool	-
manimlib.mobject.types.vectorized_mobject:VMobject.set_animating_status	2	recurse	positional_or_keyword	bool	True
manimlib.mobject.types.vectorized_mobject:VMobject.set_anti_alias_width	0	self	positional_or_keyword	-	-
manimlib.mobject.types.vectorized_mobject:VMobject.set_anti_alias_width	1	anti_alias_width	positional_or_keyword	float	-
manimlib.mobject.types.vectorized_mobject:VMobject.set_anti_alias_width	2	recurse	positional_or_keyword	bool	True
manimlib.mobject.types.vectorized_mobject:VMobject.set_backstroke	0	self	positional_or_keyword	-	-
manimlib.mobject.types.vectorized_mobject:VMobject.set_backstroke	1	color	positional_or_keyword	ManimColor | Iterable[ManimColor]	BLACK
manimlib.mobject.types.vectorized_mobject:VMobject.set_backstroke	2	width	positional_or_keyword	float | Iterable[float]	3
manimlib.mobject.types.vectorized_mobject:VMobject.set_color	0	self	positional_or_keyword	-	-
manimlib.mobject.types.vectorized_mobject:VMobject.set_color	1	color	positional_or_keyword	ManimColor | Iterable[ManimColor] | None	-
manimlib.mobject.types.vectorized_mobject:VMobject.set_color	2	opacity	positional_or_keyword	float | Iterable[float] | None	None
manimlib.mobject.types.vectorized_mobject:VMobject.set_color	3	recurse	positional_or_keyword	bool	True
manimlib.mobject.types.vectorized_mobject:VMobject.set_color_by_code	0	self	positional_or_keyword	-	-
manimlib.mobject.types.vectorized_mobject:VMobject.set_color_by_code	1	glsl_code	positional_or_keyword	str	-
manimlib.mobject.types.vectorized_mobject:VMobject.set_color_by_code	2	program_type	positional_or_keyword	str | None	None
manimlib.mobject.types.vectorized_mobject:VMobject.set_color_by_proportion	0	self	positional_or_keyword	-	-
manimlib.mobject.types.vectorized_mobject:VMobject.set_color_by_proportion	1	prop_to_color	positional_or_keyword	Callable[[float], Color]	-
manimlib.mobject.types.vectorized_mobject:VMobject.set_data	0	self	positional_or_keyword	-	-
manimlib.mobject.types.vectorized_mobject:VMobject.set_data	1	data	positional_or_keyword	np.ndarray	-
manimlib.mobject.types.vectorized_mobject:VMobject.set_fill	0	self	positional_or_keyword	-	-
manimlib.mobject.types.vectorized_mobject:VMobject.set_fill	1	color	positional_or_keyword	ManimColor | Iterable[ManimColor]	None
manimlib.mobject.types.vectorized_mobject:VMobject.set_fill	2	opacity	positional_or_keyword	float | Iterable[float] | None	None
manimlib.mobject.types.vectorized_mobject:VMobject.set_fill	3	border_width	positional_or_keyword	float | None	None
manimlib.mobject.types.vectorized_mobject:VMobject.set_fill	4	recurse	positional_or_keyword	bool	True
manimlib.mobject.types.vectorized_mobject:VMobject.set_flat_stroke	0	self	positional_or_keyword	-	-
manimlib.mobject.types.vectorized_mobject:VMobject.set_flat_stroke	1	flat_stroke	positional_or_keyword	bool	True
manimlib.mobject.types.vectorized_mobject:VMobject.set_flat_stroke	2	recurse	positional_or_keyword	bool	True
manimlib.mobject.types.vectorized_mobject:VMobject.set_joint_type	0	self	positional_or_keyword	-	-
manimlib.mobject.types.vectorized_mobject:VMobject.set_joint_type	1	joint_type	positional_or_keyword	str	-
manimlib.mobject.types.vectorized_mobject:VMobject.set_joint_type	2	recurse	positional_or_keyword	bool	True
manimlib.mobject.types.vectorized_mobject:VMobject.set_opacity	0	self	positional_or_keyword	-	-
manimlib.mobject.types.vectorized_mobject:VMobject.set_opacity	1	opacity	positional_or_keyword	float | Iterable[float] | None	-
manimlib.mobject.types.vectorized_mobject:VMobject.set_opacity	2	recurse	positional_or_keyword	bool	True
manimlib.mobject.types.vectorized_mobject:VMobject.set_points	0	self	positional_or_keyword	-	-
manimlib.mobject.types.vectorized_mobject:VMobject.set_points	1	points	positional_or_keyword	Vect3Array	-
manimlib.mobject.types.vectorized_mobject:VMobject.set_points_as_corners	0	self	positional_or_keyword	-	-
manimlib.mobject.types.vectorized_mobject:VMobject.set_points_as_corners	1	points	positional_or_keyword	Iterable[Vect3]	-
manimlib.mobject.types.vectorized_mobject:VMobject.set_points_smoothly	0	self	positional_or_keyword	-	-
manimlib.mobject.types.vectorized_mobject:VMobject.set_points_smoothly	1	points	positional_or_keyword	Iterable[Vect3]	-
manimlib.mobject.types.vectorized_mobject:VMobject.set_points_smoothly	2	approx	positional_or_keyword	bool	True
manimlib.mobject.types.vectorized_mobject:VMobject.set_scale_stroke_with_zoom	0	self	positional_or_keyword	-	-
manimlib.mobject.types.vectorized_mobject:VMobject.set_scale_stroke_with_zoom	1	scale_stroke_with_zoom	positional_or_keyword	bool	True
manimlib.mobject.types.vectorized_mobject:VMobject.set_scale_stroke_with_zoom	2	recurse	positional_or_keyword	bool	True
manimlib.mobject.types.vectorized_mobject:VMobject.set_stroke	0	self	positional_or_keyword	-	-
manimlib.mobject.types.vectorized_mobject:VMobject.set_stroke	1	color	positional_or_keyword	ManimColor | Iterable[ManimColor]	None
manimlib.mobject.types.vectorized_mobject:VMobject.set_stroke	2	width	positional_or_keyword	float | Iterable[float] | None	None
manimlib.mobject.types.vectorized_mobject:VMobject.set_stroke	3	opacity	positional_or_keyword	float | Iterable[float] | None	None
manimlib.mobject.types.vectorized_mobject:VMobject.set_stroke	4	behind	positional_or_keyword	bool | None	None
manimlib.mobject.types.vectorized_mobject:VMobject.set_stroke	5	flat	positional_or_keyword	bool | None	None
manimlib.mobject.types.vectorized_mobject:VMobject.set_stroke	6	recurse	positional_or_keyword	bool	True
manimlib.mobject.types.vectorized_mobject:VMobject.set_style	0	self	positional_or_keyword	-	-
manimlib.mobject.types.vectorized_mobject:VMobject.set_style	1	fill_color	positional_or_keyword	ManimColor | Iterable[ManimColor] | None	None
manimlib.mobject.types.vectorized_mobject:VMobject.set_style	2	fill_opacity	positional_or_keyword	float | Iterable[float] | None	None
manimlib.mobject.types.vectorized_mobject:VMobject.set_style	3	fill_rgba	positional_or_keyword	Vect4 | None	None
manimlib.mobject.types.vectorized_mobject:VMobject.set_style	4	fill_border_width	positional_or_keyword	float | None	None
manimlib.mobject.types.vectorized_mobject:VMobject.set_style	5	stroke_color	positional_or_keyword	ManimColor | Iterable[ManimColor] | None	None
manimlib.mobject.types.vectorized_mobject:VMobject.set_style	6	stroke_opacity	positional_or_keyword	float | Iterable[float] | None	None
manimlib.mobject.types.vectorized_mobject:VMobject.set_style	7	stroke_rgba	positional_or_keyword	Vect4 | None	None
manimlib.mobject.types.vectorized_mobject:VMobject.set_style	8	stroke_width	positional_or_keyword	float | Iterable[float] | None	None
manimlib.mobject.types.vectorized_mobject:VMobject.set_style	9	stroke_behind	positional_or_keyword	bool | None	None
manimlib.mobject.types.vectorized_mobject:VMobject.set_style	10	flat_stroke	positional_or_keyword	Optional[bool]	None
manimlib.mobject.types.vectorized_mobject:VMobject.set_style	11	shading	positional_or_keyword	Tuple[float, float, float] | None	None
manimlib.mobject.types.vectorized_mobject:VMobject.set_style	12	recurse	positional_or_keyword	bool	True
manimlib.mobject.types.vectorized_mobject:VMobject.start_new_path	0	self	positional_or_keyword	-	-
manimlib.mobject.types.vectorized_mobject:VMobject.start_new_path	1	point	positional_or_keyword	Vect3	-
manimlib.mobject.types.vectorized_mobject:VMobject.stretch	0	self	positional_or_keyword	-	-
manimlib.mobject.types.vectorized_mobject:VMobject.stretch	1	args	var_positional	-	-
manimlib.mobject.types.vectorized_mobject:VMobject.stretch	2	kwargs	var_keyword	-	-
manimlib.mobject.types.vectorized_mobject:VMobject.subdivide_curves_by_condition	0	self	positional_or_keyword	-	-
manimlib.mobject.types.vectorized_mobject:VMobject.subdivide_curves_by_condition	1	tuple_to_subdivisions	positional_or_keyword	Callable	-
manimlib.mobject.types.vectorized_mobject:VMobject.subdivide_curves_by_condition	2	recurse	positional_or_keyword	bool	True
manimlib.mobject.types.vectorized_mobject:VMobject.subdivide_intersections	0	self	positional_or_keyword	-	-
manimlib.mobject.types.vectorized_mobject:VMobject.subdivide_intersections	1	recurse	positional_or_keyword	bool	True
manimlib.mobject.types.vectorized_mobject:VMobject.subdivide_intersections	2	n_subdivisions	positional_or_keyword	int	1
manimlib.mobject.types.vectorized_mobject:VMobject.subdivide_sharp_curves	0	self	positional_or_keyword	-	-
manimlib.mobject.types.vectorized_mobject:VMobject.subdivide_sharp_curves	1	angle_threshold	positional_or_keyword	float	30 * DEG
manimlib.mobject.types.vectorized_mobject:VMobject.subdivide_sharp_curves	2	recurse	positional_or_keyword	bool	True
manimlib.mobject.types.vectorized_mobject:VMobject.triggers_refresh	0	func	positional_or_keyword	Callable	-
manimlib.mobject.types.vectorized_mobject:VMobject.use_winding_fill	0	self	positional_or_keyword	-	-
manimlib.mobject.types.vectorized_mobject:VMobject.use_winding_fill	1	value	positional_or_keyword	bool	True
manimlib.mobject.types.vectorized_mobject:VMobject.use_winding_fill	2	recurse	positional_or_keyword	bool	True
manimlib.mobject.types.vectorized_mobject:VectorizedPoint.__init__	0	self	positional_or_keyword	-	-
manimlib.mobject.types.vectorized_mobject:VectorizedPoint.__init__	1	location	positional_or_keyword	np.ndarray	ORIGIN
manimlib.mobject.types.vectorized_mobject:VectorizedPoint.__init__	2	color	positional_or_keyword	ManimColor	BLACK
manimlib.mobject.types.vectorized_mobject:VectorizedPoint.__init__	3	fill_opacity	positional_or_keyword	float	0.0
manimlib.mobject.types.vectorized_mobject:VectorizedPoint.__init__	4	stroke_width	positional_or_keyword	float	0.0
manimlib.mobject.types.vectorized_mobject:VectorizedPoint.__init__	5	kwargs	var_keyword	-	-
manimlib.mobject.value_tracker:ExponentialValueTracker.get_value	0	self	positional_or_keyword	-	-
manimlib.mobject.value_tracker:ExponentialValueTracker.set_value	0	self	positional_or_keyword	-	-
manimlib.mobject.value_tracker:ExponentialValueTracker.set_value	1	value	positional_or_keyword	float | complex	-
manimlib.mobject.value_tracker:ValueTracker.__init__	0	self	positional_or_keyword	-	-
manimlib.mobject.value_tracker:ValueTracker.__init__	1	value	positional_or_keyword	float | complex | np.ndarray	0
manimlib.mobject.value_tracker:ValueTracker.__init__	2	kwargs	var_keyword	-	-
manimlib.mobject.value_tracker:ValueTracker.get_value	0	self	positional_or_keyword	-	-
manimlib.mobject.value_tracker:ValueTracker.increment_value	0	self	positional_or_keyword	-	-
manimlib.mobject.value_tracker:ValueTracker.increment_value	1	d_value	positional_or_keyword	float | complex	-
manimlib.mobject.value_tracker:ValueTracker.init_uniforms	0	self	positional_or_keyword	-	-
manimlib.mobject.value_tracker:ValueTracker.set_value	0	self	positional_or_keyword	-	-
manimlib.mobject.value_tracker:ValueTracker.set_value	1	value	positional_or_keyword	float | complex | np.ndarray	-
manimlib.mobject.vector_field:AnimatedStreamLines.__init__	0	self	positional_or_keyword	-	-
manimlib.mobject.vector_field:AnimatedStreamLines.__init__	1	stream_lines	positional_or_keyword	StreamLines	-
manimlib.mobject.vector_field:AnimatedStreamLines.__init__	2	lag_range	positional_or_keyword	float	4
manimlib.mobject.vector_field:AnimatedStreamLines.__init__	3	rate_multiple	positional_or_keyword	float	1.0
manimlib.mobject.vector_field:AnimatedStreamLines.__init__	4	line_anim_config	positional_or_keyword	dict	dict(rate_func=linear, time_width=1.0)
manimlib.mobject.vector_field:AnimatedStreamLines.__init__	5	kwargs	var_keyword	-	-
manimlib.mobject.vector_field:AnimatedStreamLines.update	0	self	positional_or_keyword	-	-
manimlib.mobject.vector_field:AnimatedStreamLines.update	1	dt	positional_or_keyword	float	0
manimlib.mobject.vector_field:StreamLines.__init__	0	self	positional_or_keyword	-	-
manimlib.mobject.vector_field:StreamLines.__init__	1	func	positional_or_keyword	Callable[[VectArray], VectArray]	-
manimlib.mobject.vector_field:StreamLines.__init__	2	coordinate_system	positional_or_keyword	CoordinateSystem	-
manimlib.mobject.vector_field:StreamLines.__init__	3	density	positional_or_keyword	float	1.0
manimlib.mobject.vector_field:StreamLines.__init__	4	n_repeats	positional_or_keyword	int	1
manimlib.mobject.vector_field:StreamLines.__init__	5	noise_factor	positional_or_keyword	float | None	None
manimlib.mobject.vector_field:StreamLines.__init__	6	solution_time	positional_or_keyword	float	3
manimlib.mobject.vector_field:StreamLines.__init__	7	dt	positional_or_keyword	float	0.05
manimlib.mobject.vector_field:StreamLines.__init__	8	arc_len	positional_or_keyword	float	3
manimlib.mobject.vector_field:StreamLines.__init__	9	max_time_steps	positional_or_keyword	int	200
manimlib.mobject.vector_field:StreamLines.__init__	10	n_samples_per_line	positional_or_keyword	int	10
manimlib.mobject.vector_field:StreamLines.__init__	11	cutoff_norm	positional_or_keyword	float	15
manimlib.mobject.vector_field:StreamLines.__init__	12	stroke_width	positional_or_keyword	float	1.0
manimlib.mobject.vector_field:StreamLines.__init__	13	stroke_color	positional_or_keyword	ManimColor	DEFAULT_MOBJECT_COLOR
manimlib.mobject.vector_field:StreamLines.__init__	14	stroke_opacity	positional_or_keyword	float	1
manimlib.mobject.vector_field:StreamLines.__init__	15	color_by_magnitude	positional_or_keyword	bool	True
manimlib.mobject.vector_field:StreamLines.__init__	16	magnitude_range	positional_or_keyword	Tuple[float, float]	(0, 2.0)
manimlib.mobject.vector_field:StreamLines.__init__	17	taper_stroke_width	positional_or_keyword	bool	False
manimlib.mobject.vector_field:StreamLines.__init__	18	color_map	positional_or_keyword	str	'3b1b_colormap'
manimlib.mobject.vector_field:StreamLines.__init__	19	kwargs	var_keyword	-	-
manimlib.mobject.vector_field:StreamLines.draw_lines	0	self	positional_or_keyword	-	-
manimlib.mobject.vector_field:StreamLines.get_sample_coords	0	self	positional_or_keyword	-	-
manimlib.mobject.vector_field:StreamLines.init_style	0	self	positional_or_keyword	-	-
manimlib.mobject.vector_field:StreamLines.point_func	0	self	positional_or_keyword	-	-
manimlib.mobject.vector_field:StreamLines.point_func	1	points	positional_or_keyword	Vect3Array	-
manimlib.mobject.vector_field:TimeVaryingVectorField.__init__	0	self	positional_or_keyword	-	-
manimlib.mobject.vector_field:TimeVaryingVectorField.__init__	1	time_func	positional_or_keyword	Callable[[VectArray, float], VectArray]	-
manimlib.mobject.vector_field:TimeVaryingVectorField.__init__	2	coordinate_system	positional_or_keyword	CoordinateSystem	-
manimlib.mobject.vector_field:TimeVaryingVectorField.__init__	3	kwargs	var_keyword	-	-
manimlib.mobject.vector_field:TimeVaryingVectorField.increment_time	0	self	positional_or_keyword	-	-
manimlib.mobject.vector_field:TimeVaryingVectorField.increment_time	1	dt	positional_or_keyword	-	-
manimlib.mobject.vector_field:VectorField.__init__	0	self	positional_or_keyword	-	-
manimlib.mobject.vector_field:VectorField.__init__	1	func	positional_or_keyword	Callable[[VectArray], VectArray]	-
manimlib.mobject.vector_field:VectorField.__init__	2	coordinate_system	positional_or_keyword	CoordinateSystem	-
manimlib.mobject.vector_field:VectorField.__init__	3	sample_coords	positional_or_keyword	Optional[VectArray]	None
manimlib.mobject.vector_field:VectorField.__init__	4	density	positional_or_keyword	float	2.0
manimlib.mobject.vector_field:VectorField.__init__	5	magnitude_range	positional_or_keyword	Optional[Tuple[float, float]]	None
manimlib.mobject.vector_field:VectorField.__init__	6	color	positional_or_keyword	Optional[ManimColor]	None
manimlib.mobject.vector_field:VectorField.__init__	7	color_map_name	positional_or_keyword	Optional[str]	'3b1b_colormap'
manimlib.mobject.vector_field:VectorField.__init__	8	color_map	positional_or_keyword	Optional[Callable[[Sequence[float]], Vect4Array]]	None
manimlib.mobject.vector_field:VectorField.__init__	9	stroke_opacity	positional_or_keyword	float	1.0
manimlib.mobject.vector_field:VectorField.__init__	10	stroke_width	positional_or_keyword	float	3
manimlib.mobject.vector_field:VectorField.__init__	11	tip_width_ratio	positional_or_keyword	float	4
manimlib.mobject.vector_field:VectorField.__init__	12	tip_len_to_width	positional_or_keyword	float	0.01
manimlib.mobject.vector_field:VectorField.__init__	13	max_vect_len	positional_or_keyword	float | None	None
manimlib.mobject.vector_field:VectorField.__init__	14	max_vect_len_to_step_size	positional_or_keyword	float	0.8
manimlib.mobject.vector_field:VectorField.__init__	15	flat_stroke	positional_or_keyword	bool	False
manimlib.mobject.vector_field:VectorField.__init__	16	norm_to_opacity_func	positional_or_keyword	-	None
manimlib.mobject.vector_field:VectorField.__init__	17	kwargs	var_keyword	-	-
manimlib.mobject.vector_field:VectorField.get_sample_points	0	self	positional_or_keyword	-	-
manimlib.mobject.vector_field:VectorField.get_sample_points	1	center	positional_or_keyword	np.ndarray	-
manimlib.mobject.vector_field:VectorField.get_sample_points	2	width	positional_or_keyword	float	-
manimlib.mobject.vector_field:VectorField.get_sample_points	3	height	positional_or_keyword	float	-
manimlib.mobject.vector_field:VectorField.get_sample_points	4	depth	positional_or_keyword	float	-
manimlib.mobject.vector_field:VectorField.get_sample_points	5	x_density	positional_or_keyword	float	-
manimlib.mobject.vector_field:VectorField.get_sample_points	6	y_density	positional_or_keyword	float	-
manimlib.mobject.vector_field:VectorField.get_sample_points	7	z_density	positional_or_keyword	float	-
manimlib.mobject.vector_field:VectorField.init_base_stroke_width_array	0	self	positional_or_keyword	-	-
manimlib.mobject.vector_field:VectorField.init_base_stroke_width_array	1	n_sample_points	positional_or_keyword	-	-
manimlib.mobject.vector_field:VectorField.init_points	0	self	positional_or_keyword	-	-
manimlib.mobject.vector_field:VectorField.set_sample_coords	0	self	positional_or_keyword	-	-
manimlib.mobject.vector_field:VectorField.set_sample_coords	1	sample_coords	positional_or_keyword	VectArray	-
manimlib.mobject.vector_field:VectorField.set_stroke	0	self	positional_or_keyword	-	-
manimlib.mobject.vector_field:VectorField.set_stroke	1	color	positional_or_keyword	-	None
manimlib.mobject.vector_field:VectorField.set_stroke	2	width	positional_or_keyword	-	None
manimlib.mobject.vector_field:VectorField.set_stroke	3	opacity	positional_or_keyword	-	None
manimlib.mobject.vector_field:VectorField.set_stroke	4	behind	positional_or_keyword	-	None
manimlib.mobject.vector_field:VectorField.set_stroke	5	flat	positional_or_keyword	-	None
manimlib.mobject.vector_field:VectorField.set_stroke	6	recurse	positional_or_keyword	-	True
manimlib.mobject.vector_field:VectorField.set_stroke_width	0	self	positional_or_keyword	-	-
manimlib.mobject.vector_field:VectorField.set_stroke_width	1	width	positional_or_keyword	float	-
manimlib.mobject.vector_field:VectorField.update_sample_points	0	self	positional_or_keyword	-	-
manimlib.mobject.vector_field:VectorField.update_vectors	0	self	positional_or_keyword	-	-
manimlib.mobject.vector_field:get_rgb_gradient_function	0	min_value	positional_or_keyword	T	-
manimlib.mobject.vector_field:get_rgb_gradient_function	1	max_value	positional_or_keyword	T	-
manimlib.mobject.vector_field:get_rgb_gradient_function	2	color_map	positional_or_keyword	str	-
manimlib.mobject.vector_field:get_sample_coords	0	coordinate_system	positional_or_keyword	CoordinateSystem	-
manimlib.mobject.vector_field:get_sample_coords	1	density	positional_or_keyword	float	1.0
manimlib.mobject.vector_field:get_vectorized_rgb_gradient_function	0	min_value	positional_or_keyword	T	-
manimlib.mobject.vector_field:get_vectorized_rgb_gradient_function	1	max_value	positional_or_keyword	T	-
manimlib.mobject.vector_field:get_vectorized_rgb_gradient_function	2	color_map	positional_or_keyword	str	-
manimlib.mobject.vector_field:move_along_vector_field	0	mobject	positional_or_keyword	Mobject	-
manimlib.mobject.vector_field:move_along_vector_field	1	func	positional_or_keyword	Callable[[Vect3], Vect3]	-
manimlib.mobject.vector_field:move_points_along_vector_field	0	mobject	positional_or_keyword	Mobject	-
manimlib.mobject.vector_field:move_points_along_vector_field	1	func	positional_or_keyword	Callable[[float, float], Iterable[float]]	-
manimlib.mobject.vector_field:move_points_along_vector_field	2	coordinate_system	positional_or_keyword	CoordinateSystem	-
manimlib.mobject.vector_field:move_submobjects_along_vector_field	0	mobject	positional_or_keyword	Mobject	-
manimlib.mobject.vector_field:move_submobjects_along_vector_field	1	func	positional_or_keyword	Callable[[Vect3], Vect3]	-
manimlib.mobject.vector_field:ode_solution_points	0	function	positional_or_keyword	-	-
manimlib.mobject.vector_field:ode_solution_points	1	state0	positional_or_keyword	-	-
manimlib.mobject.vector_field:ode_solution_points	2	time	positional_or_keyword	-	-
manimlib.mobject.vector_field:ode_solution_points	3	dt	positional_or_keyword	-	0.01
manimlib.mobject.vector_field:vectorize	0	pointwise_function	positional_or_keyword	Callable[[Tuple], Tuple]	-
manimlib.module_loader:ModuleLoader.get_module	0	file_name	positional_or_keyword	str | None	-
manimlib.module_loader:ModuleLoader.get_module	1	is_during_reload	positional_or_keyword	-	False
manimlib.scene.interactive_scene:InteractiveScene.add	0	self	positional_or_keyword	-	-
manimlib.scene.interactive_scene:InteractiveScene.add	1	mobjects	var_positional	Mobject	-
manimlib.scene.interactive_scene:InteractiveScene.add_to_selection	0	self	positional_or_keyword	-	-
manimlib.scene.interactive_scene:InteractiveScene.add_to_selection	1	mobjects	var_positional	Mobject	-
manimlib.scene.interactive_scene:InteractiveScene.choose_color	0	self	positional_or_keyword	-	-
manimlib.scene.interactive_scene:InteractiveScene.choose_color	1	point	positional_or_keyword	Vect3	-
manimlib.scene.interactive_scene:InteractiveScene.clear_selection	0	self	positional_or_keyword	-	-
manimlib.scene.interactive_scene:InteractiveScene.copy_cursor_position	0	self	positional_or_keyword	-	-
manimlib.scene.interactive_scene:InteractiveScene.copy_frame_positioning	0	self	positional_or_keyword	-	-
manimlib.scene.interactive_scene:InteractiveScene.copy_selection	0	self	positional_or_keyword	-	-
manimlib.scene.interactive_scene:InteractiveScene.delete_selection	0	self	positional_or_keyword	-	-
manimlib.scene.interactive_scene:InteractiveScene.disable_interaction	0	self	positional_or_keyword	-	-
manimlib.scene.interactive_scene:InteractiveScene.disable_interaction	1	mobjects	var_positional	Mobject	-
manimlib.scene.interactive_scene:InteractiveScene.display_information	0	self	positional_or_keyword	-	-
manimlib.scene.interactive_scene:InteractiveScene.display_information	1	show	positional_or_keyword	-	True
manimlib.scene.interactive_scene:InteractiveScene.enable_interaction	0	self	positional_or_keyword	-	-
manimlib.scene.interactive_scene:InteractiveScene.enable_interaction	1	mobjects	var_positional	Mobject	-
manimlib.scene.interactive_scene:InteractiveScene.enable_selection	0	self	positional_or_keyword	-	-
manimlib.scene.interactive_scene:InteractiveScene.gather_new_selection	0	self	positional_or_keyword	-	-
manimlib.scene.interactive_scene:InteractiveScene.get_color_palette	0	self	positional_or_keyword	-	-
manimlib.scene.interactive_scene:InteractiveScene.get_corner_dots	0	self	positional_or_keyword	-	-
manimlib.scene.interactive_scene:InteractiveScene.get_corner_dots	1	mobject	positional_or_keyword	Mobject	-
manimlib.scene.interactive_scene:InteractiveScene.get_crosshair	0	self	positional_or_keyword	-	-
manimlib.scene.interactive_scene:InteractiveScene.get_highlight	0	self	positional_or_keyword	-	-
manimlib.scene.interactive_scene:InteractiveScene.get_highlight	1	mobject	positional_or_keyword	Mobject	-
manimlib.scene.interactive_scene:InteractiveScene.get_information_label	0	self	positional_or_keyword	-	-
manimlib.scene.interactive_scene:InteractiveScene.get_selection_highlight	0	self	positional_or_keyword	-	-
manimlib.scene.interactive_scene:InteractiveScene.get_selection_rectangle	0	self	positional_or_keyword	-	-
manimlib.scene.interactive_scene:InteractiveScene.get_selection_search_set	0	self	positional_or_keyword	-	-
manimlib.scene.interactive_scene:InteractiveScene.get_state	0	self	positional_or_keyword	-	-
manimlib.scene.interactive_scene:InteractiveScene.group_selection	0	self	positional_or_keyword	-	-
manimlib.scene.interactive_scene:InteractiveScene.handle_grabbing	0	self	positional_or_keyword	-	-
manimlib.scene.interactive_scene:InteractiveScene.handle_grabbing	1	point	positional_or_keyword	Vect3	-
manimlib.scene.interactive_scene:InteractiveScene.handle_resizing	0	self	positional_or_keyword	-	-
manimlib.scene.interactive_scene:InteractiveScene.handle_resizing	1	point	positional_or_keyword	Vect3	-
manimlib.scene.interactive_scene:InteractiveScene.handle_sweeping_selection	0	self	positional_or_keyword	-	-
manimlib.scene.interactive_scene:InteractiveScene.handle_sweeping_selection	1	point	positional_or_keyword	Vect3	-
manimlib.scene.interactive_scene:InteractiveScene.nudge_selection	0	self	positional_or_keyword	-	-
manimlib.scene.interactive_scene:InteractiveScene.nudge_selection	1	vect	positional_or_keyword	np.ndarray	-
manimlib.scene.interactive_scene:InteractiveScene.nudge_selection	2	large	positional_or_keyword	bool	False
manimlib.scene.interactive_scene:InteractiveScene.on_key_press	0	self	positional_or_keyword	-	-
manimlib.scene.interactive_scene:InteractiveScene.on_key_press	1	symbol	positional_or_keyword	int	-
manimlib.scene.interactive_scene:InteractiveScene.on_key_press	2	modifiers	positional_or_keyword	int	-
manimlib.scene.interactive_scene:InteractiveScene.on_key_release	0	self	positional_or_keyword	-	-
manimlib.scene.interactive_scene:InteractiveScene.on_key_release	1	symbol	positional_or_keyword	int	-
manimlib.scene.interactive_scene:InteractiveScene.on_key_release	2	modifiers	positional_or_keyword	int	-
manimlib.scene.interactive_scene:InteractiveScene.on_mouse_drag	0	self	positional_or_keyword	-	-
manimlib.scene.interactive_scene:InteractiveScene.on_mouse_drag	1	point	positional_or_keyword	Vect3	-
manimlib.scene.interactive_scene:InteractiveScene.on_mouse_drag	2	d_point	positional_or_keyword	Vect3	-
manimlib.scene.interactive_scene:InteractiveScene.on_mouse_drag	3	buttons	positional_or_keyword	int	-
manimlib.scene.interactive_scene:InteractiveScene.on_mouse_drag	4	modifiers	positional_or_keyword	int	-
manimlib.scene.interactive_scene:InteractiveScene.on_mouse_motion	0	self	positional_or_keyword	-	-
manimlib.scene.interactive_scene:InteractiveScene.on_mouse_motion	1	point	positional_or_keyword	Vect3	-
manimlib.scene.interactive_scene:InteractiveScene.on_mouse_motion	2	d_point	positional_or_keyword	Vect3	-
manimlib.scene.interactive_scene:InteractiveScene.on_mouse_release	0	self	positional_or_keyword	-	-
manimlib.scene.interactive_scene:InteractiveScene.on_mouse_release	1	point	positional_or_keyword	Vect3	-
manimlib.scene.interactive_scene:InteractiveScene.on_mouse_release	2	button	positional_or_keyword	int	-
manimlib.scene.interactive_scene:InteractiveScene.on_mouse_release	3	mods	positional_or_keyword	int	-
manimlib.scene.interactive_scene:InteractiveScene.paste_selection	0	self	positional_or_keyword	-	-
manimlib.scene.interactive_scene:InteractiveScene.prepare_grab	0	self	positional_or_keyword	-	-
manimlib.scene.interactive_scene:InteractiveScene.prepare_resizing	0	self	positional_or_keyword	-	-
manimlib.scene.interactive_scene:InteractiveScene.prepare_resizing	1	about_corner	positional_or_keyword	-	False
manimlib.scene.interactive_scene:InteractiveScene.refresh_selection_scope	0	self	positional_or_keyword	-	-
manimlib.scene.interactive_scene:InteractiveScene.regenerate_selection_search_set	0	self	positional_or_keyword	-	-
manimlib.scene.interactive_scene:InteractiveScene.remove	0	self	positional_or_keyword	-	-
manimlib.scene.interactive_scene:InteractiveScene.remove	1	mobjects	var_positional	Mobject	-
manimlib.scene.interactive_scene:InteractiveScene.remove_all_except	0	self	positional_or_keyword	-	-
manimlib.scene.interactive_scene:InteractiveScene.remove_all_except	1	mobjects_to_keep	var_positional	Mobject	-
manimlib.scene.interactive_scene:InteractiveScene.restore_state	0	self	positional_or_keyword	-	-
manimlib.scene.interactive_scene:InteractiveScene.restore_state	1	scene_state	positional_or_keyword	SceneState	-
manimlib.scene.interactive_scene:InteractiveScene.setup	0	self	positional_or_keyword	-	-
manimlib.scene.interactive_scene:InteractiveScene.toggle_color_palette	0	self	positional_or_keyword	-	-
manimlib.scene.interactive_scene:InteractiveScene.toggle_from_selection	0	self	positional_or_keyword	-	-
manimlib.scene.interactive_scene:InteractiveScene.toggle_from_selection	1	mobjects	var_positional	Mobject	-
manimlib.scene.interactive_scene:InteractiveScene.toggle_selection_mode	0	self	positional_or_keyword	-	-
manimlib.scene.interactive_scene:InteractiveScene.ungroup_selection	0	self	positional_or_keyword	-	-
manimlib.scene.interactive_scene:InteractiveScene.update_selection_highlight	0	self	positional_or_keyword	-	-
manimlib.scene.interactive_scene:InteractiveScene.update_selection_highlight	1	highlight	positional_or_keyword	Mobject	-
manimlib.scene.interactive_scene:InteractiveScene.update_selection_rectangle	0	self	positional_or_keyword	-	-
manimlib.scene.interactive_scene:InteractiveScene.update_selection_rectangle	1	rect	positional_or_keyword	Rectangle	-
manimlib.scene.scene:Scene.__init__	0	self	positional_or_keyword	-	-
manimlib.scene.scene:Scene.__init__	1	window	positional_or_keyword	Optional[Window]	None
manimlib.scene.scene:Scene.__init__	2	camera_config	positional_or_keyword	dict	dict()
manimlib.scene.scene:Scene.__init__	3	file_writer_config	positional_or_keyword	dict	dict()
manimlib.scene.scene:Scene.__init__	4	skip_animations	positional_or_keyword	bool	False
manimlib.scene.scene:Scene.__init__	5	always_update_mobjects	positional_or_keyword	bool	False
manimlib.scene.scene:Scene.__init__	6	start_at_animation_number	positional_or_keyword	int | None	None
manimlib.scene.scene:Scene.__init__	7	end_at_animation_number	positional_or_keyword	int | None	None
manimlib.scene.scene:Scene.__init__	8	show_animation_progress	positional_or_keyword	bool	False
manimlib.scene.scene:Scene.__init__	9	leave_progress_bars	positional_or_keyword	bool	False
manimlib.scene.scene:Scene.__init__	10	preview_while_skipping	positional_or_keyword	bool	True
manimlib.scene.scene:Scene.__init__	11	presenter_mode	positional_or_keyword	bool	False
manimlib.scene.scene:Scene.__init__	12	default_wait_time	positional_or_keyword	float	1.0
manimlib.scene.scene:Scene.add	0	self	positional_or_keyword	-	-
manimlib.scene.scene:Scene.add	1	new_mobjects	var_positional	Mobject	-
manimlib.scene.scene:Scene.add_mobjects_among	0	self	positional_or_keyword	-	-
manimlib.scene.scene:Scene.add_mobjects_among	1	values	positional_or_keyword	Iterable	-
manimlib.scene.scene:Scene.add_sound	0	self	positional_or_keyword	-	-
manimlib.scene.scene:Scene.add_sound	1	sound_file	positional_or_keyword	str	-
manimlib.scene.scene:Scene.add_sound	2	time_offset	positional_or_keyword	float	0
manimlib.scene.scene:Scene.add_sound	3	gain	positional_or_keyword	float | None	None
manimlib.scene.scene:Scene.add_sound	4	gain_to_background	positional_or_keyword	float | None	None
manimlib.scene.scene:Scene.affects_mobject_list	0	func	positional_or_keyword	Callable[..., T]	-
manimlib.scene.scene:Scene.assemble_render_groups	0	self	positional_or_keyword	-	-
manimlib.scene.scene:Scene.begin_animations	0	self	positional_or_keyword	-	-
manimlib.scene.scene:Scene.begin_animations	1	animations	positional_or_keyword	Iterable[Animation]	-
manimlib.scene.scene:Scene.bring_to_back	0	self	positional_or_keyword	-	-
manimlib.scene.scene:Scene.bring_to_back	1	mobjects	var_positional	Mobject	-
manimlib.scene.scene:Scene.bring_to_front	0	self	positional_or_keyword	-	-
manimlib.scene.scene:Scene.bring_to_front	1	mobjects	var_positional	Mobject	-
manimlib.scene.scene:Scene.clear	0	self	positional_or_keyword	-	-
manimlib.scene.scene:Scene.construct	0	self	positional_or_keyword	-	-
manimlib.scene.scene:Scene.embed	0	self	positional_or_keyword	-	-
manimlib.scene.scene:Scene.embed	1	close_scene_on_exit	positional_or_keyword	bool	True
manimlib.scene.scene:Scene.embed	2	show_animation_progress	positional_or_keyword	bool	False
manimlib.scene.scene:Scene.emit_frame	0	self	positional_or_keyword	-	-
manimlib.scene.scene:Scene.finish_animations	0	self	positional_or_keyword	-	-
manimlib.scene.scene:Scene.finish_animations	1	animations	positional_or_keyword	Iterable[Animation]	-
manimlib.scene.scene:Scene.focus	0	self	positional_or_keyword	-	-
manimlib.scene.scene:Scene.force_skipping	0	self	positional_or_keyword	-	-
manimlib.scene.scene:Scene.get_animation_time_progression	0	self	positional_or_keyword	-	-
manimlib.scene.scene:Scene.get_animation_time_progression	1	animations	positional_or_keyword	Iterable[Animation]	-
manimlib.scene.scene:Scene.get_group	0	self	positional_or_keyword	-	-
manimlib.scene.scene:Scene.get_group	1	mobjects	var_positional	-	-
manimlib.scene.scene:Scene.get_image	0	self	positional_or_keyword	-	-
manimlib.scene.scene:Scene.get_mobject_copies	0	self	positional_or_keyword	-	-
manimlib.scene.scene:Scene.get_mobject_family_members	0	self	positional_or_keyword	-	-
manimlib.scene.scene:Scene.get_mobjects	0	self	positional_or_keyword	-	-
manimlib.scene.scene:Scene.get_run_time	0	self	positional_or_keyword	-	-
manimlib.scene.scene:Scene.get_run_time	1	animations	positional_or_keyword	Iterable[Animation]	-
manimlib.scene.scene:Scene.get_state	0	self	positional_or_keyword	-	-
manimlib.scene.scene:Scene.get_time	0	self	positional_or_keyword	-	-
manimlib.scene.scene:Scene.get_time_progression	0	self	positional_or_keyword	-	-
manimlib.scene.scene:Scene.get_time_progression	1	run_time	positional_or_keyword	float	-
manimlib.scene.scene:Scene.get_time_progression	2	n_iterations	positional_or_keyword	int | None	None
manimlib.scene.scene:Scene.get_time_progression	3	desc	positional_or_keyword	str	''
manimlib.scene.scene:Scene.get_time_progression	4	override_skip_animations	positional_or_keyword	bool	False
manimlib.scene.scene:Scene.get_top_level_mobjects	0	self	positional_or_keyword	-	-
manimlib.scene.scene:Scene.get_wait_time_progression	0	self	positional_or_keyword	-	-
manimlib.scene.scene:Scene.get_wait_time_progression	1	duration	positional_or_keyword	float	-
manimlib.scene.scene:Scene.get_wait_time_progression	2	stop_condition	positional_or_keyword	Callable[[], bool] | None	None
manimlib.scene.scene:Scene.get_window	0	self	positional_or_keyword	-	-
manimlib.scene.scene:Scene.hold_loop	0	self	positional_or_keyword	-	-
manimlib.scene.scene:Scene.i2g	0	self	positional_or_keyword	-	-
manimlib.scene.scene:Scene.i2g	1	id_values	var_positional	-	-
manimlib.scene.scene:Scene.i2m	0	self	positional_or_keyword	-	-
manimlib.scene.scene:Scene.i2m	1	id_value	positional_or_keyword	-	-
manimlib.scene.scene:Scene.id_to_mobject	0	self	positional_or_keyword	-	-
manimlib.scene.scene:Scene.id_to_mobject	1	id_value	positional_or_keyword	-	-
manimlib.scene.scene:Scene.ids_to_group	0	self	positional_or_keyword	-	-
manimlib.scene.scene:Scene.ids_to_group	1	id_values	var_positional	-	-
manimlib.scene.scene:Scene.increment_time	0	self	positional_or_keyword	-	-
manimlib.scene.scene:Scene.increment_time	1	dt	positional_or_keyword	float	-
manimlib.scene.scene:Scene.interact	0	self	positional_or_keyword	-	-
manimlib.scene.scene:Scene.is_window_closing	0	self	positional_or_keyword	-	-
manimlib.scene.scene:Scene.on_close	0	self	positional_or_keyword	-	-
manimlib.scene.scene:Scene.on_hide	0	self	positional_or_keyword	-	-
manimlib.scene.scene:Scene.on_key_press	0	self	positional_or_keyword	-	-
manimlib.scene.scene:Scene.on_key_press	1	symbol	positional_or_keyword	int	-
manimlib.scene.scene:Scene.on_key_press	2	modifiers	positional_or_keyword	int	-
manimlib.scene.scene:Scene.on_key_release	0	self	positional_or_keyword	-	-
manimlib.scene.scene:Scene.on_key_release	1	symbol	positional_or_keyword	int	-
manimlib.scene.scene:Scene.on_key_release	2	modifiers	positional_or_keyword	int	-
manimlib.scene.scene:Scene.on_mouse_drag	0	self	positional_or_keyword	-	-
manimlib.scene.scene:Scene.on_mouse_drag	1	point	positional_or_keyword	Vect3	-
manimlib.scene.scene:Scene.on_mouse_drag	2	d_point	positional_or_keyword	Vect3	-
manimlib.scene.scene:Scene.on_mouse_drag	3	buttons	positional_or_keyword	int	-
manimlib.scene.scene:Scene.on_mouse_drag	4	modifiers	positional_or_keyword	int	-
manimlib.scene.scene:Scene.on_mouse_motion	0	self	positional_or_keyword	-	-
manimlib.scene.scene:Scene.on_mouse_motion	1	point	positional_or_keyword	Vect3	-
manimlib.scene.scene:Scene.on_mouse_motion	2	d_point	positional_or_keyword	Vect3	-
manimlib.scene.scene:Scene.on_mouse_press	0	self	positional_or_keyword	-	-
manimlib.scene.scene:Scene.on_mouse_press	1	point	positional_or_keyword	Vect3	-
manimlib.scene.scene:Scene.on_mouse_press	2	button	positional_or_keyword	int	-
manimlib.scene.scene:Scene.on_mouse_press	3	mods	positional_or_keyword	int	-
manimlib.scene.scene:Scene.on_mouse_release	0	self	positional_or_keyword	-	-
manimlib.scene.scene:Scene.on_mouse_release	1	point	positional_or_keyword	Vect3	-
manimlib.scene.scene:Scene.on_mouse_release	2	button	positional_or_keyword	int	-
manimlib.scene.scene:Scene.on_mouse_release	3	mods	positional_or_keyword	int	-
manimlib.scene.scene:Scene.on_mouse_scroll	0	self	positional_or_keyword	-	-
manimlib.scene.scene:Scene.on_mouse_scroll	1	point	positional_or_keyword	Vect3	-
manimlib.scene.scene:Scene.on_mouse_scroll	2	offset	positional_or_keyword	Vect3	-
manimlib.scene.scene:Scene.on_mouse_scroll	3	x_pixel_offset	positional_or_keyword	float	-
manimlib.scene.scene:Scene.on_mouse_scroll	4	y_pixel_offset	positional_or_keyword	float	-
manimlib.scene.scene:Scene.on_resize	0	self	positional_or_keyword	-	-
manimlib.scene.scene:Scene.on_resize	1	width	positional_or_keyword	int	-
manimlib.scene.scene:Scene.on_resize	2	height	positional_or_keyword	int	-
manimlib.scene.scene:Scene.on_show	0	self	positional_or_keyword	-	-
manimlib.scene.scene:Scene.play	0	self	positional_or_keyword	-	-
manimlib.scene.scene:Scene.play	1	proto_animations	var_positional	Animation | _AnimationBuilder	-
manimlib.scene.scene:Scene.play	2	run_time	keyword_only	float | None	None
manimlib.scene.scene:Scene.play	3	rate_func	keyword_only	Callable[[float], float] | None	None
manimlib.scene.scene:Scene.play	4	lag_ratio	keyword_only	float | None	None
manimlib.scene.scene:Scene.point_to_mobject	0	self	positional_or_keyword	-	-
manimlib.scene.scene:Scene.point_to_mobject	1	point	positional_or_keyword	np.ndarray	-
manimlib.scene.scene:Scene.point_to_mobject	2	search_set	positional_or_keyword	Iterable[Mobject] | None	None
manimlib.scene.scene:Scene.point_to_mobject	3	buff	positional_or_keyword	float	0
manimlib.scene.scene:Scene.post_play	0	self	positional_or_keyword	-	-
manimlib.scene.scene:Scene.pre_play	0	self	positional_or_keyword	-	-
manimlib.scene.scene:Scene.progress_through_animations	0	self	positional_or_keyword	-	-
manimlib.scene.scene:Scene.progress_through_animations	1	animations	positional_or_keyword	Iterable[Animation]	-
manimlib.scene.scene:Scene.redo	0	self	positional_or_keyword	-	-
manimlib.scene.scene:Scene.remove	0	self	positional_or_keyword	-	-
manimlib.scene.scene:Scene.remove	1	mobjects_to_remove	var_positional	Mobject	-
manimlib.scene.scene:Scene.remove_all_except	0	self	positional_or_keyword	-	-
manimlib.scene.scene:Scene.remove_all_except	1	mobjects_to_keep	var_positional	Mobject	-
manimlib.scene.scene:Scene.replace	0	self	positional_or_keyword	-	-
manimlib.scene.scene:Scene.replace	1	mobject	positional_or_keyword	Mobject	-
manimlib.scene.scene:Scene.replace	2	replacements	var_positional	Mobject	-
manimlib.scene.scene:Scene.restore_state	0	self	positional_or_keyword	-	-
manimlib.scene.scene:Scene.restore_state	1	scene_state	positional_or_keyword	SceneState	-
manimlib.scene.scene:Scene.revert_to_original_skipping_status	0	self	positional_or_keyword	-	-
manimlib.scene.scene:Scene.run	0	self	positional_or_keyword	-	-
manimlib.scene.scene:Scene.save_state	0	self	positional_or_keyword	-	-
manimlib.scene.scene:Scene.set_background_color	0	self	positional_or_keyword	-	-
manimlib.scene.scene:Scene.set_background_color	1	background_color	positional_or_keyword	-	-
manimlib.scene.scene:Scene.set_background_color	2	background_opacity	positional_or_keyword	-	1
manimlib.scene.scene:Scene.set_floor_plane	0	self	positional_or_keyword	-	-
manimlib.scene.scene:Scene.set_floor_plane	1	plane	positional_or_keyword	str	'xy'
manimlib.scene.scene:Scene.setup	0	self	positional_or_keyword	-	-
manimlib.scene.scene:Scene.should_update_mobjects	0	self	positional_or_keyword	-	-
manimlib.scene.scene:Scene.show	0	self	positional_or_keyword	-	-
manimlib.scene.scene:Scene.stop_skipping	0	self	positional_or_keyword	-	-
manimlib.scene.scene:Scene.tear_down	0	self	positional_or_keyword	-	-
manimlib.scene.scene:Scene.temp_config_change	0	self	positional_or_keyword	-	-
manimlib.scene.scene:Scene.temp_config_change	1	skip	positional_or_keyword	-	False
manimlib.scene.scene:Scene.temp_config_change	2	record	positional_or_keyword	-	False
manimlib.scene.scene:Scene.temp_config_change	3	progress_bar	positional_or_keyword	-	False
manimlib.scene.scene:Scene.temp_progress_bar	0	self	positional_or_keyword	-	-
manimlib.scene.scene:Scene.temp_record	0	self	positional_or_keyword	-	-
manimlib.scene.scene:Scene.temp_skip	0	self	positional_or_keyword	-	-
manimlib.scene.scene:Scene.undo	0	self	positional_or_keyword	-	-
manimlib.scene.scene:Scene.update_frame	0	self	positional_or_keyword	-	-
manimlib.scene.scene:Scene.update_frame	1	dt	positional_or_keyword	float	0
manimlib.scene.scene:Scene.update_frame	2	force_draw	positional_or_keyword	bool	False
manimlib.scene.scene:Scene.update_mobjects	0	self	positional_or_keyword	-	-
manimlib.scene.scene:Scene.update_mobjects	1	dt	positional_or_keyword	float	-
manimlib.scene.scene:Scene.update_skipping_status	0	self	positional_or_keyword	-	-
manimlib.scene.scene:Scene.wait	0	self	positional_or_keyword	-	-
manimlib.scene.scene:Scene.wait	1	duration	positional_or_keyword	Optional[float]	None
manimlib.scene.scene:Scene.wait	2	stop_condition	positional_or_keyword	Callable[[], bool]	None
manimlib.scene.scene:Scene.wait	3	note	positional_or_keyword	str	None
manimlib.scene.scene:Scene.wait	4	ignore_presenter_mode	positional_or_keyword	bool	False
manimlib.scene.scene:Scene.wait_until	0	self	positional_or_keyword	-	-
manimlib.scene.scene:Scene.wait_until	1	stop_condition	positional_or_keyword	Callable[[], bool]	-
manimlib.scene.scene:Scene.wait_until	2	max_time	positional_or_keyword	float	60
manimlib.scene.scene:SceneState.__init__	0	self	positional_or_keyword	-	-
manimlib.scene.scene:SceneState.__init__	1	scene	positional_or_keyword	Scene	-
manimlib.scene.scene:SceneState.__init__	2	ignore	positional_or_keyword	list[Mobject] | None	None
manimlib.scene.scene:SceneState.mobjects_match	0	self	positional_or_keyword	-	-
manimlib.scene.scene:SceneState.mobjects_match	1	state	positional_or_keyword	SceneState	-
manimlib.scene.scene:SceneState.n_changes	0	self	positional_or_keyword	-	-
manimlib.scene.scene:SceneState.n_changes	1	state	positional_or_keyword	SceneState	-
manimlib.scene.scene:SceneState.restore_scene	0	self	positional_or_keyword	-	-
manimlib.scene.scene:SceneState.restore_scene	1	scene	positional_or_keyword	Scene	-
manimlib.scene.scene:ThreeDScene.add	0	self	positional_or_keyword	-	-
manimlib.scene.scene:ThreeDScene.add	1	mobjects	var_positional	Mobject	-
manimlib.scene.scene:ThreeDScene.add	2	set_depth_test	keyword_only	bool	True
manimlib.scene.scene:ThreeDScene.add	3	perp_stroke	keyword_only	bool	True
manimlib.scene.scene_embed:CheckpointManager.__init__	0	self	positional_or_keyword	-	-
manimlib.scene.scene_embed:CheckpointManager.checkpoint_paste	0	self	positional_or_keyword	-	-
manimlib.scene.scene_embed:CheckpointManager.checkpoint_paste	1	shell	positional_or_keyword	-	-
manimlib.scene.scene_embed:CheckpointManager.checkpoint_paste	2	scene	positional_or_keyword	-	-
manimlib.scene.scene_embed:CheckpointManager.clear_checkpoints	0	self	positional_or_keyword	-	-
manimlib.scene.scene_embed:CheckpointManager.get_leading_comment	0	code_string	positional_or_keyword	str	-
manimlib.scene.scene_embed:CheckpointManager.handle_checkpoint_key	0	self	positional_or_keyword	-	-
manimlib.scene.scene_embed:CheckpointManager.handle_checkpoint_key	1	scene	positional_or_keyword	-	-
manimlib.scene.scene_embed:CheckpointManager.handle_checkpoint_key	2	key	positional_or_keyword	str	-
manimlib.scene.scene_embed:InteractiveSceneEmbed.__init__	0	self	positional_or_keyword	-	-
manimlib.scene.scene_embed:InteractiveSceneEmbed.__init__	1	scene	positional_or_keyword	Scene	-
manimlib.scene.scene_embed:InteractiveSceneEmbed.auto_reload	0	self	positional_or_keyword	-	-
manimlib.scene.scene_embed:InteractiveSceneEmbed.checkpoint_paste	0	self	positional_or_keyword	-	-
manimlib.scene.scene_embed:InteractiveSceneEmbed.checkpoint_paste	1	skip	positional_or_keyword	bool	False
manimlib.scene.scene_embed:InteractiveSceneEmbed.checkpoint_paste	2	record	positional_or_keyword	bool	False
manimlib.scene.scene_embed:InteractiveSceneEmbed.checkpoint_paste	3	progress_bar	positional_or_keyword	bool	True
manimlib.scene.scene_embed:InteractiveSceneEmbed.enable_gui	0	self	positional_or_keyword	-	-
manimlib.scene.scene_embed:InteractiveSceneEmbed.ensure_flash_on_error	0	self	positional_or_keyword	-	-
manimlib.scene.scene_embed:InteractiveSceneEmbed.ensure_frame_update_post_cell	0	self	positional_or_keyword	-	-
manimlib.scene.scene_embed:InteractiveSceneEmbed.get_ipython_shell_for_embedded_scene	0	self	positional_or_keyword	-	-
manimlib.scene.scene_embed:InteractiveSceneEmbed.get_shortcuts	0	self	positional_or_keyword	-	-
manimlib.scene.scene_embed:InteractiveSceneEmbed.launch	0	self	positional_or_keyword	-	-
manimlib.scene.scene_embed:InteractiveSceneEmbed.reload_scene	0	self	positional_or_keyword	-	-
manimlib.scene.scene_embed:InteractiveSceneEmbed.reload_scene	1	embed_line	positional_or_keyword	int | None	None
manimlib.scene.scene_embed:InteractiveSceneEmbed.validate_syntax	0	self	positional_or_keyword	-	-
manimlib.scene.scene_embed:InteractiveSceneEmbed.validate_syntax	1	file_path	positional_or_keyword	str	-
manimlib.scene.scene_file_writer:SceneFileWriter.__init__	0	self	positional_or_keyword	-	-
manimlib.scene.scene_file_writer:SceneFileWriter.__init__	1	scene	positional_or_keyword	Scene	-
manimlib.scene.scene_file_writer:SceneFileWriter.__init__	2	write_to_movie	positional_or_keyword	bool	False
manimlib.scene.scene_file_writer:SceneFileWriter.__init__	3	subdivide_output	positional_or_keyword	bool	False
manimlib.scene.scene_file_writer:SceneFileWriter.__init__	4	png_mode	positional_or_keyword	str	'RGBA'
manimlib.scene.scene_file_writer:SceneFileWriter.__init__	5	save_last_frame	positional_or_keyword	bool	False
manimlib.scene.scene_file_writer:SceneFileWriter.__init__	6	movie_file_extension	positional_or_keyword	str	'.mp4'
manimlib.scene.scene_file_writer:SceneFileWriter.__init__	7	output_directory	positional_or_keyword	str	'.'
manimlib.scene.scene_file_writer:SceneFileWriter.__init__	8	file_name	positional_or_keyword	str | None	None
manimlib.scene.scene_file_writer:SceneFileWriter.__init__	9	open_file_upon_completion	positional_or_keyword	bool	False
manimlib.scene.scene_file_writer:SceneFileWriter.__init__	10	show_file_location_upon_completion	positional_or_keyword	bool	False
manimlib.scene.scene_file_writer:SceneFileWriter.__init__	11	quiet	positional_or_keyword	bool	False
manimlib.scene.scene_file_writer:SceneFileWriter.__init__	12	total_frames	positional_or_keyword	int	0
manimlib.scene.scene_file_writer:SceneFileWriter.__init__	13	progress_description_len	positional_or_keyword	int	40
manimlib.scene.scene_file_writer:SceneFileWriter.__init__	14	ffmpeg_bin	positional_or_keyword	str	'ffmpeg'
manimlib.scene.scene_file_writer:SceneFileWriter.__init__	15	video_codec	positional_or_keyword	str	'libx264'
manimlib.scene.scene_file_writer:SceneFileWriter.__init__	16	pixel_format	positional_or_keyword	str	'yuv420p'
manimlib.scene.scene_file_writer:SceneFileWriter.__init__	17	saturation	positional_or_keyword	float	1.0
manimlib.scene.scene_file_writer:SceneFileWriter.__init__	18	gamma	positional_or_keyword	float	1.0
manimlib.scene.scene_file_writer:SceneFileWriter.add_audio_segment	0	self	positional_or_keyword	-	-
manimlib.scene.scene_file_writer:SceneFileWriter.add_audio_segment	1	new_segment	positional_or_keyword	AudioSegment	-
manimlib.scene.scene_file_writer:SceneFileWriter.add_audio_segment	2	time	positional_or_keyword	float | None	None
manimlib.scene.scene_file_writer:SceneFileWriter.add_audio_segment	3	gain_to_background	positional_or_keyword	float | None	None
manimlib.scene.scene_file_writer:SceneFileWriter.add_sound	0	self	positional_or_keyword	-	-
manimlib.scene.scene_file_writer:SceneFileWriter.add_sound	1	sound_file	positional_or_keyword	str	-
manimlib.scene.scene_file_writer:SceneFileWriter.add_sound	2	time	positional_or_keyword	float | None	None
manimlib.scene.scene_file_writer:SceneFileWriter.add_sound	3	gain	positional_or_keyword	float | None	None
manimlib.scene.scene_file_writer:SceneFileWriter.add_sound	4	gain_to_background	positional_or_keyword	float | None	None
manimlib.scene.scene_file_writer:SceneFileWriter.add_sound_to_video	0	self	positional_or_keyword	-	-
manimlib.scene.scene_file_writer:SceneFileWriter.begin	0	self	positional_or_keyword	-	-
manimlib.scene.scene_file_writer:SceneFileWriter.begin_animation	0	self	positional_or_keyword	-	-
manimlib.scene.scene_file_writer:SceneFileWriter.begin_insert	0	self	positional_or_keyword	-	-
manimlib.scene.scene_file_writer:SceneFileWriter.close_movie_pipe	0	self	positional_or_keyword	-	-
manimlib.scene.scene_file_writer:SceneFileWriter.create_audio_segment	0	self	positional_or_keyword	-	-
manimlib.scene.scene_file_writer:SceneFileWriter.end_animation	0	self	positional_or_keyword	-	-
manimlib.scene.scene_file_writer:SceneFileWriter.end_insert	0	self	positional_or_keyword	-	-
manimlib.scene.scene_file_writer:SceneFileWriter.finish	0	self	positional_or_keyword	-	-
manimlib.scene.scene_file_writer:SceneFileWriter.get_image_file_path	0	self	positional_or_keyword	-	-
manimlib.scene.scene_file_writer:SceneFileWriter.get_insert_file_path	0	self	positional_or_keyword	-	-
manimlib.scene.scene_file_writer:SceneFileWriter.get_insert_file_path	1	index	positional_or_keyword	int	-
manimlib.scene.scene_file_writer:SceneFileWriter.get_movie_file_path	0	self	positional_or_keyword	-	-
manimlib.scene.scene_file_writer:SceneFileWriter.get_next_partial_movie_path	0	self	positional_or_keyword	-	-
manimlib.scene.scene_file_writer:SceneFileWriter.get_output_file_name	0	self	positional_or_keyword	-	-
manimlib.scene.scene_file_writer:SceneFileWriter.get_output_file_rootname	0	self	positional_or_keyword	-	-
manimlib.scene.scene_file_writer:SceneFileWriter.has_progress_display	0	self	positional_or_keyword	-	-
manimlib.scene.scene_file_writer:SceneFileWriter.init_audio	0	self	positional_or_keyword	-	-
manimlib.scene.scene_file_writer:SceneFileWriter.init_image_file_path	0	self	positional_or_keyword	-	-
manimlib.scene.scene_file_writer:SceneFileWriter.init_movie_file_path	0	self	positional_or_keyword	-	-
manimlib.scene.scene_file_writer:SceneFileWriter.init_output_directories	0	self	positional_or_keyword	-	-
manimlib.scene.scene_file_writer:SceneFileWriter.init_partial_movie_directory	0	self	positional_or_keyword	-	-
manimlib.scene.scene_file_writer:SceneFileWriter.open_file	0	self	positional_or_keyword	-	-
manimlib.scene.scene_file_writer:SceneFileWriter.open_movie_pipe	0	self	positional_or_keyword	-	-
manimlib.scene.scene_file_writer:SceneFileWriter.open_movie_pipe	1	file_path	positional_or_keyword	str	-
manimlib.scene.scene_file_writer:SceneFileWriter.print_file_ready_message	0	self	positional_or_keyword	-	-
manimlib.scene.scene_file_writer:SceneFileWriter.print_file_ready_message	1	file_path	positional_or_keyword	str	-
manimlib.scene.scene_file_writer:SceneFileWriter.save_final_image	0	self	positional_or_keyword	-	-
manimlib.scene.scene_file_writer:SceneFileWriter.save_final_image	1	image	positional_or_keyword	Image	-
manimlib.scene.scene_file_writer:SceneFileWriter.set_progress_display_description	0	self	positional_or_keyword	-	-
manimlib.scene.scene_file_writer:SceneFileWriter.set_progress_display_description	1	file	positional_or_keyword	str	''
manimlib.scene.scene_file_writer:SceneFileWriter.set_progress_display_description	2	sub_desc	positional_or_keyword	str	''
manimlib.scene.scene_file_writer:SceneFileWriter.should_open_file	0	self	positional_or_keyword	-	-
manimlib.scene.scene_file_writer:SceneFileWriter.use_fast_encoding	0	self	positional_or_keyword	-	-
manimlib.scene.scene_file_writer:SceneFileWriter.write_frame	0	self	positional_or_keyword	-	-
manimlib.scene.scene_file_writer:SceneFileWriter.write_frame	1	camera	positional_or_keyword	Camera	-
manimlib.shader_wrapper:ShaderWrapper.__init__	0	self	positional_or_keyword	-	-
manimlib.shader_wrapper:ShaderWrapper.__init__	1	ctx	positional_or_keyword	moderngl.context.Context	-
manimlib.shader_wrapper:ShaderWrapper.__init__	2	vert_data	positional_or_keyword	np.ndarray	-
manimlib.shader_wrapper:ShaderWrapper.__init__	3	shader_folder	positional_or_keyword	Optional[str]	None
manimlib.shader_wrapper:ShaderWrapper.__init__	4	mobject_uniforms	positional_or_keyword	Optional[UniformDict]	None
manimlib.shader_wrapper:ShaderWrapper.__init__	5	texture_paths	positional_or_keyword	Optional[dict[str, str]]	None
manimlib.shader_wrapper:ShaderWrapper.__init__	6	depth_test	positional_or_keyword	bool	False
manimlib.shader_wrapper:ShaderWrapper.__init__	7	render_primitive	positional_or_keyword	int	moderngl.TRIANGLE_STRIP
manimlib.shader_wrapper:ShaderWrapper.__init__	8	code_replacements	positional_or_keyword	dict[str, str]	dict()
manimlib.shader_wrapper:ShaderWrapper.add_texture	0	self	positional_or_keyword	-	-
manimlib.shader_wrapper:ShaderWrapper.add_texture	1	name	positional_or_keyword	str	-
manimlib.shader_wrapper:ShaderWrapper.add_texture	2	texture	positional_or_keyword	moderngl.Texture	-
manimlib.shader_wrapper:ShaderWrapper.bind_to_mobject_uniforms	0	self	positional_or_keyword	-	-
manimlib.shader_wrapper:ShaderWrapper.bind_to_mobject_uniforms	1	mobject_uniforms	positional_or_keyword	UniformDict	-
manimlib.shader_wrapper:ShaderWrapper.generate_vaos	0	self	positional_or_keyword	-	-
manimlib.shader_wrapper:ShaderWrapper.get_id	0	self	positional_or_keyword	-	-
manimlib.shader_wrapper:ShaderWrapper.init_program	0	self	positional_or_keyword	-	-
manimlib.shader_wrapper:ShaderWrapper.init_program_code	0	self	positional_or_keyword	-	-
manimlib.shader_wrapper:ShaderWrapper.init_textures	0	self	positional_or_keyword	-	-
manimlib.shader_wrapper:ShaderWrapper.init_vertex_objects	0	self	positional_or_keyword	-	-
manimlib.shader_wrapper:ShaderWrapper.num_clip_planes	0	self	positional_or_keyword	-	-
manimlib.shader_wrapper:ShaderWrapper.pre_render	0	self	positional_or_keyword	-	-
manimlib.shader_wrapper:ShaderWrapper.read_in	0	self	positional_or_keyword	-	-
manimlib.shader_wrapper:ShaderWrapper.read_in	1	data_list	positional_or_keyword	Iterable[np.ndarray]	-
manimlib.shader_wrapper:ShaderWrapper.refresh_id	0	self	positional_or_keyword	-	-
manimlib.shader_wrapper:ShaderWrapper.release	0	self	positional_or_keyword	-	-
manimlib.shader_wrapper:ShaderWrapper.release_textures	0	self	positional_or_keyword	-	-
manimlib.shader_wrapper:ShaderWrapper.render	0	self	positional_or_keyword	-	-
manimlib.shader_wrapper:ShaderWrapper.replace_code	0	self	positional_or_keyword	-	-
manimlib.shader_wrapper:ShaderWrapper.replace_code	1	old	positional_or_keyword	str	-
manimlib.shader_wrapper:ShaderWrapper.replace_code	2	new	positional_or_keyword	str	-
manimlib.shader_wrapper:ShaderWrapper.set_ctx_clip_plane	0	self	positional_or_keyword	-	-
manimlib.shader_wrapper:ShaderWrapper.set_ctx_clip_plane	1	num_planes	positional_or_keyword	int	0
manimlib.shader_wrapper:ShaderWrapper.set_ctx_depth_test	0	self	positional_or_keyword	-	-
manimlib.shader_wrapper:ShaderWrapper.set_ctx_depth_test	1	enable	positional_or_keyword	bool	True
manimlib.shader_wrapper:ShaderWrapper.update_program_uniforms	0	self	positional_or_keyword	-	-
manimlib.shader_wrapper:ShaderWrapper.update_program_uniforms	1	camera_uniforms	positional_or_keyword	UniformDict	-
manimlib.shader_wrapper:VShaderWrapper.__init__	0	self	positional_or_keyword	-	-
manimlib.shader_wrapper:VShaderWrapper.__init__	1	ctx	positional_or_keyword	moderngl.context.Context	-
manimlib.shader_wrapper:VShaderWrapper.__init__	2	vert_data	positional_or_keyword	np.ndarray	-
manimlib.shader_wrapper:VShaderWrapper.__init__	3	shader_folder	positional_or_keyword	Optional[str]	None
manimlib.shader_wrapper:VShaderWrapper.__init__	4	mobject_uniforms	positional_or_keyword	Optional[UniformDict]	None
manimlib.shader_wrapper:VShaderWrapper.__init__	5	texture_paths	positional_or_keyword	Optional[dict[str, str]]	None
manimlib.shader_wrapper:VShaderWrapper.__init__	6	depth_test	positional_or_keyword	bool	False
manimlib.shader_wrapper:VShaderWrapper.__init__	7	render_primitive	positional_or_keyword	int	moderngl.TRIANGLES
manimlib.shader_wrapper:VShaderWrapper.__init__	8	code_replacements	positional_or_keyword	dict[str, str]	dict()
manimlib.shader_wrapper:VShaderWrapper.__init__	9	program_type	positional_or_keyword	str | None	None
manimlib.shader_wrapper:VShaderWrapper.__init__	10	stroke_behind	positional_or_keyword	bool	False
manimlib.shader_wrapper:VShaderWrapper.generate_vaos	0	self	positional_or_keyword	-	-
manimlib.shader_wrapper:VShaderWrapper.get_fill_canvas	0	ctx	positional_or_keyword	moderngl.Context	-
manimlib.shader_wrapper:VShaderWrapper.init_program	0	self	positional_or_keyword	-	-
manimlib.shader_wrapper:VShaderWrapper.init_program_code	0	self	positional_or_keyword	-	-
manimlib.shader_wrapper:VShaderWrapper.init_vertex_objects	0	self	positional_or_keyword	-	-
manimlib.shader_wrapper:VShaderWrapper.refresh_id	0	self	positional_or_keyword	-	-
manimlib.shader_wrapper:VShaderWrapper.render	0	self	positional_or_keyword	-	-
manimlib.shader_wrapper:VShaderWrapper.render_fill	0	self	positional_or_keyword	-	-
manimlib.shader_wrapper:VShaderWrapper.render_stroke	0	self	positional_or_keyword	-	-
manimlib.shader_wrapper:VShaderWrapper.replace_code_program	0	self	positional_or_keyword	-	-
manimlib.shader_wrapper:VShaderWrapper.replace_code_program	1	old	positional_or_keyword	str	-
manimlib.shader_wrapper:VShaderWrapper.replace_code_program	2	new	positional_or_keyword	str	-
manimlib.shader_wrapper:VShaderWrapper.replace_code_program	3	program_type	positional_or_keyword	str | None	None
manimlib.shader_wrapper:VShaderWrapper.set_backstroke	0	self	positional_or_keyword	-	-
manimlib.shader_wrapper:VShaderWrapper.set_backstroke	1	value	positional_or_keyword	bool	True
manimlib.utils.bezier:approx_smooth_quadratic_bezier_handles	0	points	positional_or_keyword	FloatArray	-
manimlib.utils.bezier:bezier	0	points	positional_or_keyword	Sequence[float | FloatArray] | VectNArray	-
manimlib.utils.bezier:diag_to_matrix	0	l_and_u	positional_or_keyword	tuple[int, int]	-
manimlib.utils.bezier:diag_to_matrix	1	diag	positional_or_keyword	np.ndarray	-
manimlib.utils.bezier:get_quadratic_approximation_of_cubic	0	a0	positional_or_keyword	FloatArray	-
manimlib.utils.bezier:get_quadratic_approximation_of_cubic	1	h0	positional_or_keyword	FloatArray	-
manimlib.utils.bezier:get_quadratic_approximation_of_cubic	2	h1	positional_or_keyword	FloatArray	-
manimlib.utils.bezier:get_quadratic_approximation_of_cubic	3	a1	positional_or_keyword	FloatArray	-
manimlib.utils.bezier:get_smooth_cubic_bezier_handle_points	0	points	positional_or_keyword	Sequence[VectN] | VectNArray	-
manimlib.utils.bezier:get_smooth_quadratic_bezier_path_through	0	points	positional_or_keyword	Sequence[VectN]	-
manimlib.utils.bezier:integer_interpolate	0	start	positional_or_keyword	int	-
manimlib.utils.bezier:integer_interpolate	1	end	positional_or_keyword	int	-
manimlib.utils.bezier:integer_interpolate	2	alpha	positional_or_keyword	float	-
manimlib.utils.bezier:interpolate	0	start	positional_or_keyword	Scalable	-
manimlib.utils.bezier:interpolate	1	end	positional_or_keyword	Scalable	-
manimlib.utils.bezier:interpolate	2	alpha	positional_or_keyword	float | VectN	-
manimlib.utils.bezier:inverse_interpolate	0	start	positional_or_keyword	Scalable	-
manimlib.utils.bezier:inverse_interpolate	1	end	positional_or_keyword	Scalable	-
manimlib.utils.bezier:inverse_interpolate	2	value	positional_or_keyword	Scalable	-
manimlib.utils.bezier:is_closed	0	points	positional_or_keyword	FloatArray	-
manimlib.utils.bezier:match_interpolate	0	new_start	positional_or_keyword	Scalable	-
manimlib.utils.bezier:match_interpolate	1	new_end	positional_or_keyword	Scalable	-
manimlib.utils.bezier:match_interpolate	2	old_start	positional_or_keyword	Scalable	-
manimlib.utils.bezier:match_interpolate	3	old_end	positional_or_keyword	Scalable	-
manimlib.utils.bezier:match_interpolate	4	old_value	positional_or_keyword	Scalable	-
manimlib.utils.bezier:mid	0	start	positional_or_keyword	Scalable	-
manimlib.utils.bezier:mid	1	end	positional_or_keyword	Scalable	-
manimlib.utils.bezier:outer_interpolate	0	start	positional_or_keyword	Scalable	-
manimlib.utils.bezier:outer_interpolate	1	end	positional_or_keyword	Scalable	-
manimlib.utils.bezier:outer_interpolate	2	alpha	positional_or_keyword	Scalable	-
manimlib.utils.bezier:partial_bezier_points	0	points	positional_or_keyword	Sequence[Scalable]	-
manimlib.utils.bezier:partial_bezier_points	1	a	positional_or_keyword	float	-
manimlib.utils.bezier:partial_bezier_points	2	b	positional_or_keyword	float	-
manimlib.utils.bezier:partial_quadratic_bezier_points	0	points	positional_or_keyword	Sequence[VectN] | VectNArray	-
manimlib.utils.bezier:partial_quadratic_bezier_points	1	a	positional_or_keyword	float	-
manimlib.utils.bezier:partial_quadratic_bezier_points	2	b	positional_or_keyword	float	-
manimlib.utils.bezier:quadratic_bezier_points_for_arc	0	angle	positional_or_keyword	float	-
manimlib.utils.bezier:quadratic_bezier_points_for_arc	1	n_components	positional_or_keyword	int	8
manimlib.utils.bezier:set_array_by_interpolation	0	arr	positional_or_keyword	np.ndarray	-
manimlib.utils.bezier:set_array_by_interpolation	1	arr1	positional_or_keyword	np.ndarray	-
manimlib.utils.bezier:set_array_by_interpolation	2	arr2	positional_or_keyword	np.ndarray	-
manimlib.utils.bezier:set_array_by_interpolation	3	alpha	positional_or_keyword	float	-
manimlib.utils.bezier:set_array_by_interpolation	4	interp_func	positional_or_keyword	Callable[[np.ndarray, np.ndarray, float], np.ndarray]	interpolate
manimlib.utils.bezier:smooth_quadratic_path	0	anchors	positional_or_keyword	Vect3Array	-
manimlib.utils.cache:cache_on_disk	0	func	positional_or_keyword	Callable[..., T]	-
manimlib.utils.color:average_color	0	colors	var_positional	ManimColor	-
manimlib.utils.color:color_gradient	0	reference_colors	positional_or_keyword	Iterable[ManimColor]	-
manimlib.utils.color:color_gradient	1	length_of_output	positional_or_keyword	int	-
manimlib.utils.color:color_gradient	2	interp_by_hsl	positional_or_keyword	bool	False
manimlib.utils.color:color_to_hex	0	color	positional_or_keyword	ManimColor	-
manimlib.utils.color:color_to_int_rgb	0	color	positional_or_keyword	ManimColor	-
manimlib.utils.color:color_to_int_rgba	0	color	positional_or_keyword	ManimColor	-
manimlib.utils.color:color_to_int_rgba	1	opacity	positional_or_keyword	float	1.0
manimlib.utils.color:color_to_rgb	0	color	positional_or_keyword	ManimColor	-
manimlib.utils.color:color_to_rgba	0	color	positional_or_keyword	ManimColor	-
manimlib.utils.color:color_to_rgba	1	alpha	positional_or_keyword	float	1.0
manimlib.utils.color:get_color_map	0	map_name	positional_or_keyword	str	-
manimlib.utils.color:get_colormap_from_colors	0	colors	positional_or_keyword	Iterable[ManimColor]	-
manimlib.utils.color:get_colormap_list	0	map_name	positional_or_keyword	str	'viridis'
manimlib.utils.color:get_colormap_list	1	n_colors	positional_or_keyword	int	9
manimlib.utils.color:hex_to_int	0	rgb_hex	positional_or_keyword	str	-
manimlib.utils.color:hex_to_rgb	0	hex_code	positional_or_keyword	str	-
manimlib.utils.color:int_to_hex	0	rgb_int	positional_or_keyword	int	-
manimlib.utils.color:interpolate_color	0	color1	positional_or_keyword	ManimColor	-
manimlib.utils.color:interpolate_color	1	color2	positional_or_keyword	ManimColor	-
manimlib.utils.color:interpolate_color	2	alpha	positional_or_keyword	float	-
manimlib.utils.color:interpolate_color	3	interp_by_hsl	positional_or_keyword	bool	False
manimlib.utils.color:interpolate_color_by_hsl	0	color1	positional_or_keyword	ManimColor	-
manimlib.utils.color:interpolate_color_by_hsl	1	color2	positional_or_keyword	ManimColor	-
manimlib.utils.color:interpolate_color_by_hsl	2	alpha	positional_or_keyword	float	-
manimlib.utils.color:invert_color	0	color	positional_or_keyword	ManimColor	-
manimlib.utils.color:random_bright_color	0	hue_range	positional_or_keyword	tuple[float, float]	(0.0, 1.0)
manimlib.utils.color:random_bright_color	1	saturation_range	positional_or_keyword	tuple[float, float]	(0.5, 0.8)
manimlib.utils.color:random_bright_color	2	luminance_range	positional_or_keyword	tuple[float, float]	(0.5, 1.0)
manimlib.utils.color:rgb_to_color	0	rgb	positional_or_keyword	Vect3 | Sequence[float]	-
manimlib.utils.color:rgb_to_hex	0	rgb	positional_or_keyword	Vect3 | Sequence[float]	-
manimlib.utils.color:rgba_to_color	0	rgba	positional_or_keyword	Vect4	-
manimlib.utils.debug:index_labels	0	mobject	positional_or_keyword	Mobject	-
manimlib.utils.debug:index_labels	1	label_height	positional_or_keyword	float	0.15
manimlib.utils.debug:print_family	0	mobject	positional_or_keyword	Mobject	-
manimlib.utils.debug:print_family	1	n_tabs	positional_or_keyword	int	0
manimlib.utils.dict_ops:merge_dicts_recursively	0	dicts	var_positional	-	-
manimlib.utils.family_ops:extract_mobject_family_members	0	mobject_list	positional_or_keyword	Iterable[Mobject]	-
manimlib.utils.family_ops:extract_mobject_family_members	1	exclude_pointless	positional_or_keyword	bool	False
manimlib.utils.family_ops:recursive_mobject_remove	0	mobjects	positional_or_keyword	List[Mobject]	-
manimlib.utils.family_ops:recursive_mobject_remove	1	to_remove	positional_or_keyword	Set[Mobject]	-
manimlib.utils.file_ops:find_file	0	file_name	positional_or_keyword	str	-
manimlib.utils.file_ops:find_file	1	directories	positional_or_keyword	Iterable[str] | None	None
manimlib.utils.file_ops:find_file	2	extensions	positional_or_keyword	Iterable[str] | None	None
manimlib.utils.file_ops:guarantee_existence	0	path	positional_or_keyword	str | Path	-
manimlib.utils.images:get_full_raster_image_path	0	image_file_name	positional_or_keyword	str	-
manimlib.utils.images:get_full_three_d_model_path	0	model_file_name	positional_or_keyword	str	-
manimlib.utils.images:get_full_vector_image_path	0	image_file_name	positional_or_keyword	str	-
manimlib.utils.images:invert_image	0	image	positional_or_keyword	Iterable	-
manimlib.utils.iterables:adjacent_n_tuples	0	objects	positional_or_keyword	Sequence[T]	-
manimlib.utils.iterables:adjacent_n_tuples	1	n	positional_or_keyword	int	-
manimlib.utils.iterables:adjacent_pairs	0	objects	positional_or_keyword	Sequence[T]	-
manimlib.utils.iterables:array_is_constant	0	arr	positional_or_keyword	np.ndarray	-
manimlib.utils.iterables:arrays_match	0	arr1	positional_or_keyword	np.ndarray	-
manimlib.utils.iterables:arrays_match	1	arr2	positional_or_keyword	np.ndarray	-
manimlib.utils.iterables:batch_by_property	0	items	positional_or_keyword	Iterable[T]	-
manimlib.utils.iterables:batch_by_property	1	property_func	positional_or_keyword	Callable[[T], S]	-
manimlib.utils.iterables:cartesian_product	0	arrays	var_positional	np.ndarray	-
manimlib.utils.iterables:hash_obj	0	obj	positional_or_keyword	object	-
manimlib.utils.iterables:list_difference_update	0	l1	positional_or_keyword	Iterable[T]	-
manimlib.utils.iterables:list_difference_update	1	l2	positional_or_keyword	Iterable[T]	-
manimlib.utils.iterables:list_update	0	l1	positional_or_keyword	Iterable[T]	-
manimlib.utils.iterables:list_update	1	l2	positional_or_keyword	Iterable[T]	-
manimlib.utils.iterables:listify	0	obj	positional_or_keyword	object	-
manimlib.utils.iterables:make_even	0	iterable_1	positional_or_keyword	Sequence[T]	-
manimlib.utils.iterables:make_even	1	iterable_2	positional_or_keyword	Sequence[S]	-
manimlib.utils.iterables:remove_list_redundancies	0	lst	positional_or_keyword	Sequence[T]	-
manimlib.utils.iterables:resize_array	0	nparray	positional_or_keyword	np.ndarray	-
manimlib.utils.iterables:resize_array	1	length	positional_or_keyword	int	-
manimlib.utils.iterables:resize_preserving_order	0	nparray	positional_or_keyword	np.ndarray	-
manimlib.utils.iterables:resize_preserving_order	1	length	positional_or_keyword	int	-
manimlib.utils.iterables:resize_with_interpolation	0	nparray	positional_or_keyword	np.ndarray	-
manimlib.utils.iterables:resize_with_interpolation	1	length	positional_or_keyword	int	-
manimlib.utils.iterables:shuffled	0	iterable	positional_or_keyword	Iterable	-
manimlib.utils.paths:path_along_arc	0	arc_angle	positional_or_keyword	float | Tuple[float, float] | np.ndarray	-
manimlib.utils.paths:path_along_arc	1	axis	positional_or_keyword	Vect3	OUT
manimlib.utils.paths:straight_path	0	start_points	positional_or_keyword	np.ndarray	-
manimlib.utils.paths:straight_path	1	end_points	positional_or_keyword	np.ndarray	-
manimlib.utils.paths:straight_path	2	alpha	positional_or_keyword	float	-
manimlib.utils.rate_functions:double_smooth	0	t	positional_or_keyword	float	-
manimlib.utils.rate_functions:exponential_decay	0	t	positional_or_keyword	float	-
manimlib.utils.rate_functions:exponential_decay	1	half_life	positional_or_keyword	float	0.1
manimlib.utils.rate_functions:linear	0	t	positional_or_keyword	float	-
manimlib.utils.rate_functions:lingering	0	t	positional_or_keyword	float	-
manimlib.utils.rate_functions:not_quite_there	0	func	positional_or_keyword	Callable[[float], float]	smooth
manimlib.utils.rate_functions:not_quite_there	1	proportion	positional_or_keyword	float	0.7
manimlib.utils.rate_functions:overshoot	0	t	positional_or_keyword	float	-
manimlib.utils.rate_functions:overshoot	1	pull_factor	positional_or_keyword	float	1.5
manimlib.utils.rate_functions:running_start	0	t	positional_or_keyword	float	-
manimlib.utils.rate_functions:running_start	1	pull_factor	positional_or_keyword	float	-0.5
manimlib.utils.rate_functions:rush_from	0	t	positional_or_keyword	float	-
manimlib.utils.rate_functions:rush_into	0	t	positional_or_keyword	float	-
manimlib.utils.rate_functions:slow_into	0	t	positional_or_keyword	float	-
manimlib.utils.rate_functions:smooth	0	t	positional_or_keyword	float	-
manimlib.utils.rate_functions:squish_rate_func	0	func	positional_or_keyword	Callable[[float], float]	-
manimlib.utils.rate_functions:squish_rate_func	1	a	positional_or_keyword	float	0.4
manimlib.utils.rate_functions:squish_rate_func	2	b	positional_or_keyword	float	0.6
manimlib.utils.rate_functions:there_and_back	0	t	positional_or_keyword	float	-
manimlib.utils.rate_functions:there_and_back_with_pause	0	t	positional_or_keyword	float	-
manimlib.utils.rate_functions:there_and_back_with_pause	1	pause_ratio	positional_or_keyword	float	1.0 / 3
manimlib.utils.rate_functions:wiggle	0	t	positional_or_keyword	float	-
manimlib.utils.rate_functions:wiggle	1	wiggles	positional_or_keyword	float	2
manimlib.utils.shaders:get_colormap_code	0	rgb_list	positional_or_keyword	Sequence[float]	-
manimlib.utils.shaders:get_shader_code_from_file	0	filename	positional_or_keyword	str	-
manimlib.utils.shaders:get_shader_program	0	ctx	positional_or_keyword	moderngl.context.Context	-
manimlib.utils.shaders:get_shader_program	1	vertex_shader	positional_or_keyword	str	-
manimlib.utils.shaders:get_shader_program	2	fragment_shader	positional_or_keyword	Optional[str]	None
manimlib.utils.shaders:get_shader_program	3	geometry_shader	positional_or_keyword	Optional[str]	None
manimlib.utils.shaders:image_path_to_texture	0	path	positional_or_keyword	str	-
manimlib.utils.shaders:image_path_to_texture	1	ctx	positional_or_keyword	moderngl.Context	-
manimlib.utils.shaders:set_program_uniform	0	program	positional_or_keyword	moderngl.Program	-
manimlib.utils.shaders:set_program_uniform	1	name	positional_or_keyword	str	-
manimlib.utils.shaders:set_program_uniform	2	value	positional_or_keyword	float | tuple | np.ndarray	-
manimlib.utils.simple_functions:arr_clip	0	arr	positional_or_keyword	np.ndarray	-
manimlib.utils.simple_functions:arr_clip	1	min_a	positional_or_keyword	float	-
manimlib.utils.simple_functions:arr_clip	2	max_a	positional_or_keyword	float	-
manimlib.utils.simple_functions:binary_search	0	function	positional_or_keyword	Callable[[float], float]	-
manimlib.utils.simple_functions:binary_search	1	target	positional_or_keyword	float	-
manimlib.utils.simple_functions:binary_search	2	lower_bound	positional_or_keyword	float	-
manimlib.utils.simple_functions:binary_search	3	upper_bound	positional_or_keyword	float	-
manimlib.utils.simple_functions:binary_search	4	tolerance	positional_or_keyword	float	0.0001
manimlib.utils.simple_functions:choose	0	n	positional_or_keyword	int	-
manimlib.utils.simple_functions:choose	1	k	positional_or_keyword	int	-
manimlib.utils.simple_functions:clip	0	a	positional_or_keyword	float	-
manimlib.utils.simple_functions:clip	1	min_a	positional_or_keyword	float	-
manimlib.utils.simple_functions:clip	2	max_a	positional_or_keyword	float	-
manimlib.utils.simple_functions:fdiv	0	a	positional_or_keyword	Scalable	-
manimlib.utils.simple_functions:fdiv	1	b	positional_or_keyword	Scalable	-
manimlib.utils.simple_functions:fdiv	2	zero_over_zero_value	positional_or_keyword	Scalable | None	None
manimlib.utils.simple_functions:gen_choose	0	n	positional_or_keyword	int	-
manimlib.utils.simple_functions:gen_choose	1	r	positional_or_keyword	int	-
manimlib.utils.simple_functions:get_num_args	0	function	positional_or_keyword	Callable	-
manimlib.utils.simple_functions:get_parameters	0	function	positional_or_keyword	Callable	-
manimlib.utils.simple_functions:hash_string	0	string	positional_or_keyword	str	-
manimlib.utils.simple_functions:hash_string	1	n_bytes	positional_or_keyword	-	16
manimlib.utils.simple_functions:sigmoid	0	x	positional_or_keyword	float | FloatArray	-
manimlib.utils.sounds:get_full_sound_file_path	0	sound_file_name	positional_or_keyword	str	-
manimlib.utils.sounds:play_sound	0	sound_file	positional_or_keyword	-	-
manimlib.utils.space_ops:R3_to_complex	0	point	positional_or_keyword	Vect3	-
manimlib.utils.space_ops:angle_axis_from_quaternion	0	quat	positional_or_keyword	Vect4	-
manimlib.utils.space_ops:angle_between_vectors	0	v1	positional_or_keyword	VectN	-
manimlib.utils.space_ops:angle_between_vectors	1	v2	positional_or_keyword	VectN	-
manimlib.utils.space_ops:angle_of_vector	0	vector	positional_or_keyword	Vect2 | Vect3	-
manimlib.utils.space_ops:center_of_mass	0	points	positional_or_keyword	Sequence[Vect3]	-
manimlib.utils.space_ops:compass_directions	0	n	positional_or_keyword	int	4
manimlib.utils.space_ops:compass_directions	1	start_vect	positional_or_keyword	Vect3	RIGHT
manimlib.utils.space_ops:complex_func_to_R3_func	0	complex_func	positional_or_keyword	Callable[[complex], complex]	-
manimlib.utils.space_ops:complex_to_R3	0	complex_num	positional_or_keyword	complex	-
manimlib.utils.space_ops:cross	0	v1	positional_or_keyword	Vect3 | List[float]	-
manimlib.utils.space_ops:cross	1	v2	positional_or_keyword	Vect3 | List[float]	-
manimlib.utils.space_ops:cross	2	out	positional_or_keyword	np.ndarray | None	None
manimlib.utils.space_ops:cross2d	0	a	positional_or_keyword	Vect2 | Vect2Array	-
manimlib.utils.space_ops:cross2d	1	b	positional_or_keyword	Vect2 | Vect2Array	-
manimlib.utils.space_ops:earclip_triangulation	0	verts	positional_or_keyword	Vect3Array | Vect2Array	-
manimlib.utils.space_ops:earclip_triangulation	1	ring_ends	positional_or_keyword	list[int]	-
manimlib.utils.space_ops:find_intersection	0	p0	positional_or_keyword	Vect3 | Vect3Array	-
manimlib.utils.space_ops:find_intersection	1	v0	positional_or_keyword	Vect3 | Vect3Array	-
manimlib.utils.space_ops:find_intersection	2	p1	positional_or_keyword	Vect3 | Vect3Array	-
manimlib.utils.space_ops:find_intersection	3	v1	positional_or_keyword	Vect3 | Vect3Array	-
manimlib.utils.space_ops:find_intersection	4	threshold	positional_or_keyword	float	1e-05
manimlib.utils.space_ops:get_closest_point_on_line	0	a	positional_or_keyword	VectN	-
manimlib.utils.space_ops:get_closest_point_on_line	1	b	positional_or_keyword	VectN	-
manimlib.utils.space_ops:get_closest_point_on_line	2	p	positional_or_keyword	VectN	-
manimlib.utils.space_ops:get_dist	0	vect1	positional_or_keyword	VectN	-
manimlib.utils.space_ops:get_dist	1	vect2	positional_or_keyword	VectN	-
manimlib.utils.space_ops:get_norm	0	vect	positional_or_keyword	VectN | List[float]	-
manimlib.utils.space_ops:get_unit_normal	0	v1	positional_or_keyword	Vect3	-
manimlib.utils.space_ops:get_unit_normal	1	v2	positional_or_keyword	Vect3	-
manimlib.utils.space_ops:get_unit_normal	2	tol	positional_or_keyword	float	1e-06
manimlib.utils.space_ops:get_winding_number	0	points	positional_or_keyword	Sequence[Vect2 | Vect3]	-
manimlib.utils.space_ops:is_inside_triangle	0	p	positional_or_keyword	Vect2	-
manimlib.utils.space_ops:is_inside_triangle	1	a	positional_or_keyword	Vect2	-
manimlib.utils.space_ops:is_inside_triangle	2	b	positional_or_keyword	Vect2	-
manimlib.utils.space_ops:is_inside_triangle	3	c	positional_or_keyword	Vect2	-
manimlib.utils.space_ops:line_intersection	0	line1	positional_or_keyword	Tuple[Vect3, Vect3]	-
manimlib.utils.space_ops:line_intersection	1	line2	positional_or_keyword	Tuple[Vect3, Vect3]	-
manimlib.utils.space_ops:line_intersects_path	0	start	positional_or_keyword	Vect2 | Vect3	-
manimlib.utils.space_ops:line_intersects_path	1	end	positional_or_keyword	Vect2 | Vect3	-
manimlib.utils.space_ops:line_intersects_path	2	path	positional_or_keyword	Vect2Array | Vect3Array	-
manimlib.utils.space_ops:midpoint	0	point1	positional_or_keyword	VectN	-
manimlib.utils.space_ops:midpoint	1	point2	positional_or_keyword	VectN	-
manimlib.utils.space_ops:norm_squared	0	v	positional_or_keyword	VectN | List[float]	-
manimlib.utils.space_ops:normalize	0	vect	positional_or_keyword	VectN | List[float]	-
manimlib.utils.space_ops:normalize	1	fall_back	positional_or_keyword	VectN | List[float] | None	None
manimlib.utils.space_ops:normalize_along_axis	0	array	positional_or_keyword	np.ndarray	-
manimlib.utils.space_ops:normalize_along_axis	1	axis	positional_or_keyword	int	-
manimlib.utils.space_ops:poly_line_length	0	points	positional_or_keyword	-	-
manimlib.utils.space_ops:project_along_vector	0	point	positional_or_keyword	Vect3	-
manimlib.utils.space_ops:project_along_vector	1	vector	positional_or_keyword	Vect3	-
manimlib.utils.space_ops:quaternion_conjugate	0	quaternion	positional_or_keyword	Vect4	-
manimlib.utils.space_ops:quaternion_from_angle_axis	0	angle	positional_or_keyword	float	-
manimlib.utils.space_ops:quaternion_from_angle_axis	1	axis	positional_or_keyword	Vect3	-
manimlib.utils.space_ops:quaternion_mult	0	quats	var_positional	Vect4	-
manimlib.utils.space_ops:rotate_vector	0	vector	positional_or_keyword	Vect3	-
manimlib.utils.space_ops:rotate_vector	1	angle	positional_or_keyword	float	-
manimlib.utils.space_ops:rotate_vector	2	axis	positional_or_keyword	Vect3	OUT
manimlib.utils.space_ops:rotate_vector_2d	0	vector	positional_or_keyword	Vect2	-
manimlib.utils.space_ops:rotate_vector_2d	1	angle	positional_or_keyword	float	-
manimlib.utils.space_ops:rotation_about_z	0	angle	positional_or_keyword	float	-
manimlib.utils.space_ops:rotation_between_vectors	0	v1	positional_or_keyword	Vect3	-
manimlib.utils.space_ops:rotation_between_vectors	1	v2	positional_or_keyword	Vect3	-
manimlib.utils.space_ops:rotation_matrix	0	angle	positional_or_keyword	float	-
manimlib.utils.space_ops:rotation_matrix	1	axis	positional_or_keyword	Vect3	-
manimlib.utils.space_ops:rotation_matrix_from_quaternion	0	quat	positional_or_keyword	Vect4	-
manimlib.utils.space_ops:rotation_matrix_transpose	0	angle	positional_or_keyword	float	-
manimlib.utils.space_ops:rotation_matrix_transpose	1	axis	positional_or_keyword	Vect3	-
manimlib.utils.space_ops:rotation_matrix_transpose_from_quaternion	0	quat	positional_or_keyword	Vect4	-
manimlib.utils.space_ops:thick_diagonal	0	dim	positional_or_keyword	int	-
manimlib.utils.space_ops:thick_diagonal	1	thickness	positional_or_keyword	int	2
manimlib.utils.space_ops:tri_area	0	a	positional_or_keyword	Vect2	-
manimlib.utils.space_ops:tri_area	1	b	positional_or_keyword	Vect2	-
manimlib.utils.space_ops:tri_area	2	c	positional_or_keyword	Vect2	-
manimlib.utils.space_ops:z_to_vector	0	vector	positional_or_keyword	Vect3	-
manimlib.utils.svg_export:_get_path_data	0	mob	positional_or_keyword	-	-
manimlib.utils.svg_export:vmobject_to_svg	0	vmobject	positional_or_keyword	-	-
manimlib.utils.svg_export:vmobject_to_svg	1	filename	positional_or_keyword	str | None	None
manimlib.utils.svg_export:vmobject_to_svg	2	pixel_width	positional_or_keyword	int	1920
manimlib.utils.svg_export:vmobject_to_svg	3	pixel_height	positional_or_keyword	int	1080
manimlib.utils.tex:num_tex_symbols	0	tex	positional_or_keyword	str	-
manimlib.utils.tex:remove_tex_environments	0	tex	positional_or_keyword	str	-
manimlib.utils.tex_file_writing:full_tex_to_svg	0	full_tex	positional_or_keyword	str	-
manimlib.utils.tex_file_writing:full_tex_to_svg	1	compiler	positional_or_keyword	str	'latex'
manimlib.utils.tex_file_writing:full_tex_to_svg	2	message	positional_or_keyword	str	''
manimlib.utils.tex_file_writing:get_full_tex	0	content	positional_or_keyword	str	-
manimlib.utils.tex_file_writing:get_full_tex	1	preamble	positional_or_keyword	str	''
manimlib.utils.tex_file_writing:get_tex_config	0	template	positional_or_keyword	str	''
manimlib.utils.tex_file_writing:get_tex_template_config	0	template_name	positional_or_keyword	str	-
manimlib.utils.tex_file_writing:latex_to_svg	0	latex	positional_or_keyword	str	-
manimlib.utils.tex_file_writing:latex_to_svg	1	template	positional_or_keyword	str	''
manimlib.utils.tex_file_writing:latex_to_svg	2	additional_preamble	positional_or_keyword	str	''
manimlib.utils.tex_file_writing:latex_to_svg	3	short_tex	positional_or_keyword	str	''
manimlib.utils.tex_file_writing:latex_to_svg	4	show_message_during_execution	positional_or_keyword	bool	True
manimlib.window:Window.__init__	0	self	positional_or_keyword	-	-
manimlib.window:Window.__init__	1	scene	positional_or_keyword	Optional[Scene]	None
manimlib.window:Window.__init__	2	position_string	positional_or_keyword	str	'UR'
manimlib.window:Window.__init__	3	monitor_index	positional_or_keyword	int	1
manimlib.window:Window.__init__	4	full_screen	positional_or_keyword	bool	False
manimlib.window:Window.__init__	5	size	positional_or_keyword	Optional[tuple[int, int]]	None
manimlib.window:Window.__init__	6	position	positional_or_keyword	Optional[tuple[int, int]]	None
manimlib.window:Window.__init__	7	samples	positional_or_keyword	int	0
manimlib.window:Window.focus	0	self	positional_or_keyword	-	-
manimlib.window:Window.get_default_size	0	self	positional_or_keyword	-	-
manimlib.window:Window.get_default_size	1	full_screen	positional_or_keyword	-	False
manimlib.window:Window.get_monitor	0	self	positional_or_keyword	-	-
manimlib.window:Window.get_monitor	1	index	positional_or_keyword	-	-
manimlib.window:Window.has_undrawn_event	0	self	positional_or_keyword	-	-
manimlib.window:Window.init_for_scene	0	self	positional_or_keyword	-	-
manimlib.window:Window.init_for_scene	1	scene	positional_or_keyword	Scene	-
manimlib.window:Window.is_key_pressed	0	self	positional_or_keyword	-	-
manimlib.window:Window.is_key_pressed	1	symbol	positional_or_keyword	int	-
manimlib.window:Window.note_undrawn_event	0	func	positional_or_keyword	Callable[..., T]	-
manimlib.window:Window.on_close	0	self	positional_or_keyword	-	-
manimlib.window:Window.on_hide	0	self	positional_or_keyword	-	-
manimlib.window:Window.on_key_press	0	self	positional_or_keyword	-	-
manimlib.window:Window.on_key_press	1	symbol	positional_or_keyword	int	-
manimlib.window:Window.on_key_press	2	modifiers	positional_or_keyword	int	-
manimlib.window:Window.on_key_release	0	self	positional_or_keyword	-	-
manimlib.window:Window.on_key_release	1	symbol	positional_or_keyword	int	-
manimlib.window:Window.on_key_release	2	modifiers	positional_or_keyword	int	-
manimlib.window:Window.on_mouse_drag	0	self	positional_or_keyword	-	-
manimlib.window:Window.on_mouse_drag	1	x	positional_or_keyword	int	-
manimlib.window:Window.on_mouse_drag	2	y	positional_or_keyword	int	-
manimlib.window:Window.on_mouse_drag	3	dx	positional_or_keyword	int	-
manimlib.window:Window.on_mouse_drag	4	dy	positional_or_keyword	int	-
manimlib.window:Window.on_mouse_drag	5	buttons	positional_or_keyword	int	-
manimlib.window:Window.on_mouse_drag	6	modifiers	positional_or_keyword	int	-
manimlib.window:Window.on_mouse_motion	0	self	positional_or_keyword	-	-
manimlib.window:Window.on_mouse_motion	1	x	positional_or_keyword	int	-
manimlib.window:Window.on_mouse_motion	2	y	positional_or_keyword	int	-
manimlib.window:Window.on_mouse_motion	3	dx	positional_or_keyword	int	-
manimlib.window:Window.on_mouse_motion	4	dy	positional_or_keyword	int	-
manimlib.window:Window.on_mouse_press	0	self	positional_or_keyword	-	-
manimlib.window:Window.on_mouse_press	1	x	positional_or_keyword	int	-
manimlib.window:Window.on_mouse_press	2	y	positional_or_keyword	int	-
manimlib.window:Window.on_mouse_press	3	button	positional_or_keyword	int	-
manimlib.window:Window.on_mouse_press	4	mods	positional_or_keyword	int	-
manimlib.window:Window.on_mouse_release	0	self	positional_or_keyword	-	-
manimlib.window:Window.on_mouse_release	1	x	positional_or_keyword	int	-
manimlib.window:Window.on_mouse_release	2	y	positional_or_keyword	int	-
manimlib.window:Window.on_mouse_release	3	button	positional_or_keyword	int	-
manimlib.window:Window.on_mouse_release	4	mods	positional_or_keyword	int	-
manimlib.window:Window.on_mouse_scroll	0	self	positional_or_keyword	-	-
manimlib.window:Window.on_mouse_scroll	1	x	positional_or_keyword	int	-
manimlib.window:Window.on_mouse_scroll	2	y	positional_or_keyword	int	-
manimlib.window:Window.on_mouse_scroll	3	x_offset	positional_or_keyword	float	-
manimlib.window:Window.on_mouse_scroll	4	y_offset	positional_or_keyword	float	-
manimlib.window:Window.on_resize	0	self	positional_or_keyword	-	-
manimlib.window:Window.on_resize	1	width	positional_or_keyword	int	-
manimlib.window:Window.on_resize	2	height	positional_or_keyword	int	-
manimlib.window:Window.on_show	0	self	positional_or_keyword	-	-
manimlib.window:Window.pixel_coords_to_space_coords	0	self	positional_or_keyword	-	-
manimlib.window:Window.pixel_coords_to_space_coords	1	px	positional_or_keyword	int	-
manimlib.window:Window.pixel_coords_to_space_coords	2	py	positional_or_keyword	int	-
manimlib.window:Window.pixel_coords_to_space_coords	3	relative	positional_or_keyword	bool	False
manimlib.window:Window.position_from_string	0	self	positional_or_keyword	-	-
manimlib.window:Window.position_from_string	1	position_string	positional_or_keyword	-	-
manimlib.window:Window.swap_buffers	0	self	positional_or_keyword	-	-
manimlib.window:Window.to_default_position	0	self	positional_or_keyword	-	-

[flags]
# options	dest	action	nargs	default	type	help
--autoreload	-	store_true	-	-	-	Automatically reload Python modules to pick up code changes across different files
--clear-cache	-	store_true	-	-	-	Erase the cache used for Tex and Text Mobjects
--config_file	-	store	-	-	-	Path to the custom configuration file
--file_name	-	store	-	-	-	Name for the movie or image file
--finder	-	store_true	-	-	-	Show the output file in finder
--fps	-	store	-	-	int	Frame rate, as an integer
--hd	-	store_true	-	-	-	Render at a 1080p
--leave_progress_bars	-	store_true	-	-	-	Leave progress bars displayed in terminal
--log-level	-	store	-	-	-	Level of messages to Display, can be DEBUG / INFO / WARNING / ERROR / CRITICAL
--pix_fmt	-	store	-	-	-	Pixel format to use for the output of ffmpeg, defaults to `yuv420p`
--prerun	-	store_true	-	-	-	Calculate total framecount, to display in a progress bar, by doing an initial run of the scene which skips animations.
--show_animation_progress	-	store_true	-	-	-	Show progress bar for each animation
--subdivide	-	store_true	-	-	-	Divide the output animation into individual movie files for each animation
--uhd	-	store_true	-	-	-	Render at a 4k
--vcodec	-	store	-	-	-	Video codec to use with ffmpeg
--video_dir	-	store	-	-	-	Directory to write video
-a,--write_all	-	store_true	-	-	-	Write all the scenes from a file
-c,--color	-	store	-	-	-	Background color
-e,--embed	-	store	-	-	-	Adds a breakpoint at the inputted file dropping into an interactive iPython session at that point of the code.
-f,--full_screen	-	store_true	-	-	-	Show window in full screen
-i,--gif	-	store_true	-	-	-	Save the video as gif
-l,--low_quality	-	store_true	-	-	-	Render at 480p
-m,--medium_quality	-	store_true	-	-	-	Render at 720p
-n,--start_at_animation_number	-	store	-	-	-	Start rendering not from the first animation, but from another, specified by its index. If you pass in two comma separated values, e.g. "3,6", it will end the rendering at the second value
-o,--open	-	store_true	-	-	-	Automatically open the saved file once its done
-p,--presenter_mode	-	store_true	-	-	-	Scene will stay paused during wait calls until space bar or right arrow is hit, like a slide show
-q,--quiet	-	store_true	-	-	-	-
-r,--resolution	-	store	-	-	-	Resolution, passed as "WxH", e.g. "1920x1080"
-s,--skip_animations	-	store_true	-	-	-	Save the last frame
-t,--transparent	-	store_true	-	-	-	Render to a movie file with an alpha channel
-v,--version	-	store_true	-	-	-	Display the version of manimgl
-w,--write_file	-	store_true	-	-	-	Render the scene as a movie file
file	-	store	'?'	-	-	Path to file holding the python code for the scene
scene_names	-	store	'*'	-	-	Name of the Scene class you want to see

[config]
# path	kind	default	reference
directories	map	-	1
directories.mirror_module_path	bool	False	1
directories.base	string	""	1
directories.subdirs	map	-	1
directories.subdirs.output	string	"videos"	1
directories.subdirs.raster_images	string	"raster_images"	1
directories.subdirs.vector_images	string	"vector_images"	1
directories.subdirs.three_d_models	string	"three_d_models"	1
directories.subdirs.sounds	string	"sounds"	1
directories.subdirs.data	string	"data"	1
directories.subdirs.downloads	string	"downloads"	1
directories.subdirs.latex_cache	string	"latex_cache"	1
directories.cache	string	""	1
window	map	-	1
window.position_string	string	UR	1
window.monitor_index	int	0	1
window.full_screen	bool	False	1
camera	map	-	1
camera.resolution	tuple	(1920, 1080)	1
camera.background_color	string	"	1
camera.fps	int	30	1
camera.background_opacity	float	1.0	1
file_writer	map	-	1
file_writer.ffmpeg_bin	string	"ffmpeg"	1
file_writer.video_codec	string	"libx264"	1
file_writer.pixel_format	string	"yuv420p"	1
file_writer.saturation	float	1.0	1
file_writer.gamma	float	1.0	1
scene	map	-	1
scene.show_animation_progress	bool	False	1
scene.leave_progress_bars	bool	False	1
scene.preview_while_skipping	bool	True	1
scene.default_wait_time	float	1.0	1
vmobject	map	-	1
vmobject.default_stroke_width	float	4.0	1
vmobject.default_stroke_color	string	"	1
vmobject.default_fill_color	string	"	1
mobject	map	-	1
mobject.default_mobject_color	string	"	1
mobject.default_light_color	string	"	1
tex	map	-	1
tex.template	string	"default"	1
tex.font_size_for_unit_height	int	144	1
text	map	-	1
text.font	string	"Computer Modern"	1
text.alignment	string	"LEFT"	1
text.font_size_for_unit_height	int	144	1
embed	map	-	1
embed.exception_mode	string	"Verbose"	1
embed.autoreload	bool	False	1
resolution_options	map	-	1
resolution_options.low	tuple	(854, 480)	1
resolution_options.med	tuple	(1280, 720)	1
resolution_options.high	tuple	(1920, 1080)	1
resolution_options.4k	tuple	(3840, 2160)	1
sizes	map	-	1
sizes.frame_height	float	8.0	1
sizes.small_buff	float	0.1	1
sizes.med_small_buff	float	0.25	1
sizes.med_large_buff	float	0.5	1
sizes.large_buff	float	1.0	1
sizes.default_mobject_to_edge_buff	float	0.5	1
sizes.default_mobject_to_mobject_buff	float	0.25	1
key_bindings	map	-	1
key_bindings.pan_3d	string	"d"	1
key_bindings.pan	string	"f"	1
key_bindings.reset	string	"r"	1
key_bindings.quit	string	"q"	1
key_bindings.select	string	"s"	1
key_bindings.unselect	string	"u"	1
key_bindings.grab	string	"g"	1
key_bindings.x_grab	string	"h"	1
key_bindings.y_grab	string	"v"	1
key_bindings.z_grab	string	"z"	1
key_bindings.resize	string	"t"	1
key_bindings.color	string	"c"	1
key_bindings.information	string	"i"	1
key_bindings.cursor	string	"k"	1
colors	map	-	1
colors.blue_e	string	"	1
colors.blue_d	string	"	1
colors.blue_c	string	"	1
colors.blue_b	string	"	1
colors.blue_a	string	"	1
colors.teal_e	string	"	1
colors.teal_d	string	"	1
colors.teal_c	string	"	1
colors.teal_b	string	"	1
colors.teal_a	string	"	1
colors.green_e	string	"	1
colors.green_d	string	"	1
colors.green_c	string	"	1
colors.green_b	string	"	1
colors.green_a	string	"	1
colors.yellow_e	string	"	1
colors.yellow_d	string	"	1
colors.yellow_c	string	"	1
colors.yellow_b	string	"	1
colors.yellow_a	string	"	1
colors.gold_e	string	"	1
colors.gold_d	string	"	1
colors.gold_c	string	"	1
colors.gold_b	string	"	1
colors.gold_a	string	"	1
colors.red_e	string	"	1
colors.red_d	string	"	1
colors.red_c	string	"	1
colors.red_b	string	"	1
colors.red_a	string	"	1
colors.maroon_e	string	"	1
colors.maroon_d	string	"	1
colors.maroon_c	string	"	1
colors.maroon_b	string	"	1
colors.maroon_a	string	"	1
colors.purple_e	string	"	1
colors.purple_d	string	"	1
colors.purple_c	string	"	1
colors.purple_b	string	"	1
colors.purple_a	string	"	1
colors.grey_e	string	"	1
colors.grey_d	string	"	1
colors.grey_c	string	"	1
colors.grey_b	string	"	1
colors.grey_a	string	"	1
colors.white	string	"	1
colors.black	string	"	1
colors.grey_brown	string	"	1
colors.dark_brown	string	"	1
colors.light_brown	string	"	1
colors.pink	string	"	1
colors.light_pink	string	"	1
colors.green_screen	string	"	1
colors.orange	string	"	1
colors.pure_red	string	"	1
colors.pure_green	string	"	1
colors.pure_blue	string	"	1
log_level	string	"INFO"	1
universal_import_line	string	"from manimlib import *"	1
ignore_manimlib_modules_on_reload	bool	True	1
determinism	map	-	0
determinism.mode	string	"standard"	0
determinism.seed	int	0	0
render	map	-	0
render.engine	string	"cpu"	0
render.aa	string	"adaptive"	0
render.threads	string	"auto"	0
